id,group,average_speed,average_distance_per_frame,maximal_distance_traveled,average_change_in_pixels,average_angular_speed,total_distance_traveled,distance_traveled_bin,average_acceleration,time_elapsed_(hours),std_speed,std/mean,roaming_fraction,lifespan,drugged,worm_id
0,0.0,7.819095252142663,15.638190504285326,14053.724597111972,-0.16796440489432704,1.3671359611122178,14053.724597111972,14053.724597111972,8.336794632243745,0.5,25.670035981728315,3.2829931282259244,0.6262513904338154,228.445,1,1
1,1.0,1.544859716945217,3.089719433890434,16964.249128995318,0.018909899888765295,1.2490757051477055,16964.249128995318,2910.524531883346,1.4494766148251674,6.5,8.14243495993391,5.270663006240231,0.25806451612903225,228.445,1,1
2,2.0,0.894015045080099,1.788030090160198,18734.7783248989,0.025583982202447165,1.7402990800203157,18734.7783248989,1770.5291959035821,0.73561461878568,12.5,5.933430947012813,6.636835677056429,0.03670745272525028,228.445,1,1
3,3.0,1.2722209615285325,2.544441923057065,21288.88298971019,-0.030033370411568408,1.5423103174476758,21288.88298971019,2554.1046648112897,0.8676975293666556,18.5,3.3402857520120413,2.625554721248104,0.22246941045606228,228.445,1,1
4,4.0,2.016661518299488,4.033323036598976,25038.54420049219,0.0011123470522803114,1.5299146739732374,25038.54420049219,3749.661210782,3.146168223368858,24.5,15.681272714570895,7.775857560764007,0.07452725250278086,228.445,1,1
5,5.0,2.711141169572909,5.422282339145818,30006.457146205106,0.035595105672969966,1.2162247467106322,30006.457146205106,4967.912945712917,2.6662738165266786,30.5,12.723108354428403,4.692897772059836,0.35372636262513907,228.445,1,1
6,6.0,0.38171825071349164,0.7634365014269833,30706.392292184904,-0.030033370411568408,1.703700156655764,30706.392292184904,699.9351459797981,0.35654216093346247,36.5,0.6565923761609278,1.7200968906612484,0.01668520578420467,228.445,1,1
7,7.0,0.9095771326411743,1.8191542652823487,32440.40477606016,0.15127919911012236,1.6531522572040904,32440.40477606016,1734.0124838752563,0.8197916855867483,42.5,5.151091473826122,5.663171697015621,0.1468298109010011,228.445,1,1
8,8.0,0.37449481127686307,0.7489896225537261,33174.51440966427,-0.13793103448275862,1.6603403476098366,33174.51440966427,734.1096336041082,0.38699287470248006,48.5,0.6952117127829901,1.8563987853733488,0.041156840934371525,228.445,1,1
9,9.0,1.1488112347347124,2.2976224694694247,35452.70147727517,0.27363737486095663,1.6674459470530867,35452.70147727517,2278.187067610903,0.8487526540568958,54.5,1.6886972475802433,1.4699518915918361,0.2903225806451613,228.445,1,1
10,10.0,1.2118169274538158,2.4236338549076315,38027.41819260745,-0.20133481646273638,1.3132028887555656,38027.41819260745,2574.7167153322807,0.81945354825457,60.5,1.610870177981764,1.3293015978629799,0.35372636262513907,228.445,1,1
11,11.0,0.960941083605558,1.921882167211116,40003.2139683464,-0.08453837597330367,1.5459350331574788,40003.2139683464,1975.795775738945,0.7886128147035082,66.5,2.9084028883158792,3.026619360890709,0.3181312569521691,228.445,1,1
12,12.0,1.1509648520500855,2.301929704100171,42073.012538005736,0.8609566184649611,1.4123050891649054,42073.012538005736,2069.7985696593387,1.002130547833593,72.5,5.915625724989364,5.139710143583028,0.3303670745272525,228.445,1,1
13,13.0,1.4411921411632198,2.8823842823264396,44666.65339739862,0.04004449388209121,1.4774099145789612,44666.65339739862,2593.6408593928863,1.2071865307104521,78.5,2.786774469760024,1.9336592187567394,0.3259176863181313,228.445,1,1
14,14.0,2.467834031045256,4.935668062090512,49090.00301829872,-0.5142531356898518,1.0003575142225007,49090.00301829872,4423.349620900095,1.3457573902818387,84.49555555555555,2.4068971510255466,0.9753075452995923,0.6898517673888256,228.445,1,1
15,15.0,1.783864049131158,3.567728098262316,52721.90616647402,0.9344632768361582,1.1212568579031565,52721.90616647402,3631.9031481753045,1.3385474836937257,90.5,4.746044605333564,2.660541652624904,0.488135593220339,228.445,1,1
16,16.0,1.7613325807519646,3.5226651615039293,55897.81061548567,-0.45383759733036705,1.3909491312163176,55897.81061548567,3175.9044490116503,1.3109294128608582,96.5,2.985719285958971,1.69514793434655,0.4482758620689655,228.445,1,1
17,17.0,1.5388691644495955,3.077738328899191,58667.288722661695,0.203559510567297,1.2022822052289723,58667.288722661695,2769.4781071760226,1.2067772657913962,102.5,3.562372026045441,2.3149284606788436,0.45272525027808674,228.445,1,1
18,18.0,1.8897513422594063,3.7795026845188127,62043.078828446516,-1.0660694288913775,1.1235448562994044,62043.078828446516,3375.790105784821,1.3369592444214922,108.49666666666667,2.333266947519929,1.234695219070595,0.58006718924972,228.445,1,1
19,19.0,0.6356809897135314,1.2713619794270627,63409.681152442085,1.1979977753058955,1.2735642005636125,63409.681152442085,1366.6023239955684,0.5208718692795797,114.5,1.3579133743736245,2.1361553929519994,0.12903225806451613,228.445,1,1
20,20.0,1.0131013681447933,2.0262027362895867,65231.30184076149,-0.44938820912124583,1.4005996584892744,65231.30184076149,1821.6206883194027,0.8685845598785561,120.5,1.8170334378092274,1.7935356667582107,0.3303670745272525,228.445,1,1
21,21.0,1.1193516795174843,2.2387033590349685,67244.21210581237,0.10567296996662959,1.3569187850069484,67244.21210581237,2012.9102650508867,0.8773322233459536,126.5,2.9003990695587945,2.5911419285215715,0.27697441601779754,228.445,1,1
22,22.0,1.1821207026189096,2.364241405237819,69369.90413603115,0.1724137931034483,1.3059174554159962,69369.90413603115,2125.692030218779,0.9924355647914564,132.5,2.1631801728444353,1.8299148031601629,0.40378197997775306,228.445,1,1
23,23.0,0.4711862639832116,0.9423725279664232,70217.64307273699,-1.0400444938820912,1.4145575326024316,70217.64307273699,847.7389367058349,0.5827766468738383,138.5,2.9190257709921767,6.195057016976585,0.026696329254727477,228.445,1,1
24,24.0,0.5519301006582417,1.1038602013164833,71210.94355675798,-0.014460511679644048,1.701493106932546,71210.94355675798,993.3004840209906,0.5704367252593041,144.5,3.2326923727976764,5.857068438453185,0.05116796440489433,228.445,1,1
25,25.0,0.5966400705712167,1.1932801411424334,72283.80107479377,0.23581757508342602,1.8140711149663569,72283.80107479377,1072.8575180357875,0.7804273806687381,150.5,7.495232835692851,12.562402703722189,0.020022246941045607,228.445,1,1
26,26.0,2.8676773932489033,5.7353547864978065,77014.3494356231,-0.2099514563106796,1.1298954837435409,77014.3494356231,4730.548360829329,2.2277590642667926,156.5,6.2788283786801955,2.1895169915074257,0.7135922330097088,228.445,1,1
27,27.0,0.6175539796070547,1.2351079592141094,78124.98192643933,-0.03337041156840934,1.7172090576650902,78124.98192643933,1110.632490816235,0.6493388861237372,162.5,3.249316302254949,5.261590742759793,0.047830923248053395,228.445,1,1
28,28.0,0.5530758683112851,1.1061517366225702,79119.95654080754,-0.0033370411568409346,1.5814848530900065,79119.95654080754,994.9746143682132,0.6388981005721488,168.5,3.726077886308916,6.737010417188886,0.04560622914349277,228.445,1,1
29,29.0,1.0313576122234174,2.0627152244468347,80974.70177854631,0.01668520578420467,0.8951156086226364,80974.70177854631,1854.7452377387672,1.3796087618643724,174.5,9.803316341005306,9.505254263718633,0.23915461624026696,228.445,1,1
30,30.0,1.196966503008842,2.393933006017684,83127.90546791327,-0.004449388209121246,1.242263341857765,83127.90546791327,2153.2036893669574,1.0886360633477132,180.5,3.561030857007508,2.9750463760314623,0.42269187986651835,228.445,1,1
31,31.0,0.3392899460712497,0.6785798921424994,83737.89554872805,0.020022246941045607,1.3825544073139733,83737.89554872805,609.9900808147795,0.41771310254354405,186.5,2.974110950341385,8.765691364508728,0.011123470522803115,228.445,1,1
32,32.0,0.39354224951252403,0.7870844990250481,84445.70113107095,0.04004449388209121,1.55342756963151,84445.70113107095,707.8055823429022,0.4184717348516387,192.5,2.0663316643641814,5.2505967705467995,0.012235817575083427,228.445,1,1
33,33.0,0.5865997222040207,1.1731994444080414,85502.24416073824,-0.00778642936596218,1.7582839804049013,85502.24416073824,1056.5430296672857,0.5582408307788228,198.5,2.281490062999886,3.8893473294322134,0.04560622914349277,228.445,1,1
34,34.0,0.16534792395961131,0.33069584791922263,85799.53972801779,-0.042269187986651836,1.1818200588015317,85799.53972801779,297.2955672795506,0.20283407041071544,204.5,0.9677337147041782,5.8527116127600225,0.011123470522803115,228.445,1,1
35,35.0,0.31545402010616364,0.6309080402123273,86367.20046865937,-0.04338153503893215,1.5635026429550127,86367.20046865937,567.660740641586,0.34082472112106205,210.5,1.978536662993479,6.272028685282304,0.012235817575083427,228.445,1,1
36,36.0,0.2207151481510801,0.4414302963021602,86764.04630503495,0.07897664071190211,1.5680630319925968,86764.04630503495,396.8458363755781,0.2637947534522024,216.5,1.5104562640584438,6.843464423314219,0.011123470522803115,228.445,1,1
37,37.0,0.7591141097673599,1.5182282195347199,88129.60656195466,-0.07897664071190211,1.5569006527762759,88129.60656195466,1365.5602569197072,0.7957327551444631,222.5,3.4129463243252953,4.495959540748407,0.0778642936596218,228.445,1,1
38,38.0,0.1420687814911295,0.284137562982259,88385.04623107584,0.0,0.9595894112508828,88385.04623107584,255.43966912118776,0.20347656646203546,228.5,1.6361238269092064,11.516420495317353,0.011123470522803115,228.445,1,1
39,39.0,0.2924828437146088,0.5849656874292176,88910.94506449354,0.0,1.341461521779715,88910.94506449354,525.8988334176975,0.34654558778330735,234.5,1.8424347010046556,6.299291533155421,0.025583982202447165,228.445,1,1
40,40.0,0.2172716128068221,0.4345432256136442,89301.5994243203,0.018909899888765295,1.133645699760833,89301.5994243203,390.6543598267599,0.2609083279378174,240.5,1.6408954201174757,7.552277073473048,0.011123470522803115,228.445,1,1
41,41.0,0.2560569213709667,0.5121138427419334,89761.92783282328,0.05116796440489433,1.2744443800418808,89761.92783282328,460.3284085029736,0.3022945583713834,246.5,2.1593094583645764,8.432927517847647,0.02335928809788654,228.445,1,1
42,42.0,0.2778499799926577,0.5556999599853154,90261.71645325898,-0.07007786429365963,1.5931761821257857,90261.71645325898,499.7886204357055,0.32509979113179455,252.5,2.225478386239582,8.009640260900472,0.011123470522803115,228.445,1,1
43,43.0,0.24982350673249948,0.49964701346499896,90715.73572939416,0.026589595375722544,1.4479123014644135,90715.73572939416,454.0192761351791,0.23934093431116965,258.5,0.4477072244203994,1.7920940678323978,0.011560693641618497,228.445,1,1
44,44.0,0.16957228282932868,0.33914456565865736,91020.42241387979,0.004449388209121246,1.422754725392828,91020.42241387979,304.68668448562676,0.17935684463384446,264.5,0.4703131713174606,2.7735262123635027,0.008898776418242492,228.445,1,1
45,45.0,0.1967091773931464,0.3934183547862928,91374.54986964789,-0.030033370411568408,1.1771468426630594,91374.54986964789,354.12745576810266,0.3374806100618833,270.5,3.8106367654068154,19.371931782271705,0.011123470522803115,228.445,1,1
46,46.0,0.1388886732641793,0.2777773465283586,91623.1605947906,0.08156424581005586,1.1257085340068622,91623.1605947906,248.61072514271655,0.14579539513882192,276.4977777777778,0.24810871881303784,1.7863855488137017,0.0033519553072625698,228.445,1,1
47,47.0,0.2354802448832182,0.4709604897664364,92157.45478133427,-0.04976851851851852,1.4655065648439118,92157.45478133427,534.2941865436587,0.23676347847101056,282.5,0.8452946996128071,3.5896629037056353,0.009259259259259259,228.445,1,1
48,48.0,0.1839843615138563,0.3679687230277126,92487.9334350485,-0.03337041156840934,0.9142718824350199,92487.9334350485,330.4786537142354,0.2967082463707788,288.5,3.252780166869863,17.67965570609048,0.011123470522803115,228.445,1,1
49,49.0,0.12375694399994651,0.24751388799989302,92710.44842036048,0.0,1.0391255090154294,92710.44842036048,222.51498531198013,0.19590815593983235,294.5,1.6951432816973875,13.697358927173575,0.011123470522803115,228.445,1,1
50,50.0,0.1458225621131499,0.2916451242262998,92972.63738703987,0.0,0.9487768829736178,92972.63738703987,262.1889666793868,0.21681410100721163,300.5,1.6943187140573093,11.619043648009804,0.011123470522803115,228.445,1,1
51,51.0,0.1325023667386938,0.2650047334773876,93210.87664243592,0.014460511679644048,0.7440599774685827,93210.87664243592,238.2392553960526,0.22065433185350597,306.5,2.1760875723525293,16.42300908212427,0.011123470522803115,228.445,1,1
52,52.0,0.20338740612696954,0.4067748122539391,93576.71260298108,-0.012235817575083427,1.1958724032663541,93576.71260298108,365.8359605451551,0.2103320221853487,312.5,0.6862408186635276,3.374057576776042,0.011123470522803115,228.445,1,1
53,53.0,0.1120406514828577,0.2240813029657154,93778.25622798548,-0.002224694104560623,1.0534506198652023,93778.25622798548,201.54362500440038,0.16957815815815475,318.5,1.5616586491470854,13.938321747317046,0.011123470522803115,228.445,1,1
54,54.0,0.3530067918352481,0.7060135836704962,94412.96243970531,0.0,1.622207171333219,94412.96243970531,634.7062117198366,0.4204628927085914,324.5,2.5169246693851393,7.129961030777601,0.024471635150166853,228.445,1,1
55,55.0,0.08979892241480429,0.17959784482960858,94574.42090220709,0.0,0.8140760619298686,94574.42090220709,161.4584625017742,0.13783011187848457,330.5,0.8304833656646159,9.248255361332733,0.011123470522803115,228.445,1,1
56,56.0,0.1646025780916728,0.3292051561833456,94870.33458090188,0.0,1.3792405819477243,94870.33458090188,295.9136786947929,0.17327568887158357,336.5,0.6598574288524863,4.0087915784951385,0.011123470522803115,228.445,1,1
57,57.0,0.05545065884339307,0.11090131768678614,94970.0348655023,0.0,0.8592863562878896,94970.0348655023,99.70028460041794,0.07812606375946757,342.5,0.21356046588997987,3.851360296604042,0.002224694104560623,228.445,1,1
58,58.0,0.0582922836703513,0.1165845673407026,95074.84439154166,0.0,0.9890525284528292,95074.84439154166,104.80952603936021,0.06536587510037448,348.5,0.14876516632974254,2.552055897672914,0.0,228.445,1,1
59,59.0,0.029363366032321262,0.058726732064642524,95127.34609000741,0.011185682326621925,0.7989426157220736,95127.34609000741,52.50169846575591,0.037503313315180635,354.4972222222222,0.07131911858496676,2.4288468326983823,0.0,228.445,1,1
60,0.0,0.9374506182551597,1.8749012365103195,1390.2868352798787,-0.012129380053908356,1.3650487231181174,1390.2868352798787,1390.2868352798787,1.2000467948283746,0.4127777777777778,3.059388364795966,3.263519491288284,0.3477088948787062,426.47277777777776,1,2
61,1.0,1.6341498032942041,3.2682996065884082,4495.117293428822,-0.04844290657439446,1.1082550880789726,4495.117293428822,3104.8304581489438,2.5663782881661312,6.5,13.04281715561544,7.981408515500263,0.08765859284890427,426.47277777777776,1,2
62,2.0,0.3863437079983566,0.7726874159967132,5258.33610932862,0.01568627450980392,1.158382286645325,5258.33610932862,763.2188158997978,0.3721330640949881,12.439444444444444,1.218454432605922,3.1538094380227486,0.2372549019607843,426.47277777777776,1,2
63,3.0,0.6839493488983185,1.367898697796637,6661.574239842957,0.019406392694063926,1.5261276080185548,6661.574239842957,1403.2381305143363,0.6752424193872321,18.5,2.0084334482856496,2.9365236643923462,0.5102739726027398,426.47277777777776,1,2
64,4.0,0.34030238510317423,0.6806047702063485,7320.149447477063,-0.0033370411568409346,1.6886123317204713,7320.149447477063,658.5752076341068,0.3995795849428063,24.5,0.7515214806465873,2.2083932218657183,0.1946607341490545,426.47277777777776,1,2
65,5.0,0.2914985148945655,0.582997029789131,7976.035702894878,0.01668520578420467,1.432498200627653,7976.035702894878,655.8862554178149,0.28977879679644686,30.5,0.3761025312728778,1.290238241553009,0.16240266963292546,426.47277777777776,1,2
66,6.0,0.3379654927012574,0.6759309854025148,8732.362837200324,-0.026696329254727477,1.342860810424774,8732.362837200324,756.3271343054457,0.3880937893322471,36.5,1.3001488268929544,3.8469869113004775,0.13014460511679643,426.47277777777776,1,2
67,7.0,0.723431561324976,1.446863122649952,10360.207597628407,0.013605442176870748,1.2692231608057367,10360.207597628407,1627.8447604280827,0.6577292287092508,42.5,1.2218186116177243,1.6889208004416407,0.6111111111111112,426.47277777777776,1,2
68,8.0,0.37851224866789657,0.7570244973357931,11347.896601257742,0.12569521690767518,1.5057835432394189,11347.896601257742,987.6890036293353,0.4829321417956202,48.5,2.7549015403966397,7.278236173576953,0.15350389321468297,426.47277777777776,1,2
69,9.0,0.5728031531439944,1.1456063062879889,12454.493024996958,-0.08916478555304741,1.454636673829849,12454.493024996958,1106.5964237392163,0.5822405642002849,54.5,2.412382732305265,4.211538849016822,0.345372460496614,426.47277777777776,1,2
70,10.0,0.24872458985522733,0.49744917971045466,13041.846893005251,-0.061247216035634745,1.2023502937061863,13041.846893005251,587.3538680082929,0.2724169316366131,60.49944444444444,0.6035782598520096,2.426693155684078,0.09020044543429843,426.47277777777776,1,2
71,11.0,1.232329459917103,2.464658919834206,14714.08289564741,0.019434628975265017,1.176684866773519,14714.08289564741,1672.2360026421593,1.1685088765136973,66.5,9.919729601280732,8.049575964813839,0.6413427561837456,426.47277777777776,1,2
72,12.0,0.5724678304289335,1.144935660857867,15743.609920698154,0.6418242491657397,1.4825347679459064,15743.609920698154,1029.5270250507438,0.8099519412377368,72.5,1.2181951042166335,2.127971284087484,0.4949944382647386,426.47277777777776,1,2
73,13.0,0.7672809152438314,1.5345618304876627,17123.181006306575,-0.03337041156840934,1.5622328834847674,17123.181006306575,1379.5710856084206,0.8887578221822421,78.5,2.95672155192158,3.853505923553402,0.18687430478309233,426.47277777777776,1,2
74,14.0,0.33311164452245373,0.6662232890449075,17722.537389341353,0.09232480533926585,1.401082048706041,17722.537389341353,599.3563830347775,0.3724337213323825,84.5,1.885853789582468,5.661326526984709,0.12791991101223582,426.47277777777776,1,2
75,15.0,0.2916228684080247,0.5832457368160494,18246.55782667489,-0.13459399332591768,1.3991707111277798,18246.55782667489,524.0204373335364,0.3729501942960633,90.5,0.4898417601798708,1.679709697850265,0.19021134593993325,426.47277777777776,1,2
76,16.0,0.3635744828518903,0.7271489657037806,18901.101645357176,0.13125695216907676,1.5985889097746275,18901.101645357176,654.5438186822867,0.38278202745275164,96.5,1.4539420758395483,3.999021230628669,0.20022246941045607,426.47277777777776,1,2
77,17.0,0.5468752921804102,1.0937505843608204,19884.469119088273,-0.0033370411568409346,1.3053401895851706,19884.469119088273,983.3674737310976,0.596794870226577,102.5,4.44087360673667,8.120450256640334,0.3081201334816463,426.47277777777776,1,2
78,18.0,0.47164511293603,0.94329022587206,20732.30827994109,-0.030033370411568408,1.607740585954628,20732.30827994109,847.8391608528182,0.6766786709310374,108.5,2.1803041149048226,4.622764140037937,0.185761957730812,426.47277777777776,1,2
79,19.0,0.6826856155973261,1.3653712311946522,21960.272057007132,0.05339265850945495,1.5014833646780956,21960.272057007132,1227.963777066041,0.7299988184326629,114.5,4.851196693664377,7.1060479125808875,0.38375973303670746,426.47277777777776,1,2
80,20.0,0.3386653012093378,0.6773306024186756,22563.080478801603,-0.13416009019165728,1.3877496215131422,22563.080478801603,602.8084217944706,0.5193667078500043,120.5,1.7458423298154198,5.155067033974849,0.17812852311161217,426.47277777777776,1,2
81,21.0,0.6409403177353378,1.2818806354706755,23715.336216595933,0.14349276974416017,1.36074801108224,23715.336216595933,1152.2557377943303,0.7359667548834186,126.5,4.766610008169233,7.436901496556346,0.3147942157953281,426.47277777777776,1,2
82,22.0,0.4157517565643155,0.831503513128631,24462.574437919346,0.04560622914349277,1.3855424311843443,24462.574437919346,747.2382213234123,0.5481833287596736,132.5,3.7936398599548378,9.124771693821993,0.16129032258064516,426.47277777777776,1,2
83,23.0,0.4049555513564429,0.8099111027128858,25190.765950870533,-0.8031145717463849,1.3093302703009178,25190.765950870533,728.1915129511872,0.6420122425123228,138.5,2.7864994297731855,6.881000693630452,0.1635150166852058,426.47277777777776,1,2
84,24.0,0.5214745178960091,1.0429490357920181,26128.436048894975,0.05339265850945495,1.510528072222945,26128.436048894975,937.6700980244423,0.6931789916796451,144.5,5.3903730163110675,10.336790833154382,0.3170189098998888,426.47277777777776,1,2
85,25.0,0.5832240393059062,1.1664480786118123,27177.58768249165,-0.0033370411568409346,1.6682067982345108,27177.58768249165,1049.1516335966735,0.7291856188707098,150.5,5.534527249550864,9.48953897054294,0.3581757508342603,426.47277777777776,1,2
86,26.0,0.5113444485275174,1.0226888970550347,28097.774346326427,-0.03225806451612903,1.7503335861719882,28097.774346326427,920.1866638347783,0.6339912919174018,156.5,3.3828375699655315,6.615575038913302,0.2625139043381535,426.47277777777776,1,2
87,27.0,0.4378610713329046,0.8757221426658092,28885.189147873465,0.025583982202447165,1.6217797964740845,28885.189147873465,787.4148015470382,0.561725733791291,162.5,3.7464245004372723,8.55619452314562,0.22691879866518352,426.47277777777776,1,2
88,28.0,0.23117999802377623,0.46235999604755246,29300.973703844127,-0.04004449388209121,0.8527523449340277,29300.973703844127,415.78455597066204,0.33073930227135173,168.5,2.8358619189021153,12.266900004949626,0.0778642936596218,426.47277777777776,1,2
89,29.0,0.3633489933810537,0.7266979867621074,29954.05638646176,-0.004449388209121246,1.339644025224179,29954.05638646176,653.0826826176344,0.4538874879423364,174.5,2.143969429411038,5.900578970814983,0.13348164627363737,426.47277777777776,1,2
90,30.0,0.4031914076078642,0.8063828152157284,30678.994537340735,0.027808676307007785,1.2194242248735034,30678.994537340735,724.9381508789738,0.4828722958844079,180.5,2.547673891496578,6.318770299724229,0.26028921023359286,426.47277777777776,1,2
91,31.0,0.2211492188397422,0.4422984376794844,31076.766314634722,-0.0033370411568409346,1.3653952444878548,31076.766314634722,397.7717772939868,0.25181133948407985,186.5,0.6142247390966502,2.77742215106694,0.08008898776418243,426.47277777777776,1,2
92,32.0,0.7264333807678307,1.4528667615356614,32385.49009735143,0.03337041156840934,1.4172391672403735,32385.49009735143,1308.7237827167082,0.7818111548982378,192.5,2.7670609940285615,3.8091049603252176,0.5305895439377085,426.47277777777776,1,2
93,33.0,0.4711572143624389,0.9423144287248778,33232.97944683859,0.024471635150166853,1.7397903303076672,33232.97944683859,847.4893494871576,0.6015623364504227,198.5,4.4918858097402365,9.533730298109882,0.21802002224694106,426.47277777777776,1,2
94,34.0,2.1455919229201394,4.291183845840279,37045.089990992776,-0.042269187986651836,1.261022271165529,37045.089990992776,3812.1105441541877,2.600366623043475,204.5,8.10304492323448,3.7766011498618424,0.3770856507230256,426.47277777777776,1,2
95,35.0,1.3660442008354952,2.7320884016709903,39501.29784716636,0.07563959955506118,1.5409696089788611,39501.29784716636,2456.2078561735834,1.5639805466414474,210.5,4.733538130955077,3.465142729686175,0.5628476084538376,426.47277777777776,1,2
96,36.0,0.6471377072190377,1.2942754144380755,40683.09691734783,-0.11568409343715239,1.4818248635634697,40683.09691734783,1181.7990701814706,0.6829374956224837,216.5,2.4371491108293646,3.76604404849563,0.525027808676307,426.47277777777776,1,2
97,37.0,0.28414731500751966,0.5682946300150393,41194.00664292594,0.04004449388209121,1.3956413246649173,41194.00664292594,510.9097255781089,0.41076212450763855,222.5,3.3571222775701752,11.814724617339188,0.08231368186874305,426.47277777777776,1,2
98,38.0,0.35335340613879307,0.7067068122775861,41829.72936733497,-0.04004449388209121,1.287776363953836,41829.72936733497,635.7227244090318,0.4503303117105609,228.5,2.4096929056274123,6.819498167454804,0.10122358175750834,426.47277777777776,1,2
99,39.0,0.17349402524542248,0.34698805049084497,42141.723529646086,0.0,1.507275273882237,42141.723529646086,311.99416231111536,0.22871813398797164,234.5,1.4866557833278726,8.568916314120143,0.027808676307007785,426.47277777777776,1,2
100,40.0,0.16301267397421254,0.3260253479484251,42434.81892483617,0.00778642936596218,1.367142298537962,42434.81892483617,293.09539519008104,0.2329094435334105,240.5,1.2798707097949316,7.851357066858483,0.011123470522803115,426.47277777777776,1,2
101,41.0,0.249818820452675,0.49963764090535,42883.99316401004,-0.00778642936596218,1.3414285282499292,42883.99316401004,449.1742391738735,0.35049559711445033,246.5,2.77133216299008,11.09336821768828,0.05228031145717464,426.47277777777776,1,2
102,42.0,0.2627656854606149,0.5255313709212298,43356.46344113929,0.0389321468298109,1.3740783817207354,43356.46344113929,472.47027712925046,0.3094535942272145,252.5,1.0786143594612332,4.104852418497784,0.11345939933259176,426.47277777777776,1,2
103,43.0,0.22581274494689133,0.45162548989378265,43762.51662564747,-0.0389321468298109,1.1010504979784024,43762.51662564747,406.0531845081787,0.33828638292356744,258.5,3.1297966006571563,13.860141514126008,0.04004449388209121,426.47277777777776,1,2
104,44.0,0.38338041977005477,0.7667608395401095,44451.83462039409,0.0,1.2607238073505724,44451.83462039409,689.3179947466197,0.4297230196012305,264.5,1.847300663489813,4.81845333832592,0.19132369299221358,426.47277777777776,1,2
105,45.0,0.2611625385014358,0.5223250770028716,44921.40486461976,0.0,1.2320237993167495,44921.40486461976,469.5702442256734,0.3426172047770951,270.5,2.1217548037014287,8.12426933769356,0.10901001112347053,426.47277777777776,1,2
106,46.0,0.2331237668946526,0.4662475337893052,45340.56139749621,0.002224694104560623,1.2348686864776142,45340.56139749621,419.1565328764482,0.30626373723423134,276.5,1.7381356289106635,7.4558491056646226,0.06229143492769744,426.47277777777776,1,2
107,47.0,0.10137530437221871,0.20275060874443743,45523.223595680254,-0.002224694104560623,0.9176458162262904,45523.223595680254,182.66219818404352,0.1496245461967747,282.5,1.194452021259445,11.782475314439374,0.012235817575083427,426.47277777777776,1,2
108,48.0,0.1936802543169872,0.3873605086339744,45871.460692942135,0.0,1.5687554498931804,45871.460692942135,348.237097261881,0.23427520201605856,288.5,0.8255310181298021,4.262339602150124,0.01557285873192436,426.47277777777776,1,2
109,49.0,0.1614590448068398,0.3229180896136796,46161.764055504864,0.0033370411568409346,1.0140782438677065,46161.764055504864,290.3033625627286,0.24207620890193743,294.5,1.5602394313281378,9.663375831281037,0.034482758620689655,426.47277777777776,1,2
110,50.0,0.13754765626654308,0.27509531253308617,46409.29354042804,-0.0033370411568409346,1.0779953512831082,46409.29354042804,247.52948492317955,0.17491703028467842,300.5,0.9260036474482504,6.732238647918644,0.026696329254727477,426.47277777777776,1,2
111,51.0,0.11587931594388265,0.2317586318877653,46617.64455049518,0.0,0.9954659617636671,46617.64455049518,208.35101006713376,0.16136444819203863,306.5,0.7424451717211518,6.407055182140518,0.018909899888765295,426.47277777777776,1,2
112,52.0,0.07044699872478505,0.1408939974495701,46744.308254202304,0.0,0.9947862163765213,46744.308254202304,126.66370370712684,0.09847149184198911,312.5,0.48378326123412335,6.867336721101734,0.014460511679644048,426.47277777777776,1,2
113,53.0,0.09570527939114663,0.19141055878229327,46916.386346547595,0.0011123470522803114,0.9496917227859822,46916.386346547595,172.07809234529122,0.13418420884042345,318.5,0.5766724371893376,6.025502886131103,0.011123470522803115,426.47277777777776,1,2
114,54.0,0.2971181759233264,0.5942363518466528,47450.60482685768,-0.0011123470522803114,1.1074743530037332,47450.60482685768,534.2184803100827,0.3672124248251695,324.5,2.10868667294872,7.09713118827467,0.05005561735261402,426.47277777777776,1,2
115,55.0,0.05204822407959561,0.10409644815919122,47544.187533752825,0.0011123470522803114,0.8809462592937851,47544.187533752825,93.58270689514757,0.07487373569258488,330.5,0.49439516488581575,9.498790278218786,0.011123470522803115,426.47277777777776,1,2
116,56.0,0.05768034080501891,0.11536068161003782,47648.13031485831,-0.0011123470522803114,0.8726841099211649,47648.13031485831,103.94278110548476,0.0802030175130113,336.5,0.3199423355078256,5.546817703268261,0.011123470522803115,426.47277777777776,1,2
117,57.0,0.06744682478086352,0.13489364956172703,47769.399705814314,0.0,0.8229109441809435,47769.399705814314,121.26939095600392,0.1021474854983194,342.5,0.6414308894936152,9.510171777213246,0.011123470522803115,426.47277777777776,1,2
118,58.0,0.054444922645892624,0.10888984529178525,47867.29167673164,0.0,0.7861015556724615,47867.29167673164,97.89197091732785,0.07076412739339209,348.5,0.15372445684854388,2.8234856324135307,0.010011123470522803,426.47277777777776,1,2
119,59.0,0.062322686843140976,0.12464537368628195,47979.3478676756,0.0,0.8627195197797133,47979.3478676756,112.05619094395661,0.09040849713764022,354.5,0.3903154955843113,6.262815603035383,0.010011123470522803,426.47277777777776,1,2
120,60.0,0.058382899514499306,0.11676579902899861,48084.32032100265,0.0011123470522803114,0.8381566033936988,48084.32032100265,104.97245332704915,0.07807873695492262,360.5,0.18399047572495897,3.151444639697369,0.011123470522803115,426.47277777777776,1,2
121,61.0,0.075822922584393,0.151645845168786,48220.77319248234,-0.0011123470522803114,0.8422507653360175,48220.77319248234,136.45287147969066,0.1156580682695003,366.5,0.6034816436083592,7.959092356756198,0.011123470522803115,426.47277777777776,1,2
122,62.0,0.14949847263081945,0.2989969452616389,48489.571446272545,0.0,1.0303042397793165,48489.571446272545,268.7982537902062,0.2184492014427382,372.5,1.609680945318303,10.767206627544258,0.02224694104560623,426.47277777777776,1,2
123,63.0,0.679974007416638,1.359948014833276,49712.16471160775,0.0,1.2041785755995593,49712.16471160775,1222.5932653352065,0.81654817820553,378.5,2.655139810208696,3.904766625265753,0.23025583982202447,426.47277777777776,1,2
124,64.0,0.2662986671784398,0.5325973343568796,50190.96971519462,0.0,1.116081009451623,50190.96971519462,478.8050035868655,0.34062413602090735,384.5,1.5192742681856104,5.705151603960467,0.07452725250278086,426.47277777777776,1,2
125,65.0,0.725675716112485,1.45135143222497,51495.734652764884,0.0,1.07105786430357,51495.734652764884,1304.7649375702676,0.9578797106125636,390.5,10.619858070679586,14.634440473730045,0.014460511679644048,426.47277777777776,1,2
126,66.0,0.5613302209198351,1.1226604418396702,52349.333538575156,0.024739583333333332,1.007993343674847,52349.333538575156,853.5988858102719,0.9622330271811509,396.5,6.825602555519353,12.1596919266781,0.06510416666666667,426.47277777777776,1,2
127,67.0,0.31928738958288394,0.6385747791657679,52923.56386029858,0.05561735261401557,1.5288667645895213,52923.56386029858,574.2303217234221,0.40516936710767953,402.5,2.7432762961605133,8.591871729554747,0.0778642936596218,426.47277777777776,1,2
128,68.0,0.5970818912492668,1.1941637824985336,53997.043704852906,-0.06340378197997776,1.6436752214149049,53997.043704852906,1073.4798445543274,0.63745081985434,408.5,1.6602153063584912,2.780548749996159,0.5005561735261401,426.47277777777776,1,2
129,69.0,0.17124569489705416,0.3424913897941083,54304.943464277756,-0.013348164627363738,1.1801160752621616,54304.943464277756,307.89975942485034,0.23808440779926426,414.5,1.8503334553824653,10.80513852622578,0.02224694104560623,426.47277777777776,1,2
130,70.0,0.48462402772886376,0.9692480554577275,55176.29746613433,0.0011123470522803114,1.1103212409256424,55176.29746613433,871.3540018565764,0.6462546655942235,420.5,2.5191474469734834,5.198148054645961,0.1468298109010011,426.47277777777776,1,2
131,71.0,0.057354107047909546,0.11470821409581909,55279.42015060653,0.0,0.766659610830152,55279.42015060653,103.12268447219685,0.07677301343847305,426.5,0.1671700566321454,2.9147007117119514,0.0011123470522803114,426.47277777777776,1,2
132,72.0,0.05385231043609207,0.10770462087218415,55376.26632014865,-0.0011123470522803114,0.8463951237342555,55376.26632014865,96.84616954212106,0.06828939193060829,432.5,0.1247552099721681,2.3166175965693863,0.0,426.47277777777776,1,2
133,73.0,0.08516453203862258,0.17032906407724516,55529.39214875405,0.0,0.9275509982341108,55529.39214875405,153.12582860539987,0.10681840573214496,438.5,0.19257765565071197,2.2612424566998968,0.0,426.47277777777776,1,2
134,74.0,0.06979029488977458,0.13958058977954915,55654.87509896589,0.0,0.8413309953249702,55654.87509896589,125.4829502118373,0.0873061854917954,444.5,0.17513266964728297,2.509412948088041,0.0,426.47277777777776,1,2
135,75.0,0.07278408411334071,0.14556816822668142,55785.779521460834,0.0,0.9165279023120698,55785.779521460834,130.90442249494663,0.09723728512268887,450.5,0.3324786906590062,4.568013662729674,0.011123470522803115,426.47277777777776,1,2
136,76.0,0.074391689630364,0.148783379260728,55919.53577941623,0.0,0.6598782943145828,55919.53577941623,133.75625795539236,0.08987767203856173,456.5,0.21059890493783948,2.8309466552548987,0.0,426.47277777777776,1,2
137,77.0,0.057974457476381185,0.11594891495276237,56023.77385395876,0.0,0.7422390767018077,56023.77385395876,104.23807454253256,0.0758744398059553,462.5,0.14986720892606423,2.585055823715473,0.0,426.47277777777776,1,2
138,78.0,0.15737105627918677,0.31474211255837353,56306.72701314866,0.0,0.6706717313580586,56306.72701314866,282.95315918989945,0.18137579055082756,468.5,0.8309797097129454,5.280384648615002,0.028921023359288096,426.47277777777776,1,2
139,79.0,0.09742095836667877,0.19484191673335755,56481.88989629192,0.0,0.6058542037601359,56481.88989629192,175.16288314326084,0.11890384232727703,474.5,0.2336377906416525,2.398229236898622,0.0,426.47277777777776,1,2
140,80.0,0.08842764285135694,0.1768552857027139,56640.882798138635,0.0,0.7001044850763456,56640.882798138635,158.99290184671554,0.09816635399340759,480.5,0.18865956145026402,2.1334907882526353,0.0,426.47277777777776,1,2
141,81.0,0.08776960407510857,0.17553920815021715,56798.692546265636,0.0,0.7164728889682028,56798.692546265636,157.8097481270015,0.1025430605313192,486.5,0.18760192042944457,2.1374361022399597,0.0,426.47277777777776,1,2
142,82.0,0.07498794142791178,0.14997588285582356,56933.520864953025,0.0,0.6706109888799339,56933.520864953025,134.82831868738867,0.09585305205899546,492.5,0.1957412308446099,2.610302764915636,0.0,426.47277777777776,1,2
143,83.0,0.0635517637704206,0.1271035275408412,57046.8972115194,0.002242152466367713,0.6738363685869622,57046.8972115194,113.37634656637238,0.07992525321131956,498.49611111111113,0.16065618098067777,2.527957863782425,0.0,426.47277777777776,1,2
144,0.0,1.8598343390120609,3.7196686780241217,3282.2046301402293,-0.46051167964404893,1.4247415250431117,3282.2046301402293,3282.2046301402293,1.9895394124535217,0.5,5.495339226100604,2.954746619540165,0.4638487208008899,360.1116666666667,1,3
145,1.0,1.3592303110377248,2.7184606220754497,5584.196768496422,0.16895604395604397,1.2439096397137066,5584.196768496422,2301.9921383561928,1.203360346688221,6.5,2.1490617208981835,1.5810872546371115,0.7032967032967034,360.1116666666667,1,3
146,2.0,0.3905035203131109,0.7810070406262218,6724.962826028891,-0.11173814898419865,1.6437880930373163,6724.962826028891,1140.766057532469,0.3803132193003233,12.492777777777778,0.527193553596266,1.350035341995266,0.2708803611738149,360.1116666666667,1,3
147,3.0,0.18736572903724863,0.37473145807449726,7339.523047020548,-0.04449388209121246,1.402170056296586,7339.523047020548,614.5602209916569,0.21615146615741146,18.5,0.2987619024554278,1.594538681062818,0.028921023359288096,360.1116666666667,1,3
148,4.0,0.6362190857748273,1.2724381715496547,8537.983525372107,0.002224694104560623,1.4794522821095681,8537.983525372107,1198.4604783515588,0.5774586062591092,24.5,1.199722544161871,1.885706623687301,0.41935483870967744,360.1116666666667,1,3
149,5.0,1.4133245714719989,2.8266491429439977,11097.179156990484,0.037089871611982884,1.3541533690764085,11097.179156990484,2559.195631618377,1.041873657612468,30.5,2.1654169669059473,1.5321441448163835,0.6790299572039943,360.1116666666667,1,3
150,6.0,1.5218740125800736,3.043748025160147,13825.571214956733,0.1465648854961832,1.0678081536154076,13825.571214956733,2728.39205796625,1.4051829229779609,36.470555555555556,3.4872590982138876,2.2914243027922163,0.7297709923664122,360.1116666666667,1,3
151,7.0,0.19682927209045592,0.39365854418091184,14407.610162226738,-0.13662456946039037,1.1773643585181504,14407.610162226738,582.0389472700044,0.2340571015355843,42.5,0.38298083589319115,1.9457514211462734,0.0642939150401837,360.1116666666667,1,3
152,8.0,0.5352150777371201,1.0704301554742401,15472.971506017553,0.00778642936596218,1.438979172404652,15472.971506017553,1065.3613437908152,0.589189480138263,48.5,1.7247894627750777,3.222610002071424,0.1946607341490545,360.1116666666667,1,3
153,9.0,0.4950051043009593,0.9900102086019186,16386.23585400208,0.03114571746384872,1.4721590468579153,16386.23585400208,913.2643479845265,0.5192133363450088,54.5,0.9835909756423303,1.9870319863294068,0.3136818687430478,360.1116666666667,1,3
154,10.0,0.5577903211396794,1.1155806422793588,17491.41872098276,-0.04671857619577308,1.252534066446828,17491.41872098276,1105.1828669806819,0.5576404857778187,60.5,1.7056984125189807,3.0579562747411804,0.3103448275862069,360.1116666666667,1,3
155,11.0,0.504750946992162,1.009501893984324,18473.600661754186,0.01668520578420467,1.2498663859104417,18473.600661754186,982.1819407714247,0.5424198012248356,66.5,2.764303613994712,5.476569445718419,0.21690767519466073,360.1116666666667,1,3
156,12.0,0.8225016250175303,1.6450032500350606,19954.836274224755,0.6451612903225806,1.5336559436740969,19954.836274224755,1481.2356124705693,0.8454511379485266,72.5,6.4184336777195865,7.80355136390495,0.40378197997775306,360.1116666666667,1,3
157,13.0,0.7794532980220175,1.558906596044035,21357.667607292893,0.3181312569521691,1.4534235463860583,21357.667607292893,1402.8313330681376,0.9320448426892859,78.5,6.819412317181271,8.748968455822277,0.40266963292547275,360.1116666666667,1,3
158,14.0,0.8863250382306652,1.7726500764613304,22952.245286623624,-0.21468298109010012,1.338724865849259,22952.245286623624,1594.5776793307305,0.9382447721616937,84.5,2.6190929776118566,2.9550028089472073,0.42046718576195774,360.1116666666667,1,3
159,15.0,0.37857499791442395,0.7571499958288479,23632.92313287374,-0.08008898776418243,1.4121184117753585,23632.92313287374,680.677846250117,0.43685568067734454,90.5,1.361573835938511,3.5965762225171876,0.2347052280311457,360.1116666666667,1,3
160,16.0,0.46300737442754275,0.9260147488550855,24465.539425960244,-0.20578420467185762,1.4667620820384073,24465.539425960244,832.616293086503,0.49526684135356924,96.5,4.552104709787,9.831603039617182,0.1935483870967742,360.1116666666667,1,3
161,17.0,1.4410051155836407,2.8820102311672815,27058.161808831366,0.04671857619577308,1.1433535330311326,27058.161808831366,2592.6223828711227,1.3955321902387061,102.5,6.346491314681019,4.404211509069169,0.5828698553948832,360.1116666666667,1,3
162,18.0,1.2572709903763388,2.5145419807526777,29294.442741406947,0.271889400921659,1.265188400936956,29294.442741406947,2236.2809325755807,1.257754957329041,108.5,3.071360376216524,2.442878583635477,0.565668202764977,360.1116666666667,1,3
163,19.0,0.9133031056495924,1.8266062112991848,30937.695709578802,-0.19577308120133483,1.4243557112578227,30937.695709578802,1643.2529681718552,0.8623063553088351,114.5,3.199291731322123,3.502990093356364,0.5706340378197998,360.1116666666667,1,3
164,20.0,0.5529020338120715,1.105804067624143,31931.875072142044,0.21134593993325917,1.3963877357143284,31931.875072142044,994.1793625632417,0.6214779550009903,120.5,3.5492693211956854,6.419345750502455,0.3136818687430478,360.1116666666667,1,3
165,21.0,0.5140560102214699,1.0281120204429397,32856.13116814116,-0.10789766407119021,1.7520460830415985,32856.13116814116,924.256095999117,0.6160786489362373,126.5,4.471327697721938,8.698133294454749,0.14905450500556172,360.1116666666667,1,3
166,22.0,0.34077848293913027,0.6815569658782605,33468.85088046574,0.13348164627363737,1.1851740667155286,33468.85088046574,612.7197123245787,0.5159714285202628,132.5,2.868708710520284,8.418104000517815,0.08342602892102335,360.1116666666667,1,3
167,23.0,0.405380398972637,0.810760797945274,34197.638884266984,-0.8587319243604005,1.4951516181075553,34197.638884266984,728.7880038012445,0.6090411969066385,138.5,3.5183257003711907,8.679072074742015,0.10011123470522804,360.1116666666667,1,3
168,24.0,0.3838735074716252,0.7677470149432504,34887.711336227265,0.008898776418242492,1.6164397474912877,34887.711336227265,690.0724519602809,0.4312476857962142,144.5,2.176690372783117,5.670332363178284,0.135706340378198,360.1116666666667,1,3
169,25.0,0.3314743061038142,0.6629486122076284,35483.645371661885,0.013348164627363738,1.5387896658604896,35483.645371661885,595.9340354346205,0.4040352624873413,150.5,2.27361644854045,6.859103124054442,0.05561735261401557,360.1116666666667,1,3
170,26.0,0.6141682408153896,1.2283364816307791,36588.546899924135,0.02335928809788654,1.7143450103214388,36588.546899924135,1104.9015282622495,0.7831755449837007,156.5,6.065734321907927,9.87633993228771,0.20912124582869857,360.1116666666667,1,3
171,27.0,0.44857599559259226,0.8971519911851845,37819.11837179887,-0.03225806451612903,1.4627969816188728,37819.11837179887,1230.571471874733,0.3885572587958032,162.5,0.4776428997881482,1.0647981712823422,0.3751493428912784,360.1116666666667,1,3
172,28.0,0.5231646948225963,1.0463293896451926,38761.43339564004,-0.0033370411568409346,1.6344637658928411,38761.43339564004,942.315023841169,0.6003907616845381,168.5,3.0752048964994403,5.878081848665713,0.3236929922135706,360.1116666666667,1,3
173,29.0,0.44210162880651843,0.8842032576130369,39556.32546763965,0.0,1.6711454207475898,39556.32546763965,794.8920719996095,0.45900342539337985,174.5,1.5670075167379773,3.5444509014097374,0.18131256952169078,360.1116666666667,1,3
174,30.0,0.4044259958311198,0.8088519916622396,40283.97660197422,0.027808676307007785,1.5358786063677123,40283.97660197422,727.6511343345701,0.5263561418373234,180.5,4.129471399760178,10.210697240848392,0.06674082313681869,360.1116666666667,1,3
175,31.0,0.33487205578035745,0.6697441115607149,40887.67055851789,0.054505005561735265,1.4016976827241512,40887.67055851789,603.6939565436769,0.48118523355357823,186.5,3.9505717182042734,11.797257041941574,0.08120133481646273,360.1116666666667,1,3
176,32.0,0.7117281254536778,1.4234562509073556,42167.183046352795,-0.0878754171301446,1.6809381573257498,42167.183046352795,1279.5124878349015,0.931919774715031,192.5,7.262028538694979,10.203374405171827,0.3759733036707453,360.1116666666667,1,3
177,33.0,0.43675961582815553,0.8735192316563111,42952.78131405634,0.04560622914349277,1.628074161073341,42952.78131405634,785.5982677035427,0.550944479807264,198.5,4.3109298001976075,9.8702573314236,0.10901001112347053,360.1116666666667,1,3
178,34.0,0.6916544463934324,1.3833088927868649,44196.7364800239,-0.021134593993325918,1.375480864500261,44196.7364800239,1243.9551659675635,0.5928172620018537,204.5,1.4385506731287108,2.079869045344679,0.5372636262513905,360.1116666666667,1,3
179,35.0,0.49944130640630136,0.9988826128126027,45094.69092060736,0.03337041156840934,1.5866830176614422,45094.69092060736,897.9544405834604,0.5744574881162753,210.5,3.6590524163533766,7.3262911365538805,0.22024471635150167,360.1116666666667,1,3
180,36.0,0.33334584382426846,0.6666916876485369,45694.747507284905,-0.035595105672969966,1.5270923349195524,45694.747507284905,600.0565866775432,0.43747337572962486,216.5,2.9318938779564823,8.795351531372633,0.047830923248053395,360.1116666666667,1,3
181,37.0,0.3895420353470163,0.7790840706940326,46395.597071617536,-0.013348164627363738,1.559648640343759,46395.597071617536,700.8495643326314,0.5570832493331352,222.5,5.001548679735945,12.839560884053009,0.027808676307007785,360.1116666666667,1,3
182,38.0,0.39923288966269155,0.7984657793253831,47114.20243023461,0.0055617352614015575,1.809860819703892,47114.20243023461,718.6053586170747,0.5076113280069215,228.5,3.0231917745702432,7.572501797445877,0.10789766407119021,360.1116666666667,1,3
183,39.0,0.6072196327776563,1.2144392655553127,48206.29205647796,0.024471635150166853,1.5858574261033902,48206.29205647796,1092.0896262433525,0.6926818752468479,234.5,3.54703708464023,5.841440054259637,0.3548387096774194,360.1116666666667,1,3
184,40.0,0.4376410414141544,0.8752820828283088,48993.42817855317,-0.047830923248053395,1.8421578075799208,48993.42817855317,787.1361220752078,0.44536857803809726,240.5,1.4273174126874473,3.26138839281467,0.27030033370411566,360.1116666666667,1,3
185,41.0,0.27715609083855836,0.5543121816771167,49491.754829880796,0.042269187986651836,1.4659609792989217,49491.754829880796,498.32665132762486,0.3496022199750955,246.5,2.1730619488080496,7.8405707853407565,0.054505005561735265,360.1116666666667,1,3
186,42.0,0.4428568390319118,0.8857136780638236,50288.011426460136,-0.042269187986651836,1.3954968023765117,50288.011426460136,796.2565965793401,0.5443862245965071,252.5,3.7163455804859757,8.391753842189575,0.11902113459399333,360.1116666666667,1,3
187,43.0,0.26942339131371373,0.5388467826274275,50772.43468404224,0.030033370411568408,1.2189327809512547,50772.43468404224,484.42325758210063,0.39335235510769306,258.5,3.6856419570684698,13.679740051883421,0.021134593993325918,360.1116666666667,1,3
188,44.0,0.290874130274738,0.581748260549476,51296.18497118991,-0.030033370411568408,1.3271241828708822,51296.18497118991,523.7502871476754,0.3624012274520079,264.5,2.607527286033451,8.964452368351132,0.04338153503893215,360.1116666666667,1,3
189,45.0,0.1994415493336972,0.3988830986673944,51654.780876891935,0.0,1.4213531260171943,51654.780876891935,358.5959057020227,0.2662406242306566,270.5,1.8404439456677764,9.227986604678962,0.03225806451612903,360.1116666666667,1,3
190,46.0,0.1990997611471968,0.3981995222943936,52012.762247434584,0.0,1.271815858724686,52012.762247434584,357.98137054264953,0.21797385796636465,276.5,0.4993193288199086,2.50788512222652,0.07007786429365963,360.1116666666667,1,3
191,47.0,0.06311925384700888,0.12623850769401776,52126.25066585151,0.0,0.8674841702060875,52126.25066585151,113.48841841692774,0.09714279535234685,282.5,0.7051456332431345,11.171640826938424,0.012235817575083427,360.1116666666667,1,3
192,48.0,0.17022885154128362,0.34045770308256723,52432.32214092276,0.0,0.9300549819352458,52432.32214092276,306.07147507125046,0.14878689754174415,288.5,1.6187489454369257,9.509251403510465,0.025583982202447165,360.1116666666667,1,3
193,49.0,4.32393223590862,8.64786447181724,60206.75230108642,0.0,1.2974505778564835,60206.75230108642,7774.430160163654,5.648535105751912,294.5,9.064461174348107,2.0963467232606443,0.6729699666295884,360.1116666666667,1,3
194,50.0,0.07549825468823504,0.15099650937647008,60342.498163015975,0.018909899888765295,0.7782229360260817,60342.498163015975,135.74586192955758,0.08832656612555267,300.5,0.2516594078399036,3.3333142451983053,0.011123470522803115,360.1116666666667,1,3
195,51.0,0.1632908081078826,0.3265816162157652,60636.09503599393,-0.017797552836484983,1.4510892257992247,60636.09503599393,293.5968729779561,0.1783233447584519,306.5,0.6375751447419643,3.904537874053098,0.02335928809788654,360.1116666666667,1,3
196,52.0,0.08351913893142517,0.16703827786285033,60786.262447792695,-0.0011123470522803114,0.8809055188311703,60786.262447792695,150.16741179876408,0.1101512281237361,312.5,0.37078478545310295,4.439518776139948,0.011123470522803115,360.1116666666667,1,3
197,53.0,0.08201509112606115,0.1640301822521223,60933.725581637365,0.0,0.9641919224727054,60933.725581637365,147.46313384467066,0.10848580746530548,318.5,0.41977732331673523,5.1182936890421455,0.013348164627363738,360.1116666666667,1,3
198,54.0,0.06651320975885361,0.13302641951770722,61053.3163327838,0.008898776418242492,1.03828953167617,61053.3163327838,119.59075114643201,0.0753910576143794,324.5,0.13977066278501196,2.1013970501762924,0.002224694104560623,360.1116666666667,1,3
199,55.0,0.075803314574744,0.151606629149488,61189.74414591089,-0.008898776418242492,0.9002941234378395,61189.74414591089,136.4278131270912,0.10492368416405803,330.5,0.6928525139864287,9.140134806417448,0.008898776418242492,360.1116666666667,1,3
200,56.0,0.15421032422746417,0.30842064845492834,61467.01430887185,0.0,0.8859229357309778,61467.01430887185,277.27016296095826,0.18236628799770307,336.5,1.5046840780035473,9.757349811314189,0.026696329254727477,360.1116666666667,1,3
201,57.0,0.13886761217468566,0.2777352243493713,61716.69827556198,0.002224694104560623,0.7194236132260958,61716.69827556198,249.683966690136,0.1521984719526612,342.5,0.7636466817683653,5.49909852851615,0.028921023359288096,360.1116666666667,1,3
202,58.0,0.15238128815732216,0.3047625763146443,61990.67983166882,-0.002224694104560623,1.197659993285565,61990.67983166882,273.981556106839,0.15797470595292426,348.5,0.8225228043181508,5.397794009123733,0.067853170189099,360.1116666666667,1,3
203,59.0,0.5179117230939696,1.0358234461879392,62929.663577184336,0.0067039106145251395,1.5117135778783861,62929.663577184336,938.9837455155139,0.5642548144541264,354.5,1.952814748332396,3.7705552148277564,0.17318435754189945,360.1116666666667,1,3
204,60.0,0.1236756783216226,0.2473513566432452,63152.032446806654,-0.0055617352614015575,1.2959593366143352,63152.032446806654,222.36886962231802,0.15562570686250482,360.5,0.8127636858643686,6.571734207519367,0.014460511679644048,360.1116666666667,1,3
205,61.0,0.07879741423371282,0.15759482846742565,63293.710197598826,0.0,0.9417030988696142,63293.710197598826,141.67775079217245,0.10619372505267055,366.5,0.648698026067465,8.232478595597428,0.011123470522803115,360.1116666666667,1,3
206,62.0,0.05846948694796406,0.11693897389592812,63398.867110217085,-0.0011123470522803114,0.930319696533563,63398.867110217085,105.1569126182585,0.07873674477477076,372.5,0.34532395683515854,5.906054163644118,0.011123470522803115,360.1116666666667,1,3
207,63.0,0.08963590053851389,0.17927180107702778,63560.03245938531,0.0,0.8946403679463149,63560.03245938531,161.16534916822275,0.11346759198713872,378.5,0.268967103084742,3.000662697299223,0.011123470522803115,360.1116666666667,1,3
208,64.0,0.0779392912795759,0.1558785825591518,63700.25009297024,0.0,0.8034703135843824,63700.25009297024,140.217633584929,0.1119476653791451,384.5,0.2604298230650542,3.341444588338208,0.011123470522803115,360.1116666666667,1,3
209,65.0,0.05725097738943641,0.11450195477887282,63803.18735031644,0.0,0.8220984034684401,63803.18735031644,102.93725734620239,0.07672274575985,390.5,0.1487751102831059,2.5986475177724553,0.0011123470522803114,360.1116666666667,1,3
210,66.0,0.05137314864265344,0.10274629728530688,63895.58422150277,0.0,0.8607437700894092,63895.58422150277,92.39687118633447,0.0663027026511875,396.5,0.12212293552634546,2.377174433590212,0.0,360.1116666666667,1,3
211,67.0,0.051214886622362905,0.10242977324472581,63987.6850803647,0.0,0.9004321499743443,63987.6850803647,92.10085886192974,0.06515779222913817,402.5,0.12871088686364202,2.513153798673853,0.0,360.1116666666667,1,3
212,68.0,0.05187546489746608,0.10375092979493215,64080.95716625047,0.0,0.8973124483316979,64080.95716625047,93.27208588576468,0.0673012127008952,408.5,0.1604669048318786,3.093310202598624,0.010011123470522803,360.1116666666667,1,3
213,69.0,0.0630092694788969,0.1260185389577938,64194.24783277356,0.0,0.7905425024756666,64194.24783277356,113.2906665230912,0.08507105782027352,414.5,0.15505143321788387,2.460771795962716,0.0,360.1116666666667,1,3
214,70.0,0.05308498889880716,0.10616997779761432,64289.760985437846,0.0,0.8020491332217772,64289.760985437846,95.51315266428719,0.07200535956081083,420.5,0.175984106796126,3.3151388075373682,0.0,360.1116666666667,1,3
215,71.0,0.14121869873381077,0.28243739746762153,64543.71247622824,0.0,0.8877367394746718,64543.71247622824,253.95149079039402,0.25188787550441394,426.5,2.9161964011000925,20.650214364295746,0.011123470522803115,360.1116666666667,1,3
216,72.0,0.049291507516676665,0.09858301503335333,64632.33860674325,0.0,0.8811399040348282,64632.33860674325,88.62613051501103,0.06180556465725662,432.5,0.11353879296341059,2.3034149021511934,0.0,360.1116666666667,1,3
217,73.0,0.06668717332594593,0.13337434665189185,64752.242144383315,0.0,0.620808899911499,64752.242144383315,119.90353764006431,0.08194033120559278,438.5,0.15732985065679025,2.359222063406578,0.0,360.1116666666667,1,3
218,74.0,0.06436951936978229,0.12873903873956458,64867.978540210184,0.0,0.73722202502815,64867.978540210184,115.73639582686883,0.07595665470072673,444.5,0.14245606048300347,2.213098091732501,0.0,360.1116666666667,1,3
219,75.0,0.07079643881541359,0.14159287763082717,64995.27053720031,0.0,0.712888379742834,64995.27053720031,127.29199699012679,0.08756888120823467,450.5,0.1593896633983586,2.2513796748157446,0.0,360.1116666666667,1,3
220,76.0,0.06088896402202918,0.12177792804405836,65104.7488945119,0.0011123470522803114,0.679868157072396,65104.7488945119,109.47835731158557,0.06953305729857778,456.5,0.13189031706574408,2.166079176811534,0.0,360.1116666666667,1,3
221,77.0,0.06780570455729107,0.13561140911458214,65226.66355130582,-0.0011123470522803114,0.7625548104239533,65226.66355130582,121.91465679392422,0.08362273443348509,462.5,0.15210059677025264,2.243182896827483,0.0,360.1116666666667,1,3
222,78.0,0.2529822689736587,0.5059645379473174,65681.52567092044,0.0,1.044659163417832,65681.52567092044,454.8621196146196,0.4003900950761472,468.5,3.0034238438311887,11.872072521192836,0.047830923248053395,360.1116666666667,1,3
223,79.0,0.1610438402773174,0.3220876805546348,65971.08249573901,0.0,1.1466349116335601,65971.08249573901,289.55682481857366,0.18633739511024836,474.5,0.8502747567577694,5.2797719881343905,0.030033370411568408,360.1116666666667,1,3
224,80.0,0.2212239287345214,0.4424478574690428,66368.84311960376,0.011123470522803115,1.2319658136066578,66368.84311960376,397.76062386474223,0.25081363820475355,480.5,1.0382415874385897,4.693170369849665,0.06117908787541713,360.1116666666667,1,3
225,81.0,0.05484552997814433,0.10969105995628867,66467.51760450282,-0.011123470522803115,1.0294344080983113,66467.51760450282,98.67448489906383,0.0667607014266601,486.5,0.11509487648141664,2.0985279297561963,0.0,360.1116666666667,1,3
226,82.0,0.038835413703578105,0.07767082740715621,66537.34367834189,0.0,0.7247700918002016,66537.34367834189,69.82607383906725,0.04882285794620866,492.5,0.0938288271014529,2.4160635397791057,0.0,360.1116666666667,1,3
227,83.0,0.042393201852327644,0.08478640370465529,66612.9731504465,0.02914798206278027,0.7782844697523922,66612.9731504465,75.62947210461425,0.05308019709409452,498.49611111111113,0.10024751911242737,2.364707423176699,0.0,360.1116666666667,1,3
228,0.0,1.4040267397107442,2.8080534794214884,497.1790413411333,0.21428571428571427,1.4828022277181017,497.1790413411333,497.1790413411333,1.004360560191884,0.4527777777777778,1.4694262301531602,1.0465799465157548,0.9017857142857143,402.1116666666667,1,4
229,1.0,0.16402036633942343,0.32804073267884687,1053.4676577813993,-0.042269187986651836,2.0518517862948826,1053.4676577813993,556.288616440266,0.136749961351911,6.5,0.1951160807783131,1.1895844713243735,0.00778642936596218,402.1116666666667,1,4
230,2.0,0.4032932288647565,0.806586457729513,1859.4863934388227,0.013348164627363738,1.7365044694962601,1859.4863934388227,806.0187356574233,0.31176804495569604,12.5,0.40059580850003224,0.9933115158607614,0.24916573971078976,402.1116666666667,1,4
231,3.0,2.566547133360486,5.133094266720972,6419.059515801794,0.02303030303030303,1.120878535579875,6419.059515801794,4559.573122362972,1.6964718847658717,18.5,5.548548409090213,2.1618727889190446,0.8581818181818182,402.1116666666667,1,4
232,4.0,0.3247798290448368,0.6495596580896736,7116.51069498496,-0.03225806451612903,1.548455212221841,7116.51069498496,697.4511791831656,0.2903516602678424,24.5,0.3609334949320601,1.1113174607965945,0.11568409343715239,402.1116666666667,1,4
233,5.0,0.2975148586471437,0.5950297172942874,7719.843884687611,0.008898776418242492,1.627965032873907,7719.843884687611,603.333189702651,0.26117989075468456,30.5,0.4363451769776209,1.4666332261916761,0.07007786429365963,402.1116666666667,1,4
234,6.0,0.3936985087574667,0.7873970175149334,8468.528198419779,0.00778642936596218,1.7038241256619229,8468.528198419779,748.6843137321684,0.3612644581969116,36.5,0.6969313002027748,1.7702157480919265,0.1468298109010011,402.1116666666667,1,4
235,7.0,0.6712856009628692,1.3425712019257383,9783.089666644217,0.060066740823136816,1.2175825809314293,9783.089666644217,1314.5614682244377,0.5333211567530646,42.5,1.0443977017532322,1.5558172263119956,0.4938820912124583,402.1116666666667,1,4
236,8.0,0.6937222820974868,1.3874445641949735,11226.949499463732,-0.058954393770856504,1.7402835936970154,11226.949499463732,1443.8598328195148,0.6215081361737614,48.5,0.8561167031099787,1.2340914011317154,0.6451612903225806,402.1116666666667,1,4
237,9.0,0.2821263899657778,0.5642527799315556,11869.674430703664,0.014460511679644048,1.546830648546425,11869.674430703664,642.7249312399326,0.25777652513961463,54.5,0.47985624414995026,1.7008555782681558,0.09010011123470522,402.1116666666667,1,4
238,10.0,1.3099963070878682,2.6199926141757364,14336.399077418548,0.05228031145717464,1.2782118231457948,14336.399077418548,2466.7246467148834,0.8890932081362337,60.5,1.4001551706065773,1.068823753953271,0.8042269187986651,402.1116666666667,1,4
239,11.0,1.5925534589915549,3.1851069179831097,17434.848228943407,-0.04524886877828054,1.4329070379988085,17434.848228943407,3098.449151524859,1.1375999464119362,66.5,2.4156806374587454,1.5168599985261502,0.830316742081448,402.1116666666667,1,4
240,12.0,0.5955963179403619,1.1911926358807239,18510.217464545796,0.6807563959955506,1.7985140012659842,18510.217464545796,1075.3692356023894,0.5862699292278273,72.5,4.93309417696647,8.282613623310594,0.30700778642936594,402.1116666666667,1,4
241,13.0,1.2879398062192375,2.575879612438475,20825.62155946548,-0.025583982202447165,1.1694461913816356,20825.62155946548,2315.4040949196824,1.1135697555305584,78.5,4.589685816644115,3.5635872068565004,0.6974416017797553,402.1116666666667,1,4
242,14.0,0.7872919268809168,1.5745838537618335,22241.737481004107,0.4738598442714127,1.3359405018108708,22241.737481004107,1416.1159215386288,0.8110393644283097,84.5,3.93849372748586,5.002583657994989,0.40600667408231367,402.1116666666667,1,4
243,15.0,0.6862794107370531,1.3725588214741062,23475.893232775554,-0.27474972191323693,1.4328777319490917,23475.893232775554,1234.1557517714464,0.7016940847283913,90.5,4.048313012491919,5.898928263262474,0.4949944382647386,402.1116666666667,1,4
244,16.0,0.7425841602495611,1.4851683204991222,24813.675675161758,0.3192436040044494,1.3097884896629992,24813.675675161758,1337.782442386204,0.729536743262213,96.5,3.7417315687263573,5.038797982802205,0.5005561735261401,402.1116666666667,1,4
245,17.0,0.7631065636252854,1.5262131272505708,26186.242034396153,-0.5005561735261401,1.2986554293926484,26186.242034396153,1372.5663592343953,0.7472458254683644,102.5,3.6043994713296135,4.723323901456458,0.6418242491657397,402.1116666666667,1,4
246,18.0,1.4652718896919747,2.9305437793839495,28758.235145683564,0.1861271676300578,1.3558172911425048,28758.235145683564,2571.993111287411,1.1920731050150497,108.5,4.361430312612782,2.9765331221426963,0.6855491329479769,402.1116666666667,1,4
247,19.0,0.7640107763143236,1.5280215526286471,30132.744513996353,0.20133481646273638,1.4365012829247747,30132.744513996353,1374.5093683127889,0.700317329735708,114.5,2.1073536127217993,2.7582773411756274,0.625139043381535,402.1116666666667,1,4
248,20.0,0.4677727384627537,0.9355454769255074,30974.885042396203,-0.8197997775305895,1.5688898803556646,30974.885042396203,842.1405283998502,0.4641669394424477,120.5,0.4663672446335478,0.9969953489939906,0.38375973303670746,402.1116666666667,1,4
249,21.0,0.5747991651985216,1.1495983303970432,32008.5118730983,0.639599555061179,1.732177554228226,32008.5118730983,1033.6268307020982,0.5099271599624811,126.5,3.9867334559376393,6.935872035514733,0.3303670745272525,402.1116666666667,1,4
250,22.0,0.504682615981353,1.009365231962706,32916.063503866055,-0.13793103448275862,1.757570713967197,32916.063503866055,907.5516307677535,0.5491927537165304,132.5,2.0666678995564824,4.094985311784232,0.28809788654060065,402.1116666666667,1,4
251,23.0,0.5147172478432523,1.0294344956865047,33842.40145185718,-0.7252502780867631,1.4638188527521414,33842.40145185718,926.3379479911237,0.5443123031289436,138.5,1.4693088392873863,2.854594139683536,0.3270300333704116,402.1116666666667,1,4
252,24.0,0.6265179702102935,1.253035940420587,34970.79253237209,-0.042269187986651836,1.5538699893774244,34970.79253237209,1128.3910805149135,0.7022043255501415,144.5,4.9063371935736235,7.831119659547499,0.29699666295884314,402.1116666666667,1,4
253,25.0,0.4877067491657878,0.9754134983315756,35846.24404886787,0.0,1.6367501697473192,35846.24404886787,875.4515164957775,0.4306644299347816,150.5,0.7450851290412724,1.5277318395034003,0.39043381535038935,402.1116666666667,1,4
254,26.0,0.9920108079055502,1.9840216158111004,37630.77907813511,0.02224694104560623,1.477628732992614,37630.77907813511,1784.5350292672374,0.9678715596696319,156.5,4.776856645221959,4.81532721937518,0.7730812013348165,402.1116666666667,1,4
255,27.0,0.5458967808097619,1.0917935616195238,38614.2307924893,-0.027808676307007785,1.6532066443919466,38614.2307924893,983.4517143541962,0.5647704164263013,162.5,1.845530998713477,3.380732518656528,0.2836484983314794,402.1116666666667,1,4
256,28.0,1.0409958522587892,2.0819917045175784,40486.12915276831,0.02335928809788654,1.4905415423833281,40486.12915276831,1871.8983602790104,0.9096859574715999,168.5,4.396116589637657,4.222991455824545,0.7174638487208009,402.1116666666667,1,4
257,29.0,0.6330630496345951,1.2661260992691903,41624.37744303848,0.0011123470522803114,1.5903640136839332,41624.37744303848,1138.2482902701668,0.63237140652615,174.5,3.7164879860076745,5.870644303364154,0.39933259176863184,402.1116666666667,1,4
258,30.0,0.5110162670085341,1.0220325340170682,42543.4860282823,0.002224694104560623,1.7113440210291384,42543.4860282823,919.1085852438191,0.591970120538294,180.5,4.526372723001299,8.857590286701592,0.1835372636262514,402.1116666666667,1,4
259,31.0,0.8729982065294029,1.7459964130588057,44113.92177755355,-0.02224694104560623,1.4378282347564966,44113.92177755355,1570.4357492712516,0.7746304660465857,186.5,3.852920721082399,4.4134348642016725,0.6407119021134594,402.1116666666667,1,4
260,32.0,0.3115105623506917,0.6230211247013834,44674.02845584169,-0.004449388209121246,1.857829148952633,44674.02845584169,560.1066782881389,0.4395065871851078,192.5,4.6417813882139605,14.900879614439352,0.025583982202447165,402.1116666666667,1,4
261,33.0,0.4532777926693993,0.9065555853387987,45489.12241654399,-0.010011123470522803,1.7028676001948109,45489.12241654399,815.0939607023029,0.5698761578958359,198.5,4.6050135429049925,10.159362795573099,0.14238042269187987,402.1116666666667,1,4
262,34.0,0.21154026457656422,0.42308052915312844,45869.60960443142,0.017797552836484983,1.8199947673363415,45869.60960443142,380.48718788742553,0.27128083400256026,204.5,2.4901372559944153,11.771457603964294,0.011123470522803115,402.1116666666667,1,4
263,35.0,0.32988838622236816,0.6597767724447363,46463.04627386956,0.012235817575083427,1.9505995543968626,46463.04627386956,593.4366694381388,0.34319752188252084,210.5,1.8627812068291405,5.646701383338466,0.04560622914349277,402.1116666666667,1,4
264,36.0,0.3010496990764073,0.6020993981528145,47004.36696260839,0.067853170189099,2.0900206515415367,47004.36696260839,541.3206887388296,0.35747972012911866,216.5,2.9855466575496568,9.917122211744568,0.020022246941045607,402.1116666666667,1,4
265,37.0,0.39119126341331506,0.7823825268266301,47707.51063835035,-0.060066740823136816,1.991355931836658,47707.51063835035,703.1436757419651,0.38744294264961293,222.5,2.3201589300517083,5.931009066530028,0.10901001112347053,402.1116666666667,1,4
266,38.0,0.4887298686879426,0.9774597373758852,48586.723580655045,0.018909899888765295,1.9235415570363927,48586.723580655045,879.2129423046936,0.44868121969112906,228.5,1.6785126050940038,3.4344383526224496,0.3147942157953281,402.1116666666667,1,4
267,39.0,0.23744892791881755,0.4748978558376351,49013.73696565691,-0.02335928809788654,1.812237880678483,49013.73696565691,427.0133850018683,0.28302193815805154,234.5,1.7961897049133209,7.5645306999551,0.04338153503893215,402.1116666666667,1,4
268,40.0,0.22438141335320094,0.4487628267064019,49417.262759771555,-0.008898776418242492,1.848167483839903,49417.262759771555,403.52579411464103,0.23429475581049328,240.5,1.3692428585140706,6.102300712219565,0.07341490545050056,402.1116666666667,1,4
269,41.0,0.4591083982685322,0.9182167965370645,50243.56862391771,0.002224694104560623,1.98603040535302,50243.56862391771,826.3058641461539,0.423327622980447,246.5,1.584076053186746,3.450331248918302,0.2725250278086763,402.1116666666667,1,4
270,42.0,0.21306415261528114,0.4261283052305623,50626.573145050774,-0.018909899888765295,1.9599259728318164,50626.573145050774,383.0045211330653,0.2038325026471377,252.5,0.9788593576526942,4.594200130043319,0.05228031145717464,402.1116666666667,1,4
271,43.0,0.1546150940604286,0.3092301881208572,50904.66606538494,-0.0011123470522803114,1.6293867827244304,50904.66606538494,278.0929203341657,0.16532014590146824,258.5,1.0800367950942729,6.9853257319893975,0.034482758620689655,402.1116666666667,1,4
272,44.0,0.2827150121556457,0.5654300243112914,51412.779343927876,0.0011123470522803114,1.9395571403801808,51412.779343927876,508.1132785429363,0.24595284514306742,264.5,0.872651419383182,3.086682283793098,0.12458286985539488,402.1116666666667,1,4
273,45.0,0.26950319712553494,0.5390063942510699,51897.403208170675,-0.008898776418242492,1.7872209742859524,51897.403208170675,484.62386424279975,0.26410856779022884,270.5,1.0990449912449065,4.078040642809035,0.08008898776418243,402.1116666666667,1,4
274,46.0,0.09722253685024647,0.19444507370049294,52072.34346880949,0.0,1.518345318962166,52072.34346880949,174.94026063881756,0.11514069423794866,276.5,0.630654323578968,6.48670919326427,0.011123470522803115,402.1116666666667,1,4
275,47.0,0.04817869387752353,0.09635738775504706,52158.96876040136,0.0,1.2797956863531856,52158.96876040136,86.6252915918667,0.06326636874919442,282.5,0.38113358326708335,7.910832623150271,0.012235817575083427,402.1116666666667,1,4
276,48.0,0.04806146186201629,0.09612292372403258,52245.383268829355,0.0011123470522803114,1.525589768523476,52245.383268829355,86.41450842799532,0.056915414746725505,288.5,0.19263657216088365,4.008129688479727,0.011123470522803115,402.1116666666667,1,4
277,49.0,0.0467666572587719,0.0935333145175438,52329.46971858057,0.002224694104560623,1.3142620251790844,52329.46971858057,84.0864497512157,0.04884199278871788,294.5,0.07716984035231149,1.6501038319953247,0.002224694104560623,402.1116666666667,1,4
278,50.0,0.052428822556736976,0.10485764511347395,52423.81071910467,-0.0033370411568409346,1.4963942124138505,52423.81071910467,94.34100052410213,0.051997150184460106,300.5,0.10524793168347521,2.007444122354243,0.0,402.1116666666667,1,4
279,51.0,0.06734358360186948,0.13468716720373897,52544.894482420816,0.008898776418242492,1.477425812947391,52544.894482420816,121.08376331614272,0.10452793132463534,306.5,0.9516279768571049,14.130937588398359,0.008898776418242492,402.1116666666667,1,4
280,52.0,0.3273714847604055,0.654742969520811,53133.901784418595,0.09010011123470522,1.8458481472186183,53133.901784418595,589.007301997779,0.3271124586732104,312.5,1.8478593345254468,5.644533566745577,0.14905450500556172,402.1116666666667,1,4
281,53.0,0.48064475360221504,0.9612895072044301,54000.51879854487,-0.00778642936596218,1.664352828422377,54000.51879854487,866.6170141262774,0.39644500633805846,318.5,0.8607259496676849,1.7907736289992415,0.3403781979977753,402.1116666666667,1,4
282,54.0,0.39161629542590976,0.7832325908518195,54707.32906904536,-0.06451612903225806,1.9491632334339544,54707.32906904536,706.8102705004858,0.3174735526134036,324.5,0.4981658292409336,1.2720763539707762,0.2324805339265851,402.1116666666667,1,4
283,55.0,0.46852220535127925,0.9370444107025585,55553.701713853276,0.05339265850945495,1.9844673918021898,55553.701713853276,846.3726448079178,0.4823804967874662,330.5,1.9877239608164383,4.2425394957024976,0.23692992213570635,402.1116666666667,1,4
284,56.0,0.6613739729915675,1.322747945983135,56742.79209271629,0.21023359288097887,1.993166333747345,56742.79209271629,1189.0903788630167,0.6657605057942959,336.5,2.9006066066576564,4.385728385314973,0.3303670745272525,402.1116666666667,1,4
285,57.0,0.7802336418595587,1.5604672837191174,58144.944931423786,-0.2625139043381535,1.9408997511879682,58144.944931423786,1402.152838707494,0.6948790234300651,342.5,1.47622581734726,1.8920304613229935,0.7341490545050056,402.1116666666667,1,4
286,58.0,0.6169271915181531,1.2338543830363062,59253.5364167115,-0.0011123470522803114,1.9738156519913312,59253.5364167115,1108.5914852877104,0.5918117789201258,348.5,3.220578153863895,5.220353711332773,0.4560622914349277,402.1116666666667,1,4
287,59.0,0.4738848140839991,0.9477696281679981,60105.54037910962,0.027808676307007785,1.7176965180513368,60105.54037910962,852.0039623981211,0.3791783583177935,354.5,0.8921407592328722,1.8826109905153758,0.3047830923248053,402.1116666666667,1,4
288,60.0,0.40996114679066076,0.8199222935813215,60872.65480551194,-0.026696329254727477,1.6836654140560954,60872.65480551194,767.1144264023242,0.4191997614300005,360.5,2.0095417723357145,4.901785908414025,0.12569521690767518,402.1116666666667,1,4
289,61.0,0.5759790683797802,1.1519581367595604,61908.00010538888,0.06562847608453838,1.9207251036397976,61908.00010538888,1035.3452998769353,0.5910330756780051,366.5,4.272005792731949,7.416946252489751,0.2825361512791991,402.1116666666667,1,4
290,62.0,0.88569545715573,1.77139091431146,63501.638990594394,-0.09232480533926585,1.7212816276620775,63501.638990594394,1593.638885205517,0.7399235017338611,372.5,1.856373407166214,2.09595001551398,0.7308120133481646,402.1116666666667,1,4
291,63.0,0.2651883076337616,0.5303766152675232,63978.44756771989,0.0011123470522803114,1.7582768954362962,63978.44756771989,476.80857712549914,0.2986409571957201,378.5,1.9922890532459112,7.51273338942742,0.09788654060066741,402.1116666666667,1,4
292,64.0,0.22900495285255978,0.45800990570511957,64390.198472948854,-0.002224694104560623,1.5524216169139913,64390.198472948854,411.7509052289606,0.22395334082786958,384.5,1.058982931662905,4.624279599510277,0.11568409343715239,402.1116666666667,1,4
293,65.0,0.14757788280419162,0.29515576560838325,64655.71275495732,0.0,1.4509612248415615,64655.71275495732,265.51428200846567,0.16778654398504503,390.5,0.8916332902708821,6.041781284082477,0.034482758620689655,402.1116666666667,1,4
294,66.0,0.15860943897662705,0.3172188779532541,64941.036429408014,0.0011123470522803114,1.7819452637834376,64941.036429408014,285.32367445069394,0.1514989888113225,396.5,0.4802087111069091,3.0276174873657644,0.03337041156840934,402.1116666666667,1,4
295,67.0,0.27039638099398017,0.5407927619879603,65427.20912243519,0.0,1.4363191977766177,65427.20912243519,486.17269302717614,0.2756467529077485,402.5,1.4660724822838946,5.421938255588317,0.08898776418242492,402.1116666666667,1,4
296,68.0,0.13290110438507396,0.26580220877014793,65666.26223769056,0.006674082313681869,1.4493161350872572,65666.26223769056,239.053115255374,0.14279720732992163,408.5,0.9307476466339065,7.003310099945551,0.024471635150166853,402.1116666666667,1,4
297,69.0,0.09212227002984,0.18424454005968,65831.97339196013,-0.00778642936596218,1.4221683207114018,65831.97339196013,165.71115426956385,0.10955013339933105,414.5,0.4798805992420725,5.209170367671475,0.010011123470522803,402.1116666666667,1,4
298,70.0,0.03977069570694108,0.07954139141388215,65903.52829897763,0.0,1.3173723630439038,65903.52829897763,71.55490701750387,0.04791423389693373,420.5,0.17094165734893627,4.298181218869205,0.011123470522803115,402.1116666666667,1,4
299,71.0,0.04181209944230435,0.0836241988846087,65978.68027790869,0.0,1.211498737614791,65978.68027790869,75.15197893105505,0.049214740628276715,426.5,0.09728799551710844,2.3267904940136797,0.0,402.1116666666667,1,4
300,72.0,0.04417765897412183,0.08835531794824367,66058.11170874415,0.0,1.4084504106439788,66058.11170874415,79.43143083546602,0.04856695319339951,432.5,0.08177834439367196,1.8511244437278958,0.0,402.1116666666667,1,4
301,73.0,0.0498109048356759,0.0996218096713518,66147.67171563867,0.0,1.2958264033625957,66147.67171563867,89.56000689452048,0.05371832990254411,438.5,0.09552876198492702,1.9178282807765172,0.0,402.1116666666667,1,4
302,74.0,0.10553692870430227,0.21107385740860454,66337.42711344897,0.0,1.4256479941585076,66337.42711344897,189.7553978102951,0.11216805548302583,444.5,0.71745949191898,6.79818430124291,0.024471635150166853,402.1116666666667,1,4
303,75.0,0.10784767758013222,0.21569535516026445,66531.33723773816,0.05672969966629588,1.4990474213482454,66531.33723773816,193.91012428919203,0.14020725924675057,450.5,0.9859365591874026,9.14193593510476,0.02335928809788654,402.1116666666667,1,4
304,76.0,0.07435766595963691,0.14871533191927383,66664.96099264747,-0.05672969966629588,1.4768326772910392,66664.96099264747,133.62375490930572,0.07086528162033377,456.5,0.14453877938094956,1.943831580988685,0.006674082313681869,402.1116666666667,1,4
305,77.0,0.03715506601434929,0.07431013202869859,66731.76580134127,0.0,1.3975302468357662,66731.76580134127,66.80480869380699,0.04247115744719425,462.5,0.06876660544176216,1.8508002492904867,0.0,402.1116666666667,1,4
306,78.0,0.04130215542545234,0.08260431085090468,66806.0270767963,0.0011123470522803114,1.4196051802502276,66806.0270767963,74.26127545502095,0.04746231860371112,468.5,0.07404567438514031,1.7927799075471462,0.0,402.1116666666667,1,4
307,79.0,0.040829629166231195,0.08165925833246239,66879.57542255241,-0.0011123470522803114,1.4030779087052123,66879.57542255241,73.5483457561204,0.0451774753137316,474.5,0.07070971843374949,1.7318236750538774,0.0,402.1116666666667,1,4
308,80.0,0.04783919705204699,0.09567839410409398,66965.59029885198,0.0,1.4733226016100835,66965.59029885198,86.01487629956682,0.0533446591567183,480.5,0.09183958353637948,1.9197559573682217,0.0,402.1116666666667,1,4
309,81.0,0.04558518380077432,0.09117036760154865,67047.58581410586,0.0,1.5366193237517816,67047.58581410586,81.99551525387506,0.05491710409207008,486.5,0.10117645448210896,2.2195030500324613,0.0,402.1116666666667,1,4
310,82.0,0.028186588806965316,0.05637317761393063,67098.26530078075,0.0,1.2527205469240834,67098.26530078075,50.67948667489691,0.030807357598057413,492.5,0.04922002271640102,1.7462213343190374,0.0,402.1116666666667,1,4
311,83.0,0.02577416027130887,0.05154832054261774,67144.24640270478,0.021300448430493273,1.1682964622530836,67144.24640270478,45.981101924029645,0.030617872813689592,498.49611111111113,0.04849018128659342,1.881348636625475,0.0,402.1116666666667,1,4
312,0.0,0.11695134319649515,0.2339026863929903,209.88751717584606,-0.09788654060066741,1.927313767932322,209.88751717584606,209.88751717584606,0.11509876019219703,0.5,0.16046113118234623,1.3720332473030972,0.002224694104560623,366.05611111111114,1,5
313,1.0,1.184554466022349,2.369108932044698,2341.487986200122,0.008898776418242492,1.7754158155436979,2341.487986200122,2131.600469024276,1.334437314076508,6.5,5.205761305780271,4.394699826054308,0.19577308120133483,366.05611111111114,1,5
314,2.0,1.4023223387087909,2.8046446774175817,4865.046306010112,0.0033370411568409346,1.8621242350874398,4865.046306010112,2523.55831980999,1.3367228332183088,12.5,5.6310511677219655,4.015518409916253,0.20578420467185762,366.05611111111114,1,5
315,3.0,1.1054746559043405,2.210949311808681,6855.651968883819,-0.014460511679644048,1.8014358637751557,6855.651968883819,1990.605662873707,1.105970157088772,18.5,5.000171076115442,4.523098787846041,0.17908787541713014,366.05611111111114,1,5
316,4.0,0.25576279630374044,0.5115255926074809,7368.794222377766,0.012235817575083427,1.5313606520837804,7368.794222377766,513.1422534939475,0.35134727670333105,24.5,2.1739900326891934,8.500024491863126,0.030033370411568408,366.05611111111114,1,5
317,5.0,0.23338178961581504,0.4667635792316301,7789.119354845541,-0.008898776418242492,1.5962787268980987,7789.119354845541,420.3251324677749,0.23790357811902643,30.5,1.9367160890152249,8.298488464774305,0.03670745272525028,366.05611111111114,1,5
318,6.0,0.12933754217507987,0.25867508435015973,8022.324059732452,-0.008898776418242492,1.7007367095340185,8022.324059732452,233.2047048869108,0.1833158610842524,36.5,1.144935684918644,8.852307424929904,0.013348164627363738,366.05611111111114,1,5
319,7.0,0.07326126996296543,0.14652253992593087,8154.396440607795,0.0011123470522803114,1.6650656017831353,8154.396440607795,132.0723808753428,0.07755605119217103,42.5,0.11092648321379889,1.514121762697722,0.0,366.05611111111114,1,5
320,8.0,0.07004403549084195,0.1400880709816839,8280.715735078731,0.0033370411568409346,1.6411733145599545,8280.715735078731,126.31929447093626,0.07862913643094906,48.5,0.1173260526041457,1.675032738790239,0.0,366.05611111111114,1,5
321,9.0,0.08045120455952257,0.16090240911904513,8425.859440585966,0.010011123470522803,1.686363736669293,8425.859440585966,145.1437055072347,0.08820540419376577,54.5,0.13049943407708625,1.622094222101237,0.0,366.05611111111114,1,5
322,10.0,0.0792383134753401,0.1584766269506802,8568.885688369393,-0.013348164627363738,1.611220977642271,8568.885688369393,143.0262477834276,0.08904506358461035,60.5,0.13056140339075442,1.6477054806496692,0.0,366.05611111111114,1,5
323,11.0,0.4377924819405772,0.8755849638811544,9356.527996652514,0.09232480533926585,1.6690643049536322,9356.527996652514,787.6423082831207,0.4613347836888834,66.5,6.239096461232217,14.251264511387994,0.03781979977753059,366.05611111111114,1,5
324,12.0,2.1446740463309975,4.289348092661995,13212.494306763121,0.5494994438264739,1.265076318072964,13212.494306763121,3855.966310110607,1.9266866506711557,72.5,4.307966294181269,2.0086811334109838,0.9488320355951056,366.05611111111114,1,5
325,13.0,0.8889626879161316,1.7779253758322633,14811.598862269946,-0.021134593993325918,1.5932968765443316,14811.598862269946,1599.104555506825,0.7903162261498453,78.5,3.3656793659242417,3.786074951935186,0.592880978865406,366.05611111111114,1,5
326,14.0,0.5177957575381577,1.0355915150763153,15743.477211310523,0.20133481646273638,1.3918286522853434,15743.477211310523,931.8783490405767,0.542094848472558,84.5,2.835735641245768,5.47655248225319,0.40266963292547275,366.05611111111114,1,5
327,15.0,1.382454237437651,2.764908474875302,18236.85212500164,-0.20689655172413793,1.149905478509348,18236.85212500164,2493.3749136911156,0.9909398956685421,90.5,3.1907085326465117,2.308003003817632,0.8275862068965517,366.05611111111114,1,5
328,16.0,3.183760823781301,6.367521647562602,23961.568119485473,0.05784204671857619,1.1121027767536082,23961.568119485473,5724.715994483835,2.1007486836760876,96.5,6.835282334416003,2.146920799879009,0.9154616240266963,366.05611111111114,1,5
329,17.0,0.5504591190721104,1.1009182381442209,24951.61730793875,0.12124582869855395,1.5374266043351494,24951.61730793875,990.0491884532785,0.6006244678238006,102.5,1.892631431338021,3.4382779134050194,0.38264738598442716,366.05611111111114,1,5
330,18.0,0.8612944274798785,1.722588854959757,26499.998806126463,-0.13348164627363737,1.4154477099842013,26499.998806126463,1548.3814981877113,0.830711388918874,108.5,2.705359445647576,3.1410390678636757,0.5761957730812013,366.05611111111114,1,5
331,19.0,0.6250206258512198,1.2500412517024395,27624.544495266786,0.15016685205784205,1.6137175965460866,27624.544495266786,1124.5456891403228,0.6020943736931319,114.5,1.6559882005047166,2.6494936839074956,0.5239154616240267,366.05611111111114,1,5
332,20.0,1.4046585714851914,2.8093171429703827,30150.539308702806,-0.13236929922135707,1.4998573378752043,30150.539308702806,2525.99481343602,1.082826703375382,120.5,4.138562279081204,2.9463119103066924,0.6718576195773082,366.05611111111114,1,5
333,21.0,0.40845050636769337,0.8169010127353867,30885.224388409013,0.03670745272525028,1.5614900872389037,30885.224388409013,734.685079706207,0.414567719374742,126.5,1.9193649901545278,4.699137252205255,0.30700778642936594,366.05611111111114,1,5
334,22.0,0.45728116907468475,0.9145623381493695,31707.511757020122,0.17908787541713014,1.4265207839835734,31707.511757020122,822.2873686111088,0.45663626768027005,132.5,0.86848721995225,1.8992411642702165,0.39043381535038935,366.05611111111114,1,5
335,23.0,0.6095265198366432,1.2190530396732864,32808.30464599012,-0.8309232480533927,1.5822043772406535,32808.30464599012,1100.7928889700015,0.5921144736423397,138.5,2.6334938591604375,4.320556650867677,0.3203559510567297,366.05611111111114,1,5
336,24.0,0.6663257126364913,1.3326514252729826,34007.3249346943,-0.07341490545050056,1.8115571157218957,34007.3249346943,1199.0202887041742,0.6605995130016675,144.5,3.041438939095385,4.564492831983234,0.4983314794215795,366.05611111111114,1,5
337,25.0,0.4184883633042333,0.8369767266084666,34759.548195604955,0.0055617352614015575,1.8383214287217993,34759.548195604955,752.2232609106577,0.4427970609791408,150.5,2.6821456968474293,6.409128501615132,0.17797552836484984,366.05611111111114,1,5
338,26.0,0.5020431920629778,1.0040863841259555,35661.8849183817,-0.012235817575083427,1.5598167361564026,35661.8849183817,902.3367227767449,0.5518759827435785,156.5,3.1330666819303734,6.240631745360571,0.2836484983314794,366.05611111111114,1,5
339,27.0,0.4339816939133985,0.867963387826797,36443.69208184919,-0.0011123470522803114,1.5842663565652673,36443.69208184919,781.8071634674925,0.4417255585330877,162.5,2.633984584606574,6.069344909124642,0.21023359288097887,366.05611111111114,1,5
340,28.0,0.35227411423356453,0.7045482284671291,37077.28674215192,0.020022246941045607,1.6022395879993474,37077.28674215192,633.594660302726,0.35293149477206026,168.5,2.091586698673553,5.937384026141617,0.11790878754171301,366.05611111111114,1,5
341,29.0,0.5096181667296186,1.0192363334592371,37993.67632404365,-0.0055617352614015575,1.6076777639962818,37993.67632404365,916.3895818917299,0.5449991197713647,174.5,2.740926209500516,5.378391879335678,0.3047830923248053,366.05611111111114,1,5
342,30.0,0.6938135053971087,1.3876270107942175,39241.266182860774,0.10122358175750834,1.514322699604795,39241.266182860774,1247.5898588171258,0.5747867058948617,180.5,1.5987536203871533,2.3042987891567432,0.6496106785317018,366.05611111111114,1,5
343,31.0,0.532833794730003,1.065667589460006,40199.71037687902,-0.0867630700778643,1.762931287292153,40199.71037687902,958.4441940182442,0.5759099768157002,186.5,3.2052592268525015,6.0154953731428895,0.3359288097886541,366.05611111111114,1,5
344,32.0,0.3128970024255146,0.6257940048510292,40762.345773675785,-0.025583982202447165,1.8218282239446248,40762.345773675785,562.6353967967661,0.37836418719435677,192.5,3.1338864733564806,10.015712675619207,0.06562847608453838,366.05611111111114,1,5
345,33.0,0.9450594376255851,1.8901188752511702,42461.831194079336,0.017797552836484983,1.5836040529108346,42461.831194079336,1699.485420403551,0.9749984458116582,198.5,3.5105617282004147,3.7146464956961087,0.6829810901001112,366.05611111111114,1,5
346,34.0,0.3781943487216254,0.7563886974432508,43141.87522305352,-0.02335928809788654,1.7774821378430623,43141.87522305352,680.0440289741819,0.382747355823577,204.5,2.400048105034571,6.34607077854872,0.1935483870967742,366.05611111111114,1,5
347,35.0,0.6358475873098193,1.2716951746196385,44285.23476710024,0.0055617352614015575,1.666943396120785,44285.23476710024,1143.3595440467252,0.6852581986128791,210.5,4.8995750172941746,7.705580889319058,0.3770856507230256,366.05611111111114,1,5
348,36.0,0.3480384831705479,0.6960769663410958,44910.81864646233,0.05116796440489433,1.869465708992384,44910.81864646233,625.583879362086,0.3785954237501304,216.5,2.374207675298448,6.821681480938487,0.06340378197997776,366.05611111111114,1,5
349,37.0,0.32027208186803136,0.6405441637360627,45486.944828658234,-0.060066740823136816,1.6529789086617515,45486.944828658234,576.1261821959051,0.2818064258257411,222.5,0.9388353287284826,2.931367989531261,0.1668520578420467,366.05611111111114,1,5
350,38.0,0.3052053829144289,0.6104107658288578,46035.69300354106,0.04004449388209121,1.7860546081309214,46035.69300354106,548.7481748828286,0.24919033145379224,228.5,0.7121371546934958,2.333304700897622,0.18242491657397109,366.05611111111114,1,5
351,39.0,0.31205326163772085,0.6241065232754417,46597.20672157084,-0.041156840934371525,1.680524632137101,46597.20672157084,561.5137180297752,0.2759279895535094,234.5,1.3469718939722812,4.316480740829596,0.21245828698553948,366.05611111111114,1,5
352,40.0,0.2607391251052181,0.5214782502104361,47066.18587488724,0.004449388209121246,1.9097823483090894,47066.18587488724,468.9791533164025,0.3910640114620286,240.5,3.810174459355286,14.612975547178571,0.05116796440489433,366.05611111111114,1,5
353,41.0,0.14569772403877942,0.29139544807755885,47328.25521694642,0.0011123470522803114,1.8815171337276682,47328.25521694642,262.06934205917787,0.18252413152227231,246.5,1.400447196882251,9.612004622045454,0.01557285873192436,366.05611111111114,1,5
354,42.0,0.11762767786488003,0.23525535572976006,47539.74556799814,0.03337041156840934,1.6866043406717233,47539.74556799814,211.49035105172516,0.15330598596722603,252.5,1.232945097030217,10.481760070504087,0.011123470522803115,366.05611111111114,1,5
355,43.0,0.12887413471604361,0.25774826943208723,47771.562607138585,-0.025583982202447165,1.4238470727950534,47771.562607138585,231.81703914044192,0.11564128408105401,258.5,0.35422003429969157,2.7485735216004867,0.025583982202447165,366.05611111111114,1,5
356,44.0,0.11218561194266026,0.22437122388532052,47973.252609657815,-0.012235817575083427,1.6589636205098865,47973.252609657815,201.6900025192299,0.15186464193173257,264.5,1.3974371951149207,12.456474327823534,0.011123470522803115,366.05611111111114,1,5
357,45.0,0.07948363669084735,0.1589672733816947,48116.16386806411,-0.0011123470522803114,1.3350579954512698,48116.16386806411,142.91125840629684,0.08579948595332883,270.5,0.13572965116369806,1.7076426899239692,0.0033370411568409346,366.05611111111114,1,5
358,46.0,0.08626557831936649,0.17253115663873297,48271.26937788227,-0.0011123470522803114,1.2746475899715333,48271.26937788227,155.1055098181605,0.0970604365592133,276.5,0.19422982377257506,2.2515333178838812,0.008898776418242492,366.05611111111114,1,5
359,47.0,0.032719862092037776,0.06543972418407555,48330.099689923845,0.0,1.2993891380871028,48330.099689923845,58.83031204157305,0.03907438662202071,282.5,0.14093898962527093,4.307444488269032,0.0,366.05611111111114,1,5
360,48.0,0.05041783857063405,0.1008356771412681,48420.75695818373,0.0,1.335516066553217,48420.75695818373,90.65726825988531,0.0598061768226759,288.5,0.13353903539403122,2.648646573909482,0.0,366.05611111111114,1,5
361,49.0,0.08033198387455293,0.16066396774910585,48565.193865190085,0.0,1.401153174673883,48565.193865190085,144.4369070063549,0.09285253090571419,294.5,0.6427760082227345,8.001495509266878,0.012235817575083427,366.05611111111114,1,5
362,50.0,0.17790368807780668,0.35580737615561336,48885.12134855891,0.0011123470522803114,1.4940639310845274,48885.12134855891,319.92748336882505,0.15690622855168335,300.5,1.3688887062025406,7.694549342922296,0.0389321468298109,366.05611111111114,1,5
363,51.0,0.08080610199563007,0.16161220399126014,49030.37959562775,-0.0011123470522803114,1.587758586413064,49030.37959562775,145.25824706884305,0.09174854871248272,306.5,0.6163369173536226,7.62735612945361,0.012235817575083427,366.05611111111114,1,5
364,52.0,0.17380983637340702,0.34761967274681405,49342.889681427085,0.0011123470522803114,1.5604274533919262,49342.889681427085,312.51008579933114,0.18089496279177023,312.5,1.28089635279106,7.369527407178651,0.048943270300333706,366.05611111111114,1,5
365,53.0,0.07467886662861767,0.14935773325723534,49477.49612405051,0.01557285873192436,1.4997644707681181,49477.49612405051,134.60644262342248,0.08268566668010839,318.5,0.6511404844394388,8.719206836354363,0.012235817575083427,366.05611111111114,1,5
366,54.0,0.06466309410274194,0.1293261882054839,49593.70537339978,-0.01668520578420467,1.4467924604598772,49593.70537339978,116.20924934927461,0.08115804063985214,324.5,0.23669389373827962,3.6604170744165327,0.008898776418242492,366.05611111111114,1,5
367,55.0,0.05787210396675243,0.11574420793350486,49697.82050163266,0.00778642936596218,1.511016345418102,49697.82050163266,104.11512823287921,0.06218544637914142,330.5,0.1319119955380584,2.279371000816593,0.006674082313681869,366.05611111111114,1,5
368,56.0,0.17605095899058473,0.35210191798116947,50014.502827756594,-0.00778642936596218,2.20154326008095,50014.502827756594,316.6823261239333,0.22955572214357317,336.5,1.8396937171863272,10.449779585038868,0.011123470522803115,366.05611111111114,1,5
369,57.0,0.35689074842893015,0.7137814968578603,50656.243032608836,0.011123470522803115,1.8501204235072706,50656.243032608836,641.7402048522417,0.4508698395909714,342.5,2.127703082200286,5.96177707482375,0.08342602892102335,366.05611111111114,1,5
370,58.0,0.23314480929393522,0.46628961858787044,51075.38956496879,-0.010011123470522803,1.7256291670729913,51075.38956496879,419.146532359955,0.2702155768348686,348.5,1.8138912687372424,7.7801057387059185,0.030033370411568408,366.05611111111114,1,5
371,59.0,0.6234602445131221,1.2469204890262442,52196.60818155646,0.01557285873192436,1.8238939602124253,52196.60818155646,1121.21861658767,0.6943718902094415,354.5,3.1401796663307073,5.036695914401027,0.15239154616240266,366.05611111111114,1,5
372,60.0,0.5154479387053676,1.0308958774107353,53123.56970863419,0.041156840934371525,1.6268293740112703,53123.56970863419,926.9615270777285,0.4255372518160306,360.5,1.0444951440507042,2.026383395138073,0.4916573971078977,366.05611111111114,1,5
373,61.0,0.18575547773627452,0.37151095547254903,53457.85967298186,-0.05561735261401557,1.697201315565955,53457.85967298186,334.2899643476703,0.18379779309401048,366.5,0.7154916016310603,3.851792745766971,0.1167964404894327,366.05611111111114,1,5
374,62.0,0.06617899924219531,0.13235799848439062,53576.897384866,0.006674082313681869,1.6453778463738706,53576.897384866,119.03771188414248,0.07283305862033163,372.5,0.11341291454410186,1.713729670178973,0.0011123470522803114,366.05611111111114,1,5
375,63.0,0.061820176246848615,0.12364035249369723,53688.07830047633,-0.006674082313681869,1.59185083581592,53688.07830047633,111.18091561032634,0.0685881114521928,378.5,0.1172865988268546,1.897222006590987,0.0,366.05611111111114,1,5
376,64.0,0.058707435717059615,0.11741487143411923,53793.69259600495,0.0011123470522803114,1.490955385679375,53793.69259600495,105.61429552861955,0.06925321521154792,384.5,0.1397534220434388,2.3805063249054204,0.0,366.05611111111114,1,5
377,65.0,0.09769430191142219,0.19538860382284437,53969.34695084172,0.004449388209121246,1.572242679375031,53969.34695084172,175.65435483676993,0.0957295288002559,390.5,0.622935826318669,6.376378295670454,0.012235817575083427,366.05611111111114,1,5
378,66.0,0.04244749417881705,0.0848949883576341,54045.44840346217,-0.0011123470522803114,1.5302549388805546,54045.44840346217,76.10145262045262,0.046696098813497545,396.5,0.07821146771187007,1.8425461673283092,0.0,366.05611111111114,1,5
379,67.0,0.055209338511984236,0.11041867702396847,54144.852716130736,-0.006674082313681869,1.6775079754522733,54144.852716130736,99.40431266856467,0.06809762019020343,402.5,0.2659902600029841,4.817849066335867,0.010011123470522803,366.05611111111114,1,5
380,68.0,0.06292374000070737,0.12584748000141474,54257.98960065198,0.0,1.569913934915306,54257.98960065198,113.13688452124188,0.05841528765824945,408.5,0.09218399455847236,1.4650113702306324,0.0011123470522803114,366.05611111111114,1,5
381,69.0,0.055946163148592194,0.11189232629718439,54358.61009837906,0.0033370411568409346,1.3437559338061436,54358.61009837906,100.6204977270827,0.052864334074522575,414.5,0.0928505743401164,1.6596415038061971,0.0,366.05611111111114,1,5
382,70.0,0.0471104980130617,0.0942209960261234,54443.32429655925,-0.0033370411568409346,1.3190893725820991,54443.32429655925,84.71419818019058,0.04718225627602711,420.5,0.07554952221237508,1.6036663885707274,0.0,366.05611111111114,1,5
383,71.0,0.05184199645642019,0.10368399291284038,54536.56758550822,0.002224694104560623,1.3222480061452602,54536.56758550822,93.2432889489719,0.056230001521216266,426.5,0.11410051532985174,2.2009282652871556,0.0,366.05611111111114,1,5
384,72.0,0.05389278600915331,0.10778557201830662,54633.42860136008,0.006674082313681869,1.4081639040087615,54633.42860136008,96.86101585185679,0.052382361008408186,432.5,0.08973489385501288,1.665063183776991,0.0,366.05611111111114,1,5
385,73.0,0.054392524334318626,0.10878504866863725,54731.203480313394,-0.006674082313681869,1.333936787575118,54731.203480313394,97.77487895331433,0.0521065913176212,438.5,0.08912505001585874,1.6385532958180036,0.0,366.05611111111114,1,5
386,74.0,0.05361287949506002,0.10722575899012005,54827.620303169,0.0055617352614015575,1.444587661708107,54827.620303169,96.41682285560819,0.05300054555139343,444.5,0.11476301936299188,2.140586747883339,0.0,366.05611111111114,1,5
387,75.0,0.04721345708865467,0.09442691417730933,54912.85454871534,-0.004449388209121246,1.4010294556855198,54912.85454871534,85.23424554633675,0.0505305624378443,450.5,0.08357571185756524,1.770167172902244,0.0,366.05611111111114,1,5
388,76.0,0.04128143243865407,0.08256286487730814,54987.12220722752,0.002224694104560623,1.3273979706443486,54987.12220722752,74.26765851218079,0.039757941544803034,456.5,0.06217637496141304,1.506158369233183,0.0,366.05611111111114,1,5
389,77.0,0.05004077251330914,0.10008154502661828,55077.12967530524,-0.0055617352614015575,1.4447509554669853,55077.12967530524,90.00746807771793,0.052265443237065355,462.5,0.09914833225899536,1.9813509520186818,0.0,366.05611111111114,1,5
390,78.0,0.055906092174427595,0.11181218434885519,55177.6488290349,0.0011123470522803114,1.4303303475008664,55177.6488290349,100.51915372966323,0.060025784828061195,468.5,0.10621585581464488,1.8998976977902569,0.0,366.05611111111114,1,5
391,79.0,0.055102775644045365,0.11020555128809073,55276.72361964287,-0.0011123470522803114,1.5452143827926998,55276.72361964287,99.0747906079705,0.0591168994183346,474.5,0.09282316166050504,1.684546024688974,0.0,366.05611111111114,1,5
392,80.0,0.056604827214153275,0.11320965442830655,55378.499098973836,0.0,1.1197958066054647,55378.499098973836,101.77547933096503,0.06519997460883864,480.5,0.1311966310777874,2.3177640059112035,0.0,366.05611111111114,1,5
393,81.0,0.04559210244496713,0.09118420488993426,55460.47369916988,0.0,1.2596777633725766,55460.47369916988,81.97460019604478,0.049102262122223794,486.5,0.09056190760312953,1.9863507657372046,0.0,366.05611111111114,1,5
394,82.0,0.041229286676131446,0.08245857335226289,55534.60395661352,0.0,1.2936123453766577,55534.60395661352,74.13025744364131,0.04329769066353672,492.5,0.06911645031338473,1.6763920961406733,0.0,366.05611111111114,1,5
395,83.0,0.04102470915412313,0.08204941830824626,55607.79203774453,0.0515695067264574,1.2250986879239296,55607.79203774453,73.18808113101113,0.04531796439745205,498.49611111111113,0.07452311998153269,1.8165423111608543,0.0,366.05611111111114,1,5
396,0.0,0.7842334901799617,1.5684669803599234,1353.430424222576,0.002224694104560623,1.6568476123364257,1353.430424222576,1353.430424222576,0.7308168287002594,0.5,1.9892292463468582,2.5365267758335346,0.3081201334816463,330.2783333333333,1,6
397,1.0,1.044855348895285,2.08971069779057,3214.9446990529127,-0.08914728682170543,1.2607115642991216,3214.9446990529127,1861.5142748303367,0.8378476615581946,6.5,3.0678218082542177,2.936121073120595,0.5465116279069767,330.2783333333333,1,6
398,2.0,0.24039111769841065,0.4807822353968213,3660.653930706939,0.028921023359288096,1.6888158138723344,3660.653930706939,445.7092316540261,0.19777359929338198,12.5,0.26347964034516935,1.0960456562114955,0.03114571746384872,330.2783333333333,1,6
399,3.0,1.3503809353279437,2.7007618706558874,6274.8458871299235,0.013348164627363738,1.249423793467075,6274.8458871299235,2614.1919564229847,0.8662943277103241,18.5,1.3780537843893736,1.0204926242199277,0.7541713014460512,330.2783333333333,1,6
400,4.0,1.1048544329351906,2.209708865870381,8414.748302679765,-0.04560622914349277,1.3027397418436892,8414.748302679765,2139.902415549842,0.8075408888103054,24.5,2.2045447787738004,1.995326002283521,0.5027808676307007,330.2783333333333,1,6
401,5.0,0.9970153933234782,1.9940307866469564,10333.358167234857,-0.0055617352614015575,1.4693969572616508,10333.358167234857,1918.609864555092,0.8963017131172499,30.5,2.832425935293606,2.840904919082463,0.43492769744160176,330.2783333333333,1,6
402,6.0,0.47231810765055304,0.9446362153011061,11287.007776925819,0.07230255839822025,1.666913428459115,11287.007776925819,953.6496096909614,0.38701095692174714,36.5,0.46320069522561924,0.9806964580073239,0.2347052280311457,330.2783333333333,1,6
403,7.0,0.6277667930608768,1.2555335861217536,12464.404847464117,-0.04004449388209121,1.497109111010146,12464.404847464117,1177.397070538298,0.49645484245067434,42.5,0.6315275705206861,1.0059907237868897,0.5294771968854283,330.2783333333333,1,6
404,8.0,0.9453193208604025,1.890638641720805,14293.515313718737,0.0011123470522803114,1.2000812635075637,14293.515313718737,1829.1104662546204,0.6296841227985562,48.5,1.0166920797817571,1.0755012167279023,0.6095661846496107,330.2783333333333,1,6
405,9.0,0.6288467387348665,1.257693477469733,15466.6997026377,0.042269187986651836,1.629872298856855,15466.6997026377,1173.1843889189622,0.6225078383778547,54.5,1.937300265368966,3.080719269160061,0.1935483870967742,330.2783333333333,1,6
406,10.0,0.4179055977143567,0.8358111954287134,16369.903273222983,-0.03114571746384872,1.6152549937959597,16369.903273222983,903.2035705852832,0.35527988363625573,60.5,0.4618479389614855,1.1051489654301399,0.2324805339265851,330.2783333333333,1,6
407,11.0,1.0106989810041906,2.0213979620083813,18294.267370153255,-0.017797552836484983,1.3461695518436505,18294.267370153255,1924.3640969302724,0.9831250043506841,66.5,9.557905625239487,9.456728269126312,0.4560622914349277,330.2783333333333,1,6
408,12.0,2.9220645796905402,5.8441291593810805,23548.650188929892,-0.004449388209121246,0.8085468945391019,23548.650188929892,5254.382818776638,3.190321435590428,72.5,24.00420789798939,8.214810878865498,0.0878754171301446,330.2783333333333,1,6
409,13.0,0.36847304993612623,0.7369460998722525,24211.16473271503,0.40378197997775306,0.7648765772377664,24211.16473271503,662.5145437851388,0.4032850141800924,78.5,7.367642554498201,19.995064919334972,0.006674082313681869,330.2783333333333,1,6
410,14.0,0.5777712091430404,1.1555424182860807,25250.070449088533,0.07897664071190211,1.5692453707362133,25250.070449088533,1038.9057163735015,0.6557807996891176,84.5,3.6218321115439718,6.26862684438003,0.22135706340378197,330.2783333333333,1,6
411,15.0,0.39897417774731997,0.7979483554946399,25967.545097758997,0.027808676307007785,1.5154439740388002,25967.545097758997,717.4746486704644,0.5503540256898395,90.5,2.718234493969796,6.8130587029903475,0.07341490545050056,330.2783333333333,1,6
412,16.0,0.2184695216937151,0.4369390433874302,26360.820001949523,-0.028921023359288096,1.4914687119429821,26360.820001949523,393.2749041905263,0.3449479525304278,96.5,0.4446268039045916,2.035189167155038,0.03225806451612903,330.2783333333333,1,6
413,17.0,0.7508869053342625,1.501773810668525,27711.263679445867,0.002224694104560623,1.559715201623016,27711.263679445867,1350.4436774963433,0.9167420397821942,102.5,3.153868586490876,4.200191219324712,0.23136818687430477,330.2783333333333,1,6
414,18.0,0.7799501827302985,1.559900365460597,29114.82194414054,0.058954393770856504,1.5710279303625145,29114.82194414054,1403.558264694675,0.7733052422383061,108.5,3.5048678759969563,4.493707359267221,0.4371523915461624,330.2783333333333,1,6
415,19.0,0.4367727934258931,0.8735455868517862,29900.24383836299,0.07675194660734148,1.5130075021946543,29900.24383836299,785.421894222447,0.5554526896387887,114.5,0.8518544058983218,1.9503376096681153,0.19911012235817574,330.2783333333333,1,6
416,20.0,0.5725674779871646,1.1451349559743291,30929.720163783946,-0.006674082313681869,1.6453507534029297,30929.720163783946,1029.4763254209574,0.5729422039229948,120.5,4.1182015975070465,7.192517486295939,0.24694104560622915,330.2783333333333,1,6
417,21.0,0.7316890251277567,1.4633780502555134,32237.068573081047,0.2143658810325477,1.315049174421078,32237.068573081047,1307.3484092971012,0.7511180926545304,126.5,3.0025808576621733,4.1036297587460835,0.39281705948372614,330.2783333333333,1,6
418,22.0,1.268725146816172,2.537450293632344,34519.219058218616,0.1557285873192436,1.3677219039173347,34519.219058218616,2282.1504851375685,1.1788792027318202,132.5,5.968570048078134,4.704383816349887,0.5873192436040044,330.2783333333333,1,6
419,23.0,0.7033066340646447,1.4066132681292893,35753.95594667409,-1.0111234705228032,1.6415405258435198,35753.95594667409,1234.7368884554744,0.9428271891489566,138.5,3.496429741573079,4.971415840863096,0.24582869855394884,330.2783333333333,1,6
420,24.0,0.3881480773080333,0.7762961546160666,36451.84618967395,0.027808676307007785,1.5972840075024166,36451.84618967395,697.8902429998634,0.39667430985787416,144.5,0.7431853991671626,1.914695557225117,0.18131256952169078,330.2783333333333,1,6
421,25.0,0.6742112214746133,1.3484224429492266,37664.028579540325,0.0011123470522803114,1.3055481415174677,37664.028579540325,1212.1823898663715,0.7433293234071342,150.5,3.746206175165403,5.5564280982624705,0.39599555061179087,330.2783333333333,1,6
422,26.0,0.4721817799694069,0.9443635599388138,38512.74566614972,-0.026696329254727477,1.5298140918179994,38512.74566614972,848.7170866093948,0.5170344107988722,156.5,1.8943920675410804,4.01199738724315,0.185761957730812,330.2783333333333,1,6
423,27.0,0.7698877892872343,1.5397755785744687,39897.047300757666,0.034482758620689655,1.256652750968265,39897.047300757666,1384.3016346079457,0.6901006453878907,162.5,1.155449158313233,1.5008020316609425,0.5228031145717463,330.2783333333333,1,6
424,28.0,0.6268113072824707,1.2536226145649414,41158.79010954187,0.014606741573033709,1.5454892600163617,41158.79010954187,1261.7428087842054,0.5256344829978652,168.5,0.7652575293183876,1.220873842618041,0.4303370786516854,330.2783333333333,1,6
425,29.0,0.7940750920360601,1.5881501840721202,42586.69446674235,-0.048943270300333706,1.4616929035574224,42586.69446674235,1427.9043572004812,0.860405022458415,174.5,4.281625228782835,5.391965157608042,0.35372636262513907,330.2783333333333,1,6
426,30.0,0.38059587289777963,0.7611917457955593,43271.340981282876,0.01668520578420467,1.8028218715003388,43271.340981282876,684.6465145405236,0.45812192916628885,180.5,2.935934359990732,7.714046759459382,0.04004449388209121,330.2783333333333,1,6
427,31.0,0.4030512487515106,0.8061024975030212,43996.14979666502,0.07563959955506118,1.5389701585571252,43996.14979666502,724.8088153821445,0.4621751549704456,186.5,2.9078955333471375,7.214704190483515,0.06896551724137931,330.2783333333333,1,6
428,32.0,0.3938041519435847,0.7876083038871694,44704.91770697732,-0.054505005561735265,1.4412198787722403,44704.91770697732,708.767910312301,0.3929815565592621,192.5,1.3285117874430699,3.373534232400345,0.18798665183537264,330.2783333333333,1,6
429,33.0,0.4972423469889644,0.9944846939779288,45599.04139014693,-0.04004449388209121,1.6955497400030777,45599.04139014693,894.1236831696078,0.5640200624450034,198.5,3.6239098110968135,7.288015256627451,0.1557285873192436,330.2783333333333,1,6
430,34.0,0.32578466062710976,0.6515693212542195,46184.55420130375,0.020022246941045607,1.4678179832203575,46184.55420130375,585.5128111568192,0.3698015649548978,204.5,1.7572744337083228,5.393975364971783,0.03337041156840934,330.2783333333333,1,6
431,35.0,0.37991373881159607,0.7598274776231921,46868.26497094575,-0.0033370411568409346,1.6344948002625668,46868.26497094575,683.7107696419989,0.46866031579107914,210.5,3.133686468668166,8.24841575477269,0.09899888765294772,330.2783333333333,1,6
432,36.0,0.5011286430239239,1.0022572860478478,47769.35243824463,0.021134593993325918,1.7307379253229862,47769.35243824463,901.0874672988793,0.5532453050862435,216.5,2.1029623547524894,4.19645211669151,0.08565072302558398,330.2783333333333,1,6
433,37.0,0.4039882544643828,0.8079765089287656,48495.989224453,0.006674082313681869,1.561047272517754,48495.989224453,726.6367862083716,0.4991016669652905,222.5,2.9301992433438095,7.253179296583108,0.04004449388209121,330.2783333333333,1,6
434,38.0,0.45989429878646226,0.9197885975729245,49291.828076207916,-0.010739856801909307,1.5921352092381593,49291.828076207916,795.8388517549174,0.5819768610663517,228.5,4.310274404031588,9.372315367694808,0.07517899761336516,330.2783333333333,1,6
435,39.0,0.41237135016941956,0.8247427003388391,50033.663942438514,-0.00778642936596218,1.8271102845747738,50033.663942438514,741.8358662305982,0.4663529538411186,234.5,2.122954441937035,5.1481618232324715,0.11790878754171301,330.2783333333333,1,6
436,40.0,0.3012055891108239,0.6024111782216478,50575.423325294534,0.006674082313681869,1.4959740646186679,50575.423325294534,541.7593828560202,0.31712508464749045,240.5,0.8397056356184672,2.787815585020604,0.030033370411568408,330.2783333333333,1,6
437,41.0,0.3329094643469102,0.6658189286938204,51174.15933989487,-0.00778642936596218,1.5968134834170071,51174.15933989487,598.7360146003339,0.40232233013492086,246.5,2.2594693047576104,6.787038359483579,0.04449388209121246,330.2783333333333,1,6
438,42.0,0.3218145623010384,0.6436291246020768,51753.25022730672,0.00778642936596218,1.4545214302408793,51753.25022730672,579.090887411854,0.41734404204601233,252.5,2.582754206438475,8.025597685733258,0.030033370411568408,330.2783333333333,1,6
439,43.0,0.35103762068033073,0.7020752413606615,52384.93863445397,-0.025583982202447165,1.4849519320736058,52384.93863445397,631.688407147245,0.36283701264940826,258.5,1.1159737190444472,3.1790715675477377,0.06674082313681869,330.2783333333333,1,6
440,44.0,0.4490428920762119,0.8980857841524238,53193.16057537952,0.05005561735261402,1.622197669025005,53193.16057537952,808.2219409255558,0.43419710053866006,264.5,0.7364128077318298,1.6399609496699155,0.20689655172413793,330.2783333333333,1,6
441,45.0,0.44670371357525634,0.8934074271505127,53996.19017868611,0.00778642936596218,1.9319980115736968,53996.19017868611,803.0296033065897,0.5507221028170594,270.5,3.5671076924220193,7.9853996822013595,0.10456062291434928,330.2783333333333,1,6
442,46.0,0.8479227146409575,1.695845429281915,55522.467182247434,-0.026696329254727477,1.5655521528852177,55522.467182247434,1526.2770035613212,1.006335023446882,276.5,4.18747285095318,4.938507694921599,0.2324805339265851,330.2783333333333,1,6
443,47.0,0.5414100704753887,1.0828201409507774,56496.05445788186,-0.00778642936596218,1.4829636922671376,56496.05445788186,973.5872756344252,0.5559722591967144,282.5,2.2375281341170705,4.132778934371121,0.25361512791991103,330.2783333333333,1,6
444,48.0,0.47517401560226435,0.9503480312045287,57351.588956851265,-0.03114571746384872,1.5559152630316586,57351.588956851265,855.5344989694058,0.45741054444465984,288.5,1.4013571352028438,2.9491451324977835,0.19577308120133483,330.2783333333333,1,6
445,49.0,0.14616078032645335,0.2923215606529067,57614.38603987818,0.0,1.2089883249178859,57614.38603987818,262.7970830269187,0.19847062360643242,294.5,0.8756223636754532,5.990816152730789,0.011123470522803115,330.2783333333333,1,6
446,50.0,0.20608303780398138,0.41216607560796276,57984.92334184977,0.025583982202447165,1.2605994858514982,57984.92334184977,370.5373019715844,0.2730799867920233,300.5,1.8931015866483059,9.18611064171596,0.011123470522803115,330.2783333333333,1,6
447,51.0,0.39649153235292905,0.7929830647058581,58698.48033131548,-0.02224694104560623,1.2151734005925487,58698.48033131548,713.5569894657092,0.6202787177937913,306.5,4.1065146863778885,10.357130862311974,0.04004449388209121,330.2783333333333,1,6
448,52.0,0.2567552433213743,0.5135104866427486,59160.59993889928,0.008898776418242492,0.6426958424037564,59160.59993889928,462.11960758380155,0.24745320884984645,312.5,0.8756473919183037,3.4104362605840812,0.1568409343715239,330.2783333333333,1,6
449,53.0,0.2189473135712354,0.4378946271424708,59782.76324168454,-0.013205282112845138,0.8123710835049667,59782.76324168454,622.1633027852586,0.2763555227869158,318.5,1.6818516701975688,7.681535994961507,0.061224489795918366,330.2783333333333,1,6
450,54.0,0.08452923963426165,0.1690584792685233,59934.746814546896,0.0,0.7660385092251343,59934.746814546896,151.98357286235841,0.12721969957434176,324.5,0.7318402930847032,8.657835989667078,0.011123470522803115,330.2783333333333,1,6
451,55.0,0.06819823205085376,0.13639646410170753,60057.36723577432,0.0,0.9672465914503035,60057.36723577432,122.62042122742423,0.09850132519092718,330.5,0.6021328227792551,8.829155898502753,0.011123470522803115,330.2783333333333,1,6
452,56.0,0.10876757233772966,0.2175351446754593,60252.931330837586,0.0,1.0870165625842403,60252.931330837586,195.564095063266,0.12989218664279345,336.5,0.3957591650993786,3.6385767981519646,0.011123470522803115,330.2783333333333,1,6
453,57.0,0.061651956997914724,0.12330391399582945,60363.78154951987,0.0,0.962191475485408,60363.78154951987,110.85021868228068,0.07837758562599492,342.5,0.26417733776280483,4.284978946763039,0.011123470522803115,330.2783333333333,1,6
454,58.0,0.06834213576459135,0.1366842715291827,60486.66070962462,0.0,0.905981836135656,60486.66070962462,122.87916010475601,0.09253649479367995,348.5,0.2789063621750526,4.081030817294949,0.011123470522803115,330.2783333333333,1,6
455,59.0,0.06296333482853057,0.12592666965706115,60599.868785646315,0.010011123470522803,0.8574257758678477,60599.868785646315,113.20807602169225,0.09508241346125332,354.5,0.7298140748440793,11.591096259936009,0.012235817575083427,330.2783333333333,1,6
456,60.0,0.1479675871852675,0.295935174370535,60865.98615622465,-0.010011123470522803,1.3271096493406944,60865.98615622465,266.1173705783367,0.1732381786087756,360.5,0.7517062685675595,5.080209002978212,0.018909899888765295,330.2783333333333,1,6
457,61.0,0.1742175170804259,0.3484350341608518,61179.22925193532,0.0,1.397144653716859,61179.22925193532,313.2430957106699,0.17359035890982452,366.5,0.3915574087238183,2.247520314177474,0.011123470522803115,330.2783333333333,1,6
458,62.0,0.07962237851509861,0.15924475703019722,61322.39028850549,0.0,0.9471250567492308,61322.39028850549,143.16103657017084,0.11827378513976518,372.5,0.659190521148868,8.278960431003291,0.011123470522803115,330.2783333333333,1,6
459,63.0,0.07178884667787293,0.14357769335574586,61451.466634832315,0.0,1.0728590885847709,61451.466634832315,129.0763463268231,0.09077610947928427,378.5,0.30816017501500104,4.292591248857373,0.011123470522803115,330.2783333333333,1,6
460,64.0,0.05941291232594873,0.11882582465189746,61558.29105119435,0.0,0.7991895241316413,61558.29105119435,106.82441636203293,0.07299036988882027,384.5,0.15592362596419668,2.6244063766605943,0.0011123470522803114,330.2783333333333,1,6
461,65.0,0.0794844645483806,0.1589689290967612,61701.20411845235,0.0,0.805778030439804,61701.20411845235,142.9130672579995,0.10329309896167838,390.5,0.2939459027457732,3.6981554120787243,0.010011123470522803,330.2783333333333,1,6
462,66.0,0.3713672775190647,0.7427345550381294,62368.922483431714,0.0,0.8123946887780906,62368.922483431714,667.718364979366,0.41375901370225165,396.5,1.6501825482706343,4.443532449317427,0.15350389321468297,330.2783333333333,1,6
463,67.0,0.31087076002731834,0.6217415200546367,62927.86810996083,0.0,0.9060274062472403,62927.86810996083,558.9456265291155,0.34666358904398714,402.5,1.3579455387473962,4.368199629415337,0.13681868743047831,330.2783333333333,1,6
464,68.0,0.11952020924245618,0.23904041848491236,63142.765446178695,0.0,0.7834008010056001,63142.765446178695,214.8973362178658,0.15058237629423066,408.5,0.7906987326360412,6.615606997742502,0.04449388209121246,330.2783333333333,1,6
465,69.0,0.03182069812502029,0.06364139625004057,63199.97906140756,0.006674082313681869,0.6850249020227327,63199.97906140756,57.21361522886582,0.0422835040714207,414.5,0.08130052845533287,2.5549574096681145,0.0,330.2783333333333,1,6
466,70.0,0.06020514396869005,0.1204102879373801,63308.22791026322,-0.006674082313681869,0.837933069280646,63308.22791026322,108.24884885565552,0.07189674029187061,420.5,0.13992404584272505,2.3241211069189234,0.0,330.2783333333333,1,6
467,71.0,0.0383143449872145,0.076628689974429,63376.65733041038,0.013437849944008958,0.7365114995743812,63376.65733041038,68.42942014716391,0.0473737569943258,426.49666666666667,0.09599759359901676,2.505526158180472,0.0,330.2783333333333,1,6
468,0.0,0.09691689024673583,0.19383378049347166,171.15115275814327,-0.011123470522803115,1.0172006368752289,171.15115275814327,171.15115275814327,0.14552180473196452,0.5,0.784420555150584,8.093744580057894,0.008898776418242492,282.38944444444445,1,7
469,1.0,0.04174452744887577,0.08348905489775155,274.3327953112875,-0.018909899888765295,1.006138928808904,274.3327953112875,103.18164255314423,0.04808361162544567,6.5,0.07353506330879159,1.7615497839531051,0.004449388209121246,282.38944444444445,1,7
470,2.0,0.050089848726360936,0.10017969745272187,365.9012303875057,-0.002224694104560623,1.5143526150649573,365.9012303875057,91.56843507621818,0.05548459775284569,12.5,0.07283674247819524,1.4541218296765035,0.0,282.38944444444445,1,7
471,3.0,0.04809102643180733,0.09618205286361466,441.38773373386357,0.02056555269922879,1.263446894919488,441.38773373386357,75.48650334635789,0.05717357036046124,18.432777777777776,0.07825022979336609,1.6271274622163503,0.002570694087403599,282.38944444444445,1,7
472,4.0,1.4367160222285342,2.8734320444570685,3288.4639109935374,0.010011123470522803,1.3496271551115053,3288.4639109935374,2847.076177259674,0.9351371162369422,24.5,3.310837925469382,2.3044483908057485,0.6295884315906563,282.38944444444445,1,7
473,5.0,0.5596895107812769,1.1193790215625539,4513.081478301263,0.03781979977753059,1.390748232792191,4513.081478301263,1224.6175673077255,0.47183511691701513,30.5,0.5731828800631531,1.0241086692209769,0.45161290322580644,282.38944444444445,1,7
474,6.0,0.3626608589762153,0.7253217179524306,5266.345912023289,-0.041156840934371525,1.5834603677655827,5266.345912023289,753.2644337220263,0.335023693037911,36.5,0.40389856061375445,1.11370871881226,0.185761957730812,282.38944444444445,1,7
475,7.0,1.308352130480276,2.616704260960552,7766.790937570472,0.03527980535279805,1.4158813682636513,7766.790937570472,2500.445025547183,1.153152190963601,42.49444444444445,3.6123158053276088,2.7609660435998853,0.6399026763990268,282.38944444444445,1,7
476,8.0,2.437108122077325,4.87421624415465,8400.458689864769,0.3466666666666667,1.6782549668436588,8400.458689864769,633.6677522942964,2.7261137159391233,48.35666666666667,5.573935102078191,2.2871103056876767,0.8,282.38944444444445,1,7
477,9.0,1.1399106060433413,2.2798212120866825,10066.391516492493,0.05214723926380368,1.2405020643897586,10066.391516492493,1665.9328266277244,0.8297555967922685,54.5,1.1184397810877122,0.9811644660188269,0.7791411042944786,282.38944444444445,1,7
478,10.0,1.2153525624514132,2.4307051249028264,12394.716574738872,-0.04560622914349277,1.1511701425369798,12394.716574738872,2328.325058246379,0.7951061333394281,60.5,1.1645029575455748,0.9581606140663638,0.8709677419354839,282.38944444444445,1,7
479,11.0,1.657224617418748,3.314449234837496,15537.937417939484,0.08542141230068337,1.0869421264420727,15537.937417939484,3143.220843200612,1.245699795517555,66.5,8.71037282387838,5.256000141637674,0.8678815489749431,282.38944444444445,1,7
480,12.0,0.9990830045386717,1.9981660090773434,17338.646949290658,0.5116796440489433,1.3759521246463788,17338.646949290658,1800.7095313511745,1.0657344150426504,72.5,5.33688101782458,5.341779405294652,0.7041156840934372,282.38944444444445,1,7
481,13.0,0.5831084779060562,1.1662169558121125,18386.415102289706,-0.19911012235817574,1.6465047371757275,18386.415102289706,1047.7681529990477,0.6626500475138318,78.5,3.0588104436951418,5.245697086551265,0.30700778642936594,282.38944444444445,1,7
482,14.0,1.2733985252344973,2.5467970504689945,20717.80220801811,0.1612541993281075,1.1834532159570117,20717.80220801811,2331.387105728405,1.0507562124241714,84.5,4.208102646874655,3.3046234650693744,0.8085106382978723,282.38944444444445,1,7
483,15.0,0.773666701857405,1.54733340371481,22112.600041436322,0.011123470522803115,1.4888956835172211,22112.600041436322,1394.7978334182117,0.7615181545534631,90.5,3.0752610745627496,3.974917192609839,0.5005561735261401,282.38944444444445,1,7
484,16.0,1.1653181285522267,2.3306362571044534,24207.577101500538,-0.27586206896551724,1.2768382081743437,24207.577101500538,2094.977060064215,0.8948453905754616,96.5,1.2987318805702917,1.1144869789194958,0.814238042269188,282.38944444444445,1,7
485,17.0,1.8712180113954617,3.7424360227909235,27587.035315100264,0.43937708565072303,1.5847307374342257,27587.035315100264,3379.458213599726,1.7243047133223275,102.5,6.968592958627936,3.7240946357881115,0.7363737486095662,282.38944444444445,1,7
486,18.0,1.0061883209657483,2.0123766419314966,29398.604978693143,-0.10456062291434928,1.5510044339423126,29398.604978693143,1811.5696635928798,0.8869137428123793,108.5,2.3856084423689654,2.37093632738575,0.5906562847608454,282.38944444444445,1,7
487,19.0,1.502960489458941,3.005920978917882,32102.652862941213,0.04004449388209121,1.0471672629011424,32102.652862941213,2704.0478842480697,1.0920222053672102,114.5,4.050051957651358,2.694716185858857,0.8464961067853171,282.38944444444445,1,7
488,20.0,1.268296097259592,2.536592194519184,34383.08306562946,-0.0033370411568409346,1.1632231051180983,34383.08306562946,2280.4302026882433,1.0369345297976766,120.5,4.547299426741685,3.585361049810874,0.8164627363737486,282.38944444444445,1,7
489,21.0,0.8978363173964866,1.7956726347929732,36000.111622228265,-0.03114571746384872,1.2392768152921774,36000.111622228265,1617.0285565988088,0.8455578851059751,126.5,4.136802780927743,4.607524446018729,0.5895439377085651,282.38944444444445,1,7
490,22.0,0.8972873515030031,1.7945747030060062,37613.62758281669,-0.030033370411568408,1.3270433359276856,37613.62758281669,1613.5159605884255,0.800385920484133,132.5,2.2089559600881783,2.4618155559510138,0.6351501668520578,282.38944444444445,1,7
491,23.0,0.7727189566253303,1.5454379132506606,39003.55342287839,-0.6662958843159066,1.5702069643964274,39003.55342287839,1389.9258400616964,0.7995740757778804,138.5,3.0581403197134165,3.957635947057816,0.5228031145717463,282.38944444444445,1,7
492,24.0,0.5521079451331503,1.1042158902663006,39996.289194404504,0.06896551724137931,1.5949479562004012,39996.289194404504,992.7357715261169,0.5472407173566729,144.5,2.5464896262695955,4.612303895854036,0.3292547274749722,282.38944444444445,1,7
493,25.0,0.6867543967689206,1.3735087935378412,41232.4342042536,-0.05339265850945495,1.7219835858478332,41232.4342042536,1236.1450098490968,0.7381133846333008,150.5,4.903606976308892,7.140262951907769,0.41601779755283647,282.38944444444445,1,7
494,26.0,0.6350644437272241,1.2701288874544483,42377.69125617651,0.018909899888765295,1.4777998898717108,42377.69125617651,1145.257051922912,0.6608065921116609,156.5,4.318150494944565,6.799546939836734,0.38264738598442716,282.38944444444445,1,7
495,27.0,0.42596705678452346,0.8519341135690469,43143.30278039031,-0.012235817575083427,2.089890005910926,43143.30278039031,765.6115242137967,0.40243569928286743,162.5,1.886181924539677,4.427999523666937,0.09121245828698554,282.38944444444445,1,7
496,28.0,0.7528566759476186,1.5057133518952373,44497.053729715175,0.03781979977753059,1.458293558278551,44497.053729715175,1353.7509493248654,0.7399031039231034,168.5,3.563324312610389,4.733071282293197,0.5672969966629589,282.38944444444445,1,7
497,29.0,1.1676417614620611,2.3352835229241222,46596.2954793396,-0.028921023359288096,1.6576097866809698,46596.2954793396,2099.2417496244234,1.1039085347688198,174.5,3.695400065847089,3.164840611061991,0.6874304783092324,282.38944444444445,1,7
498,30.0,0.5698317099835887,1.1396634199671773,47621.46869770023,-0.03670745272525028,1.4481253251494806,47621.46869770023,1025.173218360629,0.4998966040304813,180.5,1.8232622094811088,3.199650313482237,0.3681868743047831,282.38944444444445,1,7
499,31.0,0.45548187336013096,0.9109637467202619,48440.84563586067,0.0033370411568409346,1.6867728456155968,48440.84563586067,819.3769381604434,0.3761912516661845,186.5,0.8294330481036399,1.8210012222546583,0.25361512791991103,282.38944444444445,1,7
500,32.0,0.45761288037234266,0.9152257607446853,49262.80113466037,0.0033370411568409346,1.732709547441455,49262.80113466037,821.9554987996962,0.4448015864936075,192.5,1.9159297967845843,4.186791672528236,0.21579532814238042,282.38944444444445,1,7
501,33.0,0.42012451424775626,0.8402490284955125,50018.53576061378,0.0055617352614015575,1.8923220282503332,50018.53576061378,755.7346259534097,0.4007808866707533,198.5,1.9236708868536956,4.578811332392916,0.11123470522803114,282.38944444444445,1,7
502,34.0,0.491802660901582,0.983605321803164,50903.25422112966,0.025583982202447165,1.7444842702653107,50903.25422112966,884.7184605158836,0.5697895511337095,204.5,4.730535602646664,9.618767808158166,0.10011123470522804,282.38944444444445,1,7
503,35.0,1.1075805265856602,2.2151610531713204,52895.87645404132,0.002224694104560623,1.1071281345929869,52895.87645404132,1992.6222329116572,0.9878071963099873,210.5,4.255779890484091,3.842411263407988,0.8665183537263627,282.38944444444445,1,7
504,36.0,0.5136477615544452,1.0272955231088905,53819.74685810695,-0.025583982202447165,1.9592693217611066,53819.74685810695,923.8704040656303,0.5577653092048734,216.5,4.217429169292463,8.210741844818546,0.18131256952169078,282.38944444444445,1,7
505,37.0,0.5126128271268454,1.0252256542536908,54741.46436713705,-0.006674082313681869,1.8481679331974,54741.46436713705,921.7175090301025,0.5304259911371901,222.5,3.046063176781644,5.942229721122253,0.19132369299221358,282.38944444444445,1,7
506,38.0,0.5444534077805127,1.0889068155610253,55720.38492996571,0.09454949944382647,1.7661713414143723,55720.38492996571,978.9205628286581,0.47679723272837105,228.5,1.6052436678262905,2.94835819720577,0.20022246941045607,282.38944444444445,1,7
507,39.0,0.42253637207326467,0.8450727441465293,56480.29635958122,-0.10456062291434928,1.8152553762635542,56480.29635958122,759.9114296155094,0.3832554344170831,234.5,1.573443914457895,3.72380703402516,0.09121245828698554,282.38944444444445,1,7
508,40.0,0.619106180921894,1.238212361843788,57593.97574492754,0.014460511679644048,1.4955156561578962,57593.97574492754,1113.6793853463241,0.6443360464554458,240.5,4.238233825199299,6.845730111898192,0.25472747497219134,282.38944444444445,1,7
509,41.0,0.29234813554385636,0.5846962710877127,58119.88099289651,0.04671857619577308,1.7493020688678478,58119.88099289651,525.9052479689708,0.2417747662565908,246.5,0.5875487322682267,2.0097570698551146,0.06451612903225806,282.38944444444445,1,7
510,42.0,0.2618621055338855,0.523724211067771,58570.66130787269,0.006674082313681869,1.918055333639105,58570.66130787269,450.78031497617485,0.30176282320642034,252.5,2.0241555791900687,7.7298529890883305,0.06896551724137931,282.38944444444445,1,7
511,43.0,0.3912936064474883,0.7825872128949766,59274.52396818427,-0.07007786429365963,1.8318820008206596,59274.52396818427,703.8626603115845,0.3723648510976509,258.5,1.7094379949433325,4.368683686051332,0.09454949944382647,282.38944444444445,1,7
512,44.0,0.17717709049440192,0.35435418098880384,59593.11547184389,0.0,1.9405743133362616,59593.11547184389,318.5915036596198,0.23078428125254047,264.5,2.0400919679649707,11.514423011870315,0.011123470522803115,282.38944444444445,1,7
513,45.0,0.15228483115249075,0.3045696623049815,59866.84945172908,0.0011123470522803114,1.9950801085726522,59866.84945172908,273.7339798851899,0.1900963360285305,270.5,1.4724893018096759,9.66931040121255,0.011123470522803115,282.38944444444445,1,7
514,46.0,0.19671277517620378,0.39342555035240756,60220.59006555862,-0.0055617352614015575,2.0502483519224275,60220.59006555862,353.74061382954096,0.1883691774067867,276.5,0.8865542685597334,4.506846430109127,0.03337041156840934,282.38944444444445,1,7
515,47.0,0.07434454631036896,0.14868909262073793,60354.261559824714,0.0033370411568409346,2.079550974414061,60354.261559824714,133.67149426609103,0.08158437286023339,282.5,0.4263888145322648,5.73530723763117,0.012235817575083427,282.38944444444445,1,7
516,48.0,0.12418277619404228,0.24836555238808455,60577.48654046948,0.0055617352614015575,2.1443691052236424,60577.48654046948,223.2249806447653,0.13563273363442924,288.5,0.7319896058996183,5.8944535493057835,0.011123470522803115,282.38944444444445,1,7
517,49.0,0.11004742521205449,0.22009485042410898,60775.40388830643,-0.0055617352614015575,2.165546393647304,60775.40388830643,197.91734783694847,0.12361397466502924,294.5,0.594445451099027,5.40172066682676,0.011123470522803115,282.38944444444445,1,7
518,50.0,0.09678422538091684,0.19356845076183368,60949.27679182722,0.0,2.0436302331338503,60949.27679182722,173.87290352079435,0.08624011875660322,300.5,0.12421895831478794,1.2834628559137125,0.002224694104560623,282.38944444444445,1,7
519,51.0,0.1338167227199804,0.2676334454399608,61189.93222896199,0.010011123470522803,1.8448783673340265,61189.93222896199,240.65543713476654,0.11937121581000763,306.5,0.21396816924105752,1.5989643513299818,0.008898776418242492,282.38944444444445,1,7
520,52.0,0.19478168640750274,0.38956337281500547,61540.40785381718,-0.012235817575083427,2.1067308221206833,61540.40785381718,350.475624855193,0.20132575841306308,312.5,1.0292403939220345,5.284071685100625,0.042269187986651836,282.38944444444445,1,7
521,53.0,0.09271538000000253,0.18543076000000505,61707.07001771402,0.00778642936596218,1.9172179167816927,61707.07001771402,166.6621638968354,0.08938165463462903,318.5,0.12128838824430432,1.3081798105589495,0.002224694104560623,282.38944444444445,1,7
522,54.0,0.1110891067904442,0.2221782135808884,61906.72726819435,0.0011123470522803114,2.0121406112086673,61906.72726819435,199.65725048033346,0.10932225637013328,324.5,0.3295274153241944,2.966334187435739,0.011123470522803115,282.38944444444445,1,7
523,55.0,0.1072855211067299,0.2145710422134598,62099.61213170136,-0.006674082313681869,2.021364712699583,62099.61213170136,192.88486350700987,0.10303130265377751,330.5,0.27213815411055975,2.5365785737278657,0.011123470522803115,282.38944444444445,1,7
524,56.0,0.11045075779235253,0.22090151558470505,62298.054091980004,0.0033370411568409346,2.2049562079988654,62298.054091980004,198.44196027864382,0.10716024015873886,336.5,0.1481030288161115,1.3408964481216623,0.006674082313681869,282.38944444444445,1,7
525,57.0,0.11584733114903939,0.23169466229807878,62506.29484344627,-0.004449388209121246,1.9935847111160014,62506.29484344627,208.24075146626274,0.10881326133998755,342.5,0.14304930972306454,1.2348088497526921,0.0,282.38944444444445,1,7
526,58.0,0.1289325366677165,0.257865073335433,62738.14095355437,0.011123470522803115,2.0950258521107585,62738.14095355437,231.84611010810477,0.1111191355000478,348.5,0.17921024045456907,1.3899535763918747,0.017797552836484983,282.38944444444445,1,7
527,59.0,0.07548504233778364,0.15097008467556727,62873.81073869509,-0.012235817575083427,1.9767491902054593,62873.81073869509,135.66978514071525,0.07817838672228947,354.5,0.32230722856239896,4.269815828149437,0.010011123470522803,282.38944444444445,1,7
528,60.0,0.09866615381309116,0.1973323076261823,63051.18317064911,0.021134593993325918,2.089749023578469,63051.18317064911,177.3724319540197,0.08368313485402755,360.5,0.27403169129232663,2.777362658844899,0.013348164627363738,282.38944444444445,1,7
529,61.0,0.15453664654571017,0.30907329309142034,63329.2321186004,-0.017797552836484983,2.0839352618884184,63329.2321186004,278.04894795129076,0.1297469342961187,366.5,0.24594799518862578,1.5915189095026543,0.03781979977753059,282.38944444444445,1,7
530,62.0,0.10138258588560771,0.20276517177121542,63511.81393134863,0.0033370411568409346,1.9785351748857682,63511.81393134863,182.58181274823437,0.09047710557766792,372.5,0.13254360440535726,1.3073606600931371,0.0,282.38944444444445,1,7
531,63.0,0.10128619389600013,0.20257238779200026,63694.222605712195,-0.0055617352614015575,2.1280124909092084,63694.222605712195,182.40867436356348,0.0886905154930109,378.5,0.1111971520207639,1.0978510273072386,0.0,282.38944444444445,1,7
532,64.0,0.11105115434612334,0.22210230869224667,63893.93738681577,0.002224694104560623,1.9233620313341155,63893.93738681577,199.71478110357566,0.09606121739049414,384.5,0.15134821902481782,1.3628693903810933,0.0,282.38944444444445,1,7
533,65.0,0.1036810236127636,0.2073620472255272,64080.42522570752,0.006674082313681869,2.038788684850257,64080.42522570752,186.48783889174956,0.09403512102152997,390.5,0.10387200550209591,1.0018420139257653,0.0,282.38944444444445,1,7
534,66.0,0.1043664775839403,0.2087329551678806,64268.16629232175,0.014460511679644048,2.14255178240542,64268.16629232175,187.74106661423139,0.09499399944906547,396.5,0.10986468360064142,1.0526817244768945,0.0,282.38944444444445,1,7
535,67.0,0.10256287264103556,0.20512574528207111,64452.66840448298,-0.020022246941045607,2.035993255593464,64452.66840448298,184.5021121612299,0.0935904890194787,402.5,0.1257554442204385,1.226130284596997,0.0,282.38944444444445,1,7
536,68.0,0.10381519522265463,0.20763039044530926,64639.287302889425,0.034482758620689655,2.0996166281512596,64639.287302889425,186.6188984064429,0.10031218835727669,408.5,0.2070507167086249,1.9944162919942392,0.010011123470522803,282.38944444444445,1,7
537,69.0,0.09863445885753712,0.19726891771507424,64816.571747713846,-0.0389321468298109,2.0164823598732475,64816.571747713846,177.28444482442137,0.0957715342509078,414.5,0.12357844390418567,1.2528932113134665,0.0011123470522803114,282.38944444444445,1,7
538,70.0,0.12076460364656837,0.24152920729313673,65033.816119240364,0.0011123470522803114,2.17662554742363,65033.816119240364,217.24437152651808,0.102274703449125,420.5,0.15410812811157457,1.2761034562957694,0.0,282.38944444444445,1,7
539,71.0,0.07363713822852422,0.14727427645704844,65166.32128884213,0.006674082313681869,2.0285424577367195,65166.32128884213,132.505169601769,0.0680487963280244,426.5,0.0896058366120688,1.2168565857894642,0.0,282.38944444444445,1,7
540,72.0,0.09778583588842493,0.19557167177684986,65342.22369406555,-0.004449388209121246,2.034175459579483,65342.22369406555,175.90240522341628,0.10079287089826337,432.5,0.1324352895610275,1.3543402104997917,0.0,282.38944444444445,1,7
541,73.0,0.08918887632222508,0.17837775264445016,65502.626272071226,-0.004449388209121246,1.8536601807742663,65502.626272071226,160.40257800567633,0.09151359464167048,438.5,0.12764591930680474,1.431186539963129,0.0,282.38944444444445,1,7
542,74.0,0.0830304334206638,0.1660608668413276,65652.09586322945,0.0033370411568409346,2.129156148728491,65652.09586322945,149.46959115822392,0.08695878874936533,444.5,0.10801630052561086,1.3009242042415838,0.0,282.38944444444445,1,7
543,75.0,0.11886410504580322,0.23772821009160644,65865.84077768281,-0.002224694104560623,2.1249244884060565,65865.84077768281,213.74491445336025,0.11558172391344167,450.5,0.41243728024718446,3.4698219457274795,0.011123470522803115,282.38944444444445,1,7
544,76.0,0.14336696541036473,0.28673393082072945,66123.54255996035,0.02224694104560623,2.0636970858839496,66123.54255996035,257.70178227753786,0.1315854468330204,456.5,0.5624569038679348,3.923197385520388,0.024471635150166853,282.38944444444445,1,7
545,77.0,0.23591438663422462,0.47182877326844924,66547.81368500814,0.010011123470522803,2.146994625291909,66547.81368500814,424.2711250477878,0.253621127582773,462.5,1.132563043274021,4.800737502414435,0.05116796440489433,282.38944444444445,1,7
546,78.0,0.13464307191958189,0.26928614383916377,66790.14776334827,-0.027808676307007785,1.8298413403488218,66790.14776334827,242.33407834013633,0.12264095677589999,468.5,0.15690935489824645,1.1653726601838341,0.0033370411568409346,282.38944444444445,1,7
547,79.0,0.08414305680162681,0.16828611360325363,66941.62781676768,-0.002224694104560623,1.7937762161893804,66941.62781676768,151.48005341940734,0.08599405514793604,474.5,0.10635384901840252,1.2639646461756102,0.0,282.38944444444445,1,7
548,80.0,0.07571330207370112,0.15142660414740225,67077.68932345879,0.006674082313681869,1.6899320717019104,67077.68932345879,136.0615066911123,0.07202182725866867,480.5,0.08863166451801033,1.1706220979734072,0.0,282.38944444444445,1,7
549,81.0,0.08719003270962271,0.17438006541924542,67235.2452050084,0.011123470522803115,1.7640437337093655,67235.2452050084,157.55588154960424,0.08118147533781657,486.5,0.15269879292260696,1.7513331303723023,0.0,282.38944444444445,1,7
550,82.0,0.06257099827380697,0.12514199654761393,67347.74475937382,-0.01668520578420467,1.7893770470315649,67347.74475937382,112.49955436542223,0.06008367199068483,492.5,0.07711954067788959,1.2325125506295915,0.0,282.38944444444445,1,7
551,83.0,0.05512636100311857,0.11025272200623713,67446.04781305672,0.0,1.6673639352638023,67446.04781305672,98.30305368290283,0.05592026746995291,498.49611111111113,0.0638822870380297,1.1588337389877013,0.0,282.38944444444445,1,7
552,0.0,2.255733207949206,4.511466415898412,3794.4799454785025,0.019255455712451863,0.7465915002792802,3794.4799454785025,3794.4799454785025,1.1551604407931606,0.5,3.161737970995517,1.4016453540930944,0.9858793324775353,276.3338888888889,1,8
553,1.0,0.1852709916323241,0.3705419832646482,4268.5533770597885,0.0033370411568409346,1.9995212335098453,4268.5533770597885,474.07343158128606,0.15728777555578474,6.5,0.23407008737254603,1.2633930725489138,0.042269187986651836,276.3338888888889,1,8
554,2.0,0.3992892571999336,0.7985785143998672,5271.7858382249715,-0.01557285873192436,1.7707574783589883,5271.7858382249715,1003.2324611651829,0.346260100771894,12.5,0.43790316143306085,1.0967065943719903,0.3248053392658509,276.3338888888889,1,8
555,3.0,0.9550038679537616,1.9100077359075232,7215.080298440179,0.07744107744107744,1.5271079460432708,7215.080298440179,1943.2944602152074,0.8521756343573179,18.498333333333335,1.9438901358004872,2.035478809070755,0.6094276094276094,276.3338888888889,1,8
556,4.0,1.4283835348354108,2.8567670696708216,9909.084507235213,0.03125,1.616031960913668,9909.084507235213,2694.004208795034,1.0014762353357463,24.5,8.5933990586738,6.016170621613891,0.8958333333333334,276.3338888888889,1,8
557,5.0,0.23199774669835319,0.46399549339670637,10512.504084699754,-0.10567296996662959,1.9049288178920503,10512.504084699754,603.4195774645414,0.39290357631940476,30.5,0.24085669516053954,1.038185493558715,0.047830923248053395,276.3338888888889,1,8
558,6.0,0.5251101418561472,1.0502202837122945,11602.491053573951,0.02335928809788654,1.6372739051641856,11602.491053573951,1089.9869688741965,0.43212394976890833,36.5,0.6050839001764541,1.1522990168074405,0.5684093437152391,276.3338888888889,1,8
559,7.0,0.3579616361299853,0.7159232722599705,12530.582629130116,-0.020022246941045607,1.548330087824334,12530.582629130116,928.0915755561655,0.27803112749769904,42.5,0.3232797565567996,0.9031128588299563,0.24026696329254726,276.3338888888889,1,8
560,8.0,0.33858739596032394,0.6771747919206479,13231.959698706536,-0.002224694104560623,1.6404901117763926,13231.959698706536,701.3770695764197,0.30647004094187247,48.5,0.3715161794856466,1.0972534238373755,0.18909899888765294,276.3338888888889,1,8
561,9.0,0.682538145713511,1.365076291427022,14710.94717732834,0.0389321468298109,1.734874527755937,14710.94717732834,1478.9874786218043,0.6150622715535541,54.5,0.9535520162816437,1.3970677276723054,0.8487208008898777,276.3338888888889,1,8
562,10.0,1.4253278822196827,2.8506557644393653,17678.212281105894,-0.025583982202447165,1.4566730550283695,17678.212281105894,2967.265103777554,0.971476659914542,60.5,1.467912447177372,1.0298770307442324,0.9087875417130145,276.3338888888889,1,8
563,11.0,0.8901020468434157,1.7802040936868313,19652.63075104023,0.02224694104560623,1.461597401259632,19652.63075104023,1974.418469934335,0.6784957785088542,66.5,1.0537295904160624,1.183830094709839,0.760845383759733,276.3338888888889,1,8
564,12.0,0.9212702700732678,1.8425405401465356,21310.091409376266,0.7875417130144605,1.4770064884647074,21310.091409376266,1657.4606583360364,0.7324307387921747,72.5,5.4251061584121265,5.888723792183886,0.6662958843159066,276.3338888888889,1,8
565,13.0,2.178216090979612,4.356432181959224,25212.498084626768,-0.2662921348314607,1.3677382631452373,25212.498084626768,3902.4066752505023,1.5804250544414493,78.5,10.714918211939395,4.919125451470042,0.7865168539325843,276.3338888888889,1,8
566,14.0,0.8535035169052164,1.7070070338104328,26726.15475170969,0.04524361948955916,1.4348917053147976,26726.15475170969,1513.6566670829234,0.719016470171253,84.5,2.241312304811619,2.6260141410296285,0.7366589327146171,276.3338888888889,1,8
567,15.0,0.538606741011466,1.077213482022932,27696.717035249138,0.0878754171301446,1.6673071052184003,27696.717035249138,970.5622835394461,0.5378244126946954,90.5,3.8375677015819454,7.124990107578788,0.2992213570634038,276.3338888888889,1,8
568,16.0,0.6881746128383595,1.376349225676719,28934.55944653131,-0.04560622914349277,1.4875012955230449,28934.55944653131,1237.842411282174,0.6397303801528418,96.5,0.7786558363292592,1.131480036901844,0.64293659621802,276.3338888888889,1,8
569,17.0,0.44498608913844145,0.8899721782768829,29735.139612015177,-0.008898776418242492,1.593027069976115,29735.139612015177,800.5801654838651,0.38499219674287105,102.5,1.871898679934886,4.206645388756213,0.2903225806451613,276.3338888888889,1,8
570,18.0,0.4849308740536735,0.969861748107347,30607.307650169594,0.04004449388209121,1.6263337668931508,30607.307650169594,872.1680381544174,0.46875496718539417,108.5,1.6906246724180853,3.4863209642349196,0.4082313681868743,276.3338888888889,1,8
571,19.0,0.4835589098954038,0.9671178197908076,31476.611673736104,0.3503893214682981,1.545983274757744,31476.611673736104,869.3040235665103,0.452979854913402,114.5,1.905981371781461,3.9415701640028398,0.3170189098998888,276.3338888888889,1,8
572,20.0,0.745199715150898,1.490399430301796,32816.242317646705,0.004449388209121246,1.7277935288165756,32816.242317646705,1339.630643910601,0.727959042813762,120.5,3.4504529759032967,4.630239257679538,0.6062291434927698,276.3338888888889,1,8
573,21.0,0.4374198237682503,0.8748396475365006,33602.356843240756,0.030033370411568408,1.7656492132007746,33602.356843240756,786.1145255940501,0.497425861547681,126.5,1.3830519048117622,3.1618409355505523,0.3203559510567297,276.3338888888889,1,8
574,22.0,0.80188261287308,1.60376522574616,35044.95993119252,-0.27919911012235815,2.055586976407533,35044.95993119252,1442.6030879517639,0.7104744620554994,132.5,5.306432005437829,6.617467345283015,0.6529477196885428,276.3338888888889,1,8
575,23.0,0.7483061528579865,1.496612305715973,36390.95603139443,-0.7730812013348165,1.671971732798694,36390.95603139443,1345.9961002019118,0.9736255505456702,138.5,4.43320795413293,5.924323804102496,0.5828698553948832,276.3338888888889,1,8
576,24.0,0.46571490504606067,0.9314298100921213,37228.440363712085,0.13348164627363737,1.7552929762621519,37228.440363712085,837.4843323176538,0.41233113069588234,144.5,1.2535774293532904,2.691727096922757,0.3670745272525028,276.3338888888889,1,8
577,25.0,0.9493217016732831,1.8986434033465662,38934.85238990737,-0.11234705228031146,1.7522777262213898,38934.85238990737,1706.4120261952849,1.0017245158645585,150.5,6.030749448436487,6.352693125846205,0.7330367074527252,276.3338888888889,1,8
578,26.0,0.4843114619032214,0.9686229238064428,39807.2181295628,-0.02224694104560623,1.6810248383296014,39807.2181295628,872.3657396554336,0.4444043178734146,156.5,1.5453130325703663,3.1907422271149177,0.3615127919911012,276.3338888888889,1,8
579,27.0,0.45263355365949237,0.9052671073189847,40621.26521236522,0.030033370411568408,1.6860184228751398,40621.26521236522,814.047082802419,0.4049740727668619,162.5,1.334256727909266,2.9477636315777906,0.3114571746384872,276.3338888888889,1,8
580,28.0,0.7124111334564512,1.4248222669129025,41901.81626307205,0.03114571746384872,1.8467433303612732,41901.81626307205,1280.5510507068248,0.6665050839703338,168.5,2.2015659302272215,3.0903025329569758,0.3414905450500556,276.3338888888889,1,8
581,29.0,0.4440731966236589,0.8881463932473178,42702.50247200601,-0.07563959955506118,1.938875107226615,42702.50247200601,800.6862089339629,0.4286677739199522,174.5,1.6589750644074526,3.73581444910622,0.28476084538375973,276.3338888888889,1,8
582,30.0,0.635074224150182,1.270148448300364,43844.638937914155,0.13348164627363737,1.8162515133516275,43844.638937914155,1142.1364659081446,0.6437301974606889,180.5,3.6738488034903556,5.784912477602879,0.4371523915461624,276.3338888888889,1,8
583,31.0,0.4069489177425156,0.8138978354850313,44576.617448801815,-0.14349276974416017,1.9936288409850422,44576.617448801815,731.9785108876604,0.3544833980965935,186.5,1.2858483744699516,3.159729190589794,0.2447163515016685,276.3338888888889,1,8
584,32.0,0.8186709841545693,1.6373419683091386,46048.62256734888,0.0,1.8309369006923413,46048.62256734888,1472.0051185470656,0.8848967580655718,192.5,5.1237642994716355,6.25863674008537,0.4938820912124583,276.3338888888889,1,8
585,33.0,0.6196529022325346,1.239305804465069,47162.583461349546,-0.0033370411568409346,1.8776654426731165,47162.583461349546,1113.9608940006656,0.6169069942760782,198.5,3.440164802797599,5.551760978449549,0.48053392658509453,276.3338888888889,1,8
586,34.0,0.4848219938967217,0.9696439877934434,48034.33181158977,0.12680756395995552,1.8575918211984757,48034.33181158977,871.7483502402247,0.4766679863466629,204.5,2.225944286330453,4.591260945980578,0.3203559510567297,276.3338888888889,1,8
587,35.0,0.4856952206590757,0.9713904413181514,48906.57865976346,-0.0878754171301446,1.746595794032382,48906.57865976346,872.2468481736869,0.4286526789781301,210.5,1.0821667111229667,2.2280777431873733,0.48053392658509453,276.3338888888889,1,8
588,36.0,0.6405268414580916,1.2810536829161832,50058.37701390807,-0.03670745272525028,1.9340214772553586,50058.37701390807,1151.7983541446156,0.6576510461031232,216.5,3.2648174493060576,5.097081399233865,0.5739710789766407,276.3338888888889,1,8
589,37.0,0.32940216886795315,0.6588043377359063,50650.724355398066,0.06562847608453838,1.9332644399958792,50650.724355398066,592.3473414899927,0.30564716304651285,222.5,1.2203503848623083,3.704743016891027,0.13459399332591768,276.3338888888889,1,8
590,38.0,0.7859909103511363,1.5719818207022727,52063.42636567942,-0.06117908787541713,1.8492783243509263,52063.42636567942,1412.702010281355,0.8203473735609353,228.5,4.64222083203904,5.906201676003045,0.7185761957730812,276.3338888888889,1,8
591,39.0,0.42633994702446804,0.8526798940489361,52829.97593202358,0.010011123470522803,1.8178321406786633,52829.97593202358,766.5495663441616,0.3629500060904502,234.5,0.6607486494910076,1.5498164178668594,0.3592880978865406,276.3338888888889,1,8
592,40.0,0.22563837192238817,0.45127674384477634,53235.88593952647,0.05561735261401557,1.967038538458881,53235.88593952647,405.91000750289095,0.2439159094767459,240.5,1.5582488299848283,6.905956716089107,0.03337041156840934,276.3338888888889,1,8
593,41.0,0.35750422942547344,0.7150084588509469,53878.81964042294,-0.07341490545050056,1.9621819097465067,53878.81964042294,642.9337008964649,0.35039648229281967,246.5,1.6798451717387086,4.69881202367396,0.2324805339265851,276.3338888888889,1,8
594,42.0,0.26986386425262265,0.5397277285052453,54364.08044664245,-0.0033370411568409346,2.065099165857345,54364.08044664245,485.26080621951405,0.24927722929638021,252.5,0.9218746767347598,3.4160730607184306,0.14015572858731926,276.3338888888889,1,8
595,43.0,0.15494584543962542,0.30989169087925084,54642.791731985584,-0.0011123470522803114,1.8668908610183033,54642.791731985584,278.71128534313175,0.18659341325026735,258.5,1.338165652860077,8.636344195375619,0.011123470522803115,276.3338888888889,1,8
596,44.0,0.22420262473208397,0.44840524946416793,55045.91578444472,0.014460511679644048,2.0937321889122074,55045.91578444472,403.12405245913396,0.223226595106453,264.5,1.176017902643454,5.245335125085014,0.1167964404894327,276.3338888888889,1,8
597,45.0,0.09485834039631207,0.18971668079262413,55216.7387040072,-0.014460511679644048,2.061196996146499,55216.7387040072,170.82291956248082,0.09262952610243383,270.5,0.1869833312260918,1.9711849316031402,0.011123470522803115,276.3338888888889,1,8
598,46.0,0.08322542104721617,0.16645084209443234,55366.49591517614,-0.002224694104560623,1.9397316645575045,55366.49591517614,149.7572111689442,0.08702680089644924,276.5,0.18695863189749437,2.2464125689604786,0.011123470522803115,276.3338888888889,1,8
599,47.0,0.046431639778054014,0.09286327955610803,55449.980003497054,0.0055617352614015575,2.1079262505018463,55449.980003497054,83.48408832091081,0.04818034771296829,282.5,0.08406308626812753,1.8104699009114056,0.0033370411568409346,276.3338888888889,1,8
600,48.0,0.07535296376634756,0.15070592753269513,55585.46463234898,0.0055617352614015575,1.8812266090106906,55585.46463234898,135.48462885192566,0.07378027813465787,288.5,0.1075682219748305,1.4275247660911539,0.0,276.3338888888889,1,8
601,49.0,0.07774468289176605,0.1554893657835321,55725.2788321948,-0.008898776418242492,2.0882480908620327,55725.2788321948,139.81419984582317,0.06699458471922289,294.5,0.07472254987688551,0.9611274636094681,0.0,276.3338888888889,1,8
602,50.0,0.08390222874822031,0.16780445749644063,55876.081896301795,0.0,1.8277894010105844,55876.081896301795,150.80306410699268,0.07840734845777322,300.5,0.11008045927938379,1.3120087621238399,0.0,276.3338888888889,1,8
603,51.0,0.08471389984899404,0.16942779969798807,56028.4967846022,0.0011123470522803114,2.1201345472509607,56028.4967846022,152.4148883004018,0.08245615161908207,306.5,0.1330698728726249,1.570815097756417,0.0,276.3338888888889,1,8
604,52.0,0.091744677893042,0.183489355786084,56193.50025546073,-0.0011123470522803114,1.9024424846814725,56193.50025546073,165.0034708585299,0.09063553052407555,312.5,0.2340741567719629,2.55136496358788,0.008898776418242492,276.3338888888889,1,8
605,53.0,0.09137504080476633,0.18275008160953266,56357.83762184837,0.006674082313681869,2.1099322311341115,56357.83762184837,164.33736638764094,0.08635533233189667,318.5,0.09986227851535717,1.0928835449575869,0.002224694104560623,276.3338888888889,1,8
606,54.0,0.203043879381109,0.406087758762218,56723.091229237245,-0.0055617352614015575,2.080972524997881,56723.091229237245,365.25360738887684,0.18008216443146088,324.5,0.6042553124710355,2.9759838824634612,0.03225806451612903,276.3338888888889,1,8
607,55.0,0.09551163571368484,0.1910232714273697,56894.88317797785,-0.004449388209121246,2.0615018135192664,56894.88317797785,171.7919487406034,0.08958359809272068,330.5,0.09922124930426111,1.0388393891786816,0.002224694104560623,276.3338888888889,1,8
608,56.0,0.09544195949589517,0.19088391899179033,57066.549503567876,0.014460511679644048,2.1542081359618366,57066.549503567876,171.66632559002755,0.08802981436306244,336.5,0.10747934508064601,1.1261225738483351,0.0,276.3338888888889,1,8
609,57.0,0.11251963427993528,0.22503926855987055,57269.05091815722,-0.013348164627363738,2.1177987860339007,57269.05091815722,202.50141458934377,0.1160240334680103,342.5,0.44121612667209176,3.9212367645490143,0.008898776418242492,276.3338888888889,1,8
610,58.0,0.05093131818540166,0.10186263637080333,57360.62542825448,-0.0011123470522803114,2.0001952482555234,57360.62542825448,91.57451009726356,0.050050806935622874,348.5,0.08203452695906915,1.6106892552916987,0.002224694104560623,276.3338888888889,1,8
611,59.0,0.06936356865618175,0.1387271373123635,57485.367835352554,0.008898776418242492,1.9794846867173495,57485.367835352554,124.74240709807054,0.08256694285759796,354.5,0.5002617338723979,7.212168340877515,0.010011123470522803,276.3338888888889,1,8
612,60.0,0.08540597013102745,0.1708119402620549,57639.094283361075,0.0011123470522803114,2.206958798439522,57639.094283361075,153.7264480085214,0.07853563465709498,360.5,0.11234501057398397,1.3154233878688737,0.0011123470522803114,276.3338888888889,1,8
613,61.0,0.12431939219494335,0.2486387843898867,57863.20138013107,-0.0033370411568409346,2.0042171085392777,57863.20138013107,224.1070967699925,0.11609444685930846,366.5,0.14964904146356242,1.2037465661744873,0.0,276.3338888888889,1,8
614,62.0,0.10248078997173592,0.20496157994347183,58047.39120955327,-0.002224694104560623,2.1787352099389348,58047.39120955327,184.18982942220464,0.10861254147028199,372.5,0.3045820764254401,2.9720894668107407,0.010011123470522803,276.3338888888889,1,8
615,63.0,0.08815373083977922,0.17630746167955844,58206.05446380838,0.011123470522803115,2.144227601252744,58206.05446380838,158.66325425510877,0.08371651116455163,378.5,0.10385953658928121,1.1781638235827765,0.0011123470522803114,276.3338888888889,1,8
616,64.0,0.0846529676915341,0.1693059353830682,58358.30415400192,-0.012235817575083427,2.105873444365639,58358.30415400192,152.2496901935374,0.08326498675965904,384.5,0.10173370469216099,1.201773634952376,0.0,276.3338888888889,1,8
617,65.0,0.08815173522454949,0.17630347044909897,58517.122518697506,0.004449388209121246,2.032476166099244,58517.122518697506,158.81836469558766,0.08150603587312161,390.5,0.09202253854470137,1.0439106877509758,0.0,276.3338888888889,1,8
618,66.0,0.08430275392297719,0.16860550784595438,58668.663195732166,0.006674082313681869,2.119702667455314,58668.663195732166,151.5406770346599,0.07872249170593451,396.5,0.09341074469849121,1.1080390657680708,0.0,276.3338888888889,1,8
619,67.0,0.118078466187384,0.236156932374768,58880.96917375401,-0.013348164627363738,2.0599372299499894,58880.96917375401,212.30597802184639,0.10516237036540169,402.5,0.14394699790305854,1.2190791644822232,0.0,276.3338888888889,1,8
620,68.0,0.06370930132559847,0.12741860265119695,58995.61178872512,0.012235817575083427,2.0171467111900343,58995.61178872512,114.6426149711042,0.06155370215347584,408.5,0.07673372450727127,1.2044351909481632,0.0,276.3338888888889,1,8
621,69.0,0.06451619580551032,0.12903239161102065,59111.623164315555,-0.010011123470522803,2.004411855526544,59111.623164315555,116.01137559043855,0.060623573340684196,414.5,0.07213866599510382,1.1181481656570715,0.0,276.3338888888889,1,8
622,70.0,0.05522759060774067,0.11045518121548134,59210.95166504005,-0.0033370411568409346,1.9358803849548882,59210.95166504005,99.32850072449219,0.053131048627229144,420.5,0.07435981925433818,1.3464251913954752,0.0,276.3338888888889,1,8
623,71.0,0.051499452512682786,0.10299890502536557,59303.60062526398,0.0033370411568409346,1.8966556530437677,59303.60062526398,92.64896022393077,0.04801434580188618,426.5,0.061637653384247086,1.1968603621381715,0.0,276.3338888888889,1,8
624,72.0,0.07005613442999287,0.14011226885998573,59429.56837060763,-0.002224694104560623,2.047612991555606,59429.56837060763,125.9677453436525,0.06896742167052623,432.5,0.09535442541136938,1.3611145717247233,0.0,276.3338888888889,1,8
625,73.0,0.07732948536538474,0.15465897073076948,59568.65940205935,0.0,2.0764680642800193,59568.65940205935,139.09103145171684,0.0800490692858729,438.5,0.1006715956778665,1.3018526529976167,0.0,276.3338888888889,1,8
626,74.0,0.07590996342569223,0.15181992685138446,59705.165050797434,0.0011123470522803114,2.0951686589105414,59705.165050797434,136.50564873808617,0.07178918196100922,444.5,0.10921848001264398,1.438789785738169,0.0,276.3338888888889,1,8
627,75.0,0.07671459363863828,0.15342918727727656,59843.17558069732,-0.002224694104560623,2.215518760507172,59843.17558069732,138.01052989988966,0.07355015152094548,450.5,0.09735938409226996,1.2691116445311348,0.0,276.3338888888889,1,8
628,76.0,0.06789333203154391,0.13578666406308781,59965.24779169007,0.0055617352614015575,2.094446410717644,59965.24779169007,122.07221099274466,0.06464744343743704,456.5,0.08104326108902682,1.1936851331935414,0.0,276.3338888888889,1,8
629,77.0,0.09700633378135526,0.19401266756271052,60139.724316650056,-0.004449388209121246,2.2875895988389034,60139.724316650056,174.47652495998773,0.09279366959536897,462.5,0.12604584194309698,1.2993568257841237,0.0,276.3338888888889,1,8
630,78.0,0.07800342750731794,0.15600685501463588,60280.03708682465,0.0033370411568409346,2.028442032207108,60280.03708682465,140.3127701745907,0.07754462180567594,468.5,0.09981851496113953,1.2796683190847606,0.0,276.3338888888889,1,8
631,79.0,0.09871816246670931,0.19743632493341862,60457.81806899386,-0.0011123470522803114,2.082921408017087,60457.81806899386,177.78098216921353,0.09521409721150688,474.5,0.13455333430192754,1.363004850777109,0.0,276.3338888888889,1,8
632,80.0,0.07797695242221497,0.15595390484442995,60598.034824863666,0.0011123470522803114,2.003122541020707,60598.034824863666,140.21675586980564,0.0734188490377613,480.5,0.11455202052396951,1.4690497251510257,0.0,276.3338888888889,1,8
633,81.0,0.06797299268761903,0.13594598537523805,60720.563522249395,0.0011123470522803114,1.9996492743855854,60720.563522249395,122.52869738572917,0.06096536103899059,486.5,0.08109423825640233,1.1930361611277602,0.0,276.3338888888889,1,8
634,82.0,0.05743380098963746,0.11486760197927492,60823.82949642883,-0.0033370411568409346,2.016238145089629,60823.82949642883,103.26597417943412,0.05606926986825573,492.5,0.0742205518316373,1.292279991098423,0.0,276.3338888888889,1,8
635,83.0,0.06012445839827416,0.12024891679654832,60931.05234572545,0.04147982062780269,2.064829428035177,60931.05234572545,107.22284929662419,0.05855572573636698,498.49611111111113,0.0832285538655349,1.384271161566487,0.0,276.3338888888889,1,8
636,0.0,5.385789750012516,10.771579500025032,9682.798295678122,-0.05561735261401557,2.0878101972889636,9682.798295678122,9682.798295678122,5.919429807426516,0.5,6.600325407879777,1.225507439807586,0.9332591768631813,402.38944444444445,1,9
637,1.0,5.44086641671435,10.8817328334287,19481.03810693486,0.0,2.0832547312181298,19481.03810693486,9798.239811256737,6.321775714510596,6.5,6.516184701805902,1.1976373251488353,0.9054505005561735,402.38944444444445,1,9
638,2.0,1.5440045102880628,3.0880090205761257,22258.11532336083,0.004449388209121246,1.974309006507792,22258.11532336083,2777.0772164259724,1.8074926927550863,12.5,3.852931904218327,2.4954149282242,0.3526140155728587,402.38944444444445,1,9
639,3.0,1.0508057679136151,2.1016115358272303,24148.588740141873,-0.011123470522803115,1.9022015236501497,24148.588740141873,1890.473416781042,1.1453186659218197,18.5,3.1451498897833154,2.9930839607285753,0.3170189098998888,402.38944444444445,1,9
640,4.0,8.244098474344982,16.488196948689964,38962.6690665128,-0.010011123470522803,2.0978294808557902,38962.6690665128,14814.080326370924,8.466297767255472,24.5,18.9436230387862,2.29784046099611,0.9199110122358176,402.38944444444445,1,9
641,5.0,6.444441239661844,12.888882479323687,50564.64863124659,0.04338153503893215,2.172579274285226,50564.64863124659,11601.979564733796,6.660746153379505,30.5,6.879930300160142,1.0675759223031025,1.0,402.38944444444445,1,9
642,6.0,0.5489998465560582,1.0979996931121163,51552.04141638824,-0.041156840934371525,1.7070756628870976,51552.04141638824,987.3927851416447,0.6074486130030403,36.5,1.4501300851132233,2.641403443389034,0.23692992213570635,402.38944444444445,1,9
643,7.0,0.2190569668213259,0.4381139336426518,51946.8025034986,-0.008898776418242492,1.533773857925413,51946.8025034986,394.7610871103607,0.2414099372048517,42.5,0.6775552999820915,3.093055244094293,0.06229143492769744,402.38944444444445,1,9
644,8.0,2.379094547071162,4.758189094142324,56225.49530746309,0.0033370411568409346,1.5379603959474883,56225.49530746309,4278.692803964492,2.1990486318415674,48.5,20.56301690675292,8.643211314181476,0.14126807563959956,402.38944444444445,1,9
645,9.0,0.8622744383267447,1.7245488766534893,57776.75907025571,0.05672969966629588,1.3858338804342136,57776.75907025571,1551.2637627926233,0.87020735065887,54.5,4.0924176448206255,4.746073248746673,0.13459399332591768,402.38944444444445,1,9
646,10.0,1.6339261180552656,3.267852236110531,60861.85125104287,0.2992213570634038,1.2818105321586815,60861.85125104287,3085.0921807871564,1.0494649550343518,60.5,1.988818148413551,1.217202005914861,0.5061179087875417,402.38944444444445,1,9
647,11.0,0.8214167457918431,1.6428334915836862,62800.738415550666,-0.29477196885428253,2.1133765855739814,62800.738415550666,1938.8871645077961,0.6460507492514951,66.5,1.8737506475143113,2.2811205847867413,0.0867630700778643,402.38944444444445,1,9
648,12.0,1.1403772858227403,2.2807545716454807,64847.33555630791,0.9305711086226204,1.3911827027297028,64847.33555630791,2046.5971407572433,0.8859368581754511,72.5,2.509769892663075,2.2008241692155135,0.3807390817469205,402.38944444444445,1,9
649,13.0,0.5938480002061164,1.1876960004122328,65915.43092112389,-0.15016685205784205,1.8118634080228762,65915.43092112389,1068.0953648159775,0.5562881093783614,78.5,1.9982973999060583,3.364998112669365,0.060066740823136816,402.38944444444445,1,9
650,14.0,1.096141342541898,2.192282685083796,67886.8872741916,-0.01668520578420467,1.2763475950823089,67886.8872741916,1971.4563530677115,0.9238205192944506,84.5,1.9584598191183247,1.7866854785138861,0.3448275862068966,402.38944444444445,1,9
651,15.0,1.3581371193299845,2.716274238659969,70330.04184731803,0.08342602892102335,1.3585628037492912,70330.04184731803,2443.154573126434,0.936795022328453,90.5,3.6233643463897303,2.667892876808536,0.3759733036707453,402.38944444444445,1,9
652,16.0,0.8659732695703525,1.731946539140705,71888.2637956525,0.047830923248053395,1.4637695991921573,71888.2637956525,1558.221948334467,0.7236291205101145,96.5,4.64126547311624,5.359594384961762,0.1546162402669633,402.38944444444445,1,9
653,17.0,1.0174014668837421,2.0348029337674842,73679.31489343423,0.4155405405405405,1.60152053148664,73679.31489343423,1791.051097781732,0.9777763799016947,102.5,4.140305871959181,4.0694907632094965,0.2972972972972973,402.38944444444445,1,9
654,18.0,1.24678109053468,2.49356218106936,75928.54038534708,0.05005561735261402,1.072099370746276,75928.54038534708,2249.2254919128463,0.8951609664267608,108.5,1.7857594207297853,1.4322958811991329,0.3181312569521691,402.38944444444445,1,9
655,19.0,2.502557433694504,5.005114867389008,80302.77000178874,-1.3647871116225547,1.2542992341489008,80302.77000178874,4374.229616441662,1.5739215388115626,114.49388888888889,4.770240663344759,1.906146328199347,0.5327963176064442,402.38944444444445,1,9
656,20.0,2.6205887039060256,5.241177407812051,85224.48873725913,0.8364849833147943,1.054806988361109,85224.48873725913,4921.718735470393,1.7169285859826822,120.5,6.449528656977313,2.461099159652256,0.8743047830923248,402.38944444444445,1,9
657,21.0,0.9274739201792439,1.8549478403584878,86892.24811131235,-0.08008898776418243,1.3121551571602497,86892.24811131235,1667.7593740532175,0.8585917582053932,126.5,2.287236049775812,2.4660920377510775,0.24026696329254726,402.38944444444445,1,9
658,22.0,0.9725034657894033,1.9450069315788066,88641.74916236204,-0.047830923248053395,1.5205651957383501,88641.74916236204,1749.501051049694,0.7970491201035146,132.5,2.175700314353515,2.2372160006519355,0.3581757508342603,402.38944444444445,1,9
659,23.0,1.2624555784945228,2.5249111569890457,90897.62000817647,-0.8040540540540541,1.2125024491967877,90897.62000817647,2255.8708458144247,0.99435770103255,138.5,2.2725345728531585,1.8000907212617763,0.527027027027027,402.38944444444445,1,9
660,24.0,0.9142175748159774,1.8284351496319549,92542.06699832503,0.008898776418242492,1.6776228330899765,92542.06699832503,1644.4469901485572,0.852094975215766,144.5,4.629913204520303,5.0643450006441375,0.21690767519466073,402.38944444444445,1,9
661,25.0,0.5984224082640233,1.1968448165280465,93618.0714969478,0.011123470522803115,1.446811014717415,93618.0714969478,1076.004498622773,0.5354589988162527,150.5,1.6926702475902988,2.8285542523392517,0.08231368186874305,402.38944444444445,1,9
662,26.0,0.6422694937339835,1.284538987467967,94774.18071654267,-0.014460511679644048,1.6200302917618206,94774.18071654267,1156.1092195948731,0.5522436965031303,156.5,1.253312418124335,1.951380892836605,0.06451612903225806,402.38944444444445,1,9
663,27.0,0.7967918906128528,1.5935837812257057,96202.180312165,0.046875,1.5900989361965145,96202.180312165,1427.9995956223283,0.635067486326746,162.49833333333333,1.2221351496731414,1.53381976407056,0.19642857142857142,402.38944444444445,1,9
664,28.0,0.6917627595545585,1.383525519109117,97308.45464152793,0.03249630723781388,1.8103329868877351,97308.45464152793,1106.274329362932,0.7426851429553167,168.5,4.718409425654788,6.82084914298231,0.08419497784342689,402.38944444444445,1,9
665,29.0,0.6358064796879268,1.2716129593758536,98451.93954852314,-0.06117908787541713,1.6590275914930661,98451.93954852314,1143.4849069952033,0.5309866596432058,174.5,1.6332365753411267,2.568763652963664,0.11790878754171301,402.38944444444445,1,9
666,30.0,0.6178540358484372,1.2357080716968745,99564.07937529213,0.020022246941045607,1.6630766155488592,99564.07937529213,1112.1398267689947,0.6017101564978323,180.5,3.509504162586954,5.680150907758824,0.12458286985539488,402.38944444444445,1,9
667,31.0,0.6158380429943301,1.2316760859886602,100678.48335996289,-0.03337041156840934,1.6025867978394586,100678.48335996289,1114.40398467076,0.5246537304932329,186.5,1.9081695311772424,3.098492457366442,0.11234705228031146,402.38944444444445,1,9
668,32.0,0.723390087204463,1.446780174408926,101979.08549565118,0.07675194660734148,1.8442072342341131,101979.08549565118,1300.6021356882848,0.6937550878512301,192.5,2.7395990972641022,3.787167042682694,0.14905450500556172,402.38944444444445,1,9
669,33.0,1.2316458762700533,2.4632917525401066,104195.09499013309,-0.06451612903225806,1.80598515991277,104195.09499013309,2216.009494481914,1.1211027552238018,198.5,3.5000113325381035,2.8417351123178554,0.19911012235817574,402.38944444444445,1,9
670,34.0,0.4704804288544561,0.9409608577089122,105041.10273115018,-0.008898776418242492,1.7502955351787781,105041.10273115018,846.0077410170925,0.44624941026488507,204.5,1.6266791910189082,3.4574853516853175,0.047830923248053395,402.38944444444445,1,9
671,35.0,0.669638723263292,1.339277446526584,106246.63433088081,0.07563959955506118,1.5102890017711557,106246.63433088081,1205.5315997306316,0.6701174264338406,210.5,2.405999056215308,3.592980771019876,0.0778642936596218,402.38944444444445,1,9
672,36.0,0.6937849883800721,1.3875699767601442,107494.24479121939,0.017797552836484983,1.91781854970143,107494.24479121939,1247.6104603385756,0.7295290842236638,216.5,4.887214395119906,7.044278093319846,0.06117908787541713,402.38944444444445,1,9
673,37.0,0.9315596902053445,1.863119380410689,109169.27962250495,-0.10344827586206896,1.8430517903770198,109169.27962250495,1675.034831285564,0.8036982567575073,222.5,2.930941032672946,3.1462729264582885,0.1557285873192436,402.38944444444445,1,9
674,38.0,0.7996206430059485,1.599241286011897,110607.29298057858,0.05672969966629588,1.722644591269494,110607.29298057858,1438.0133580736292,0.8447918467920259,228.5,5.012808608808157,6.2689834894255805,0.09343715239154617,402.38944444444445,1,9
675,39.0,0.690413164298875,1.38082632859775,111851.81274261556,-0.004449388209121246,1.9439799980063377,111851.81274261556,1244.5197620369727,0.6326406885795894,234.5,2.183082764734598,3.161994697698952,0.0878754171301446,402.38944444444445,1,9
676,40.0,0.8639875002531004,1.727975000506201,113405.91106522737,-0.018909899888765295,1.5771048622615838,113405.91106522737,1554.0983226118115,0.8390410133725135,240.5,2.6869874888583274,3.1099842162892277,0.17686318131256953,402.38944444444445,1,9
677,41.0,0.7889812664758213,1.5779625329516427,114825.06681036984,0.05784204671857619,1.8463145645188663,114825.06681036984,1419.1557451424742,0.7613917930881569,246.5,2.972292230424065,3.7672532374571306,0.10011123470522804,402.38944444444445,1,9
678,42.0,1.0921880766831722,2.1843761533663444,116789.17005551516,-0.0389321468298109,1.8296809090301192,116789.17005551516,1964.1032451453211,1.2016901504843223,252.5,4.485540464376986,4.106930445531842,0.16796440489432704,402.38944444444445,1,9
679,43.0,0.5523662528497941,1.1047325056995883,117784.9088603938,0.0011123470522803114,1.8324721267725739,117784.9088603938,995.7388048786379,0.5784461073971894,258.5,4.297081032071203,7.779405439600082,0.025583982202447165,402.38944444444445,1,9
680,44.0,0.6595697521791692,1.3191395043583385,118972.04189191163,-0.035595105672969966,1.6352342962739728,118972.04189191163,1187.1330315178348,0.616732631345296,264.5,2.1328843122074472,3.2337509492522307,0.067853170189099,402.38944444444445,1,9
681,45.0,0.9194821721037733,1.8389643442075465,120627.0865970278,0.19911012235817574,1.6256438026474644,120627.0865970278,1655.044705116161,0.9095412866371524,270.5,4.218537799099552,4.5879495297310084,0.17908787541713014,402.38944444444445,1,9
682,46.0,0.8498473266161081,1.6996946532322161,122155.37099867973,-0.21245828698553948,1.8614367110487509,122155.37099867973,1528.2844016519375,0.8368412965095967,276.5,3.369173480802236,3.964445583676178,0.13348164627363737,402.38944444444445,1,9
683,47.0,0.714193071004082,1.428386142008164,123439.91411162067,0.01668520578420467,1.5088869684799926,123439.91411162067,1284.5431129409408,0.6464867296813446,282.5,1.828573297176911,2.5603346929789237,0.12347052280311457,402.38944444444445,1,9
684,48.0,0.49789531117466806,0.9957906223493361,124335.60631380999,-0.012235817575083427,1.8777587216406555,124335.60631380999,895.6922021893115,0.49901605487244877,288.5,2.1301584366426223,4.278325962976051,0.09010011123470522,402.38944444444445,1,9
685,49.0,0.493271778360129,0.986543556720258,125222.45314756891,0.010011123470522803,1.833933553454715,125222.45314756891,886.8468337589293,0.503915747229552,294.5,1.9999126523959685,4.05438287802443,0.07341490545050056,402.38944444444445,1,9
686,50.0,0.27789590670586983,0.5557918134117397,125722.96039663246,-0.021134593993325918,1.9140348633975415,125722.96039663246,500.50724906355026,0.3182267072438953,300.5,2.198074363897187,7.9097039965531755,0.02335928809788654,402.38944444444445,1,9
687,51.0,0.24152939645425553,0.48305879290851106,126157.40120692787,0.008898776418242492,1.9191979653627678,126157.40120692787,434.44081029540394,0.27372114524754954,306.5,2.056120263780925,8.512919313199808,0.011123470522803115,402.38944444444445,1,9
688,52.0,0.21861428677843883,0.43722857355687766,126550.92801007527,-0.014460511679644048,2.061868434310009,126550.92801007527,393.526803147397,0.2904308749266384,312.5,2.690138645776477,12.30541098397141,0.011123470522803115,402.38944444444445,1,9
689,53.0,0.18223683548256825,0.3644736709651365,126878.6895127383,0.024471635150166853,1.8896083719950445,126878.6895127383,327.7615026630374,0.20535827951103086,318.5,1.2818443269667437,7.033947464969878,0.011123470522803115,402.38944444444445,1,9
690,54.0,0.15850615645043334,0.3170123129008667,127163.72365784725,-0.012235817575083427,2.0834073617473194,127163.72365784725,285.034145108948,0.17263393048915515,324.5,1.022170799732001,6.448776644531441,0.011123470522803115,402.38944444444445,1,9
691,55.0,0.2183837143418339,0.4367674286836678,127556.30738096107,-0.008898776418242492,2.023596957306116,127556.30738096107,392.5837231138139,0.27891288769274225,330.5,2.4786296081545647,11.349883005812375,0.011123470522803115,402.38944444444445,1,9
692,56.0,0.11547688102937491,0.23095376205874982,127762.33690500978,0.07046979865771812,1.8606719437340715,127762.33690500978,206.02952404871758,0.09694745946770879,336.4972222222222,0.10935092350509261,0.9469507881605844,0.0022371364653243847,402.38944444444445,1,9
693,57.0,0.06260707477583484,0.12521414955166968,127842.19229996699,-19.0,2.210786545119055,127842.19229996699,79.85539495720877,0.09535186948107137,342.5,0.0372582694248877,0.5951127657423901,0.0,402.38944444444445,1,9
694,58.0,0.21318475049318164,0.4263695009863633,128225.69893884813,0.0033370411568409346,1.8564718153073856,128225.69893884813,383.5066388811392,0.24630042354992704,348.5,1.8583638218342902,8.717151754687665,0.008898776418242492,402.38944444444445,1,9
695,59.0,0.28104588694905525,0.5620917738981105,128731.5689859319,-0.012235817575083427,1.82652610859589,128731.5689859319,505.8700470837648,0.4085303432819229,354.5,4.494750613955781,15.992942158838773,0.012235817575083427,402.38944444444445,1,9
696,60.0,0.19823884273629563,0.39647768547259127,129085.61846384464,0.01791713325867861,1.922132310712856,129085.61846384464,354.04947791274753,0.15652136054437488,360.49666666666667,0.22101931963690807,1.1149142952318172,0.0011198208286674132,402.38944444444445,1,9
697,61.0,0.13305139821628653,0.26610279643257306,129223.87007663846,-3.25,0.6815974883295687,129223.87007663846,138.25161279381427,0.08076286987368902,366.5,0.05749022250164806,0.43209032954462256,0.0,402.38944444444445,1,9
698,62.0,0.15441014855348054,0.3088202971069611,129501.45635658823,0.010011123470522803,1.9903057722498214,129501.45635658823,277.58627994976996,0.1692117683406847,372.5,0.9418029756205565,6.099359300171643,0.010011123470522803,402.38944444444445,1,9
699,63.0,0.10591244938338774,0.2118248987667755,129692.05228208748,0.02224694104560623,2.046606114621222,129692.05228208748,190.59592549924855,0.107891604110882,378.5,0.29151173815078935,2.7523840667262736,0.0011123470522803114,402.38944444444445,1,9
700,64.0,0.16311133211383438,0.32622266422766877,129985.28954690757,-0.03670745272525028,2.1118940081341475,129985.28954690757,293.23726482009806,0.16962486567884538,384.5,0.7891061437718853,4.837837650796531,0.010011123470522803,402.38944444444445,1,9
701,65.0,0.2791443983137404,0.5582887966274808,130487.26312698994,0.018909899888765295,2.0993335336739816,130487.26312698994,501.97358008236915,0.3991293856889373,390.5,4.165352748995912,14.921856838819036,0.011123470522803115,402.38944444444445,1,9
702,66.0,0.4742306371588592,0.9484612743177184,131341.947306033,0.002224694104560623,1.876632347362059,131341.947306033,854.6841790430481,0.3799886236447354,396.5,0.5219738612181147,1.1006751152673047,0.014460511679644048,402.38944444444445,1,9
703,67.0,0.07855852517014515,0.1571170503402903,131483.192925442,-0.012235817575083427,1.8458430320094317,131483.192925442,141.24561940901913,0.07146251551069178,402.5,0.08250167522181756,1.0501937891926074,0.0,402.38944444444445,1,9
704,68.0,0.09114042204734628,0.18228084409469256,131646.9857298195,0.0011123470522803114,1.736262146811184,131646.9857298195,163.79280437750276,0.07813153882758836,408.5,0.09673454556466243,1.0613791706429676,0.0,402.38944444444445,1,9
705,69.0,0.0654622536850765,0.130924507370153,131765.0268257542,-0.011123470522803115,1.8310802845925849,131765.0268257542,118.04109593469184,0.061692686057478845,414.5,0.07161194721065886,1.0939425879708802,0.0,402.38944444444445,1,9
706,70.0,0.06920514293653057,0.13841028587306115,131889.62127046185,0.002224694104560623,1.8384947317148665,131889.62127046185,124.5944447076472,0.06409124651650795,420.5,0.08223184037730623,1.1882330833811399,0.0,402.38944444444445,1,9
707,71.0,0.058705818768646265,0.11741163753729253,131995.21803052095,0.0011123470522803114,1.8682629367291634,131995.21803052095,105.59676005909569,0.05232919102014639,426.5,0.06099581835507734,1.0390080512368924,0.0,402.38944444444445,1,9
708,72.0,0.045605146139885526,0.09121029227977105,132077.27559931533,-0.0033370411568409346,1.5339055265088206,132077.27559931533,82.05756879437831,0.045084886288092194,432.5,0.05725785732481582,1.2555130762916036,0.0,402.38944444444445,1,9
709,73.0,0.06200695976618804,0.12401391953237607,132188.90077220747,0.002224694104560623,1.7109561349006719,132188.90077220747,111.62517289214884,0.06341370287584196,438.5,0.09138319531328681,1.4737570694945994,0.0,402.38944444444445,1,9
710,74.0,0.07497562223292263,0.14995124446584526,132323.73965237068,-0.0033370411568409346,1.6611760421745616,132323.73965237068,134.83888016320998,0.07131907024837587,444.5,0.09318753209531487,1.2429044177294628,0.0,402.38944444444445,1,9
711,75.0,0.07709408597949496,0.15418817195898993,132462.45241241125,0.0,1.5772716929619686,132462.45241241125,138.71276004056563,0.07413536032373638,450.5,0.09862588371168741,1.2792924704745752,0.0,402.38944444444445,1,9
712,76.0,0.061774572062497105,0.12354914412499421,132573.52309297933,0.012235817575083427,1.778034890138531,132573.52309297933,111.07068056808203,0.058971661829116284,456.5,0.07381926639907221,1.1949781914213755,0.0,402.38944444444445,1,9
713,77.0,0.06728722531403043,0.13457445062806087,132694.8056882595,-0.008898776418242492,1.747725661558447,132694.8056882595,121.28259528017952,0.06229496992499429,462.5,0.07496406044805962,1.1140905290447225,0.0,402.38944444444445,1,9
714,78.0,0.07288484348541828,0.14576968697083656,132825.91698366922,0.0011123470522803114,1.6664033288301294,132825.91698366922,131.11129540970433,0.07263107407474566,468.5,0.09353194240055605,1.2832838478862691,0.0,402.38944444444445,1,9
715,79.0,0.07855209956080618,0.15710419912161236,132966.9499200096,0.0011123470522803114,1.7706404991171587,132966.9499200096,141.03293634037254,0.07582959707627425,474.5,0.09633985925056936,1.226445375606974,0.0,402.38944444444445,1,9
716,80.0,0.07088497685512525,0.1417699537102505,133094.31558367328,-0.0033370411568409346,1.7543625839750654,133094.31558367328,127.36566366368788,0.06612545221596858,480.5,0.08063122835614635,1.137493894100304,0.0,402.38944444444445,1,9
717,81.0,0.07254588424551589,0.14509176849103178,133225.0522641863,0.021134593993325918,1.7005289576098346,133225.0522641863,130.73668051301502,0.07029719396369641,486.5,0.0834194962255518,1.1498859941280268,0.0,402.38944444444445,1,9
718,82.0,0.061080916503510135,0.12216183300702027,133335.01763284724,-0.02224694104560623,1.7545937437886165,133335.01763284724,109.96536866095266,0.0581909723581174,492.5,0.07634579234495541,1.2499123574966011,0.0,402.38944444444445,1,9
719,83.0,0.05043722260369679,0.10087444520739358,133425.02238961234,0.017937219730941704,1.7693495004346813,133425.02238961234,90.00475676509086,0.05076989117188173,498.49611111111113,0.06216917663819998,1.2326050767443189,0.0,402.38944444444445,1,9
720,0.0,1.518657578157245,3.03731515631449,2730.2664910811204,0.10901001112347053,1.7410981012039048,2730.2664910811204,2730.2664910811204,1.8027947852841995,0.5,13.877455730221575,9.137975492184767,0.067853170189099,462.38944444444445,1,10
721,1.0,0.8462278042197957,1.6924556084395914,4547.96745426466,-0.054505005561735265,1.3660547614779481,4547.96745426466,1817.7009631835394,0.7728569027845432,6.5,1.6024258138827472,1.8936104508645284,0.45383759733036705,462.38944444444445,1,10
722,2.0,0.4422560508933919,0.8845121017867839,5477.101486494582,-0.05005561735261402,1.7227981126024325,5477.101486494582,929.134032229922,0.3444648613474765,12.5,0.7207189507858536,1.629641808924818,0.203559510567297,462.38944444444445,1,10
723,3.0,0.5167567126913283,1.0335134253826566,6462.735801445546,0.02224694104560623,1.657305558955563,6462.735801445546,985.6343149509639,0.4402771211529352,18.5,0.6944663092943347,1.3438941231696333,0.40155728587319245,462.38944444444445,1,10
724,4.0,0.24120581309525163,0.48241162619050326,6986.861637244332,-0.021134593993325918,1.7409914309466235,6986.861637244332,524.1258357987863,0.21530934762504808,24.5,0.276794388010142,1.1475444329396676,0.034482758620689655,462.38944444444445,1,10
725,5.0,1.5833849225206749,3.1667698450413497,10115.809124925925,0.048919226393629126,1.275454282544905,10115.809124925925,3128.947487681593,1.1329884403716994,30.5,2.0774480353080356,1.3120296939551725,0.8339021615472128,462.38944444444445,1,10
726,6.0,0.3128537393890691,0.6257074787781381,10941.231386880347,-0.047830923248053395,1.4509004155940601,10941.231386880347,825.4222619544216,0.26951508065607904,36.5,0.3189782942042188,1.0195764155707698,0.08231368186874305,462.38944444444445,1,10
727,7.0,0.6409381583293954,1.2818763166587908,12196.632865514346,0.04560622914349277,1.6934312969694039,12196.632865514346,1255.4014786339994,0.5529335777290117,42.5,0.677366155062654,1.0568354314060628,0.5561735261401557,462.38944444444445,1,10
728,8.0,1.296378631499767,2.592757262999534,14604.384115780334,-0.031746031746031744,1.161201368952721,14604.384115780334,2407.7512502659883,0.9827665044033663,48.5,2.055749691797423,1.585763327045238,0.8547008547008547,462.38944444444445,1,10
729,9.0,0.7115109228438069,1.4230218456876138,15910.101666696157,-0.0055617352614015575,1.6818058534772722,15910.101666696157,1305.7175509158224,0.5439832953164169,54.5,1.273214185643652,1.7894513559325245,0.4682981090100111,462.38944444444445,1,10
730,10.0,0.6997284259293113,1.3994568518586226,17389.10655927666,0.1447661469933185,1.3966449716104092,17389.10655927666,1479.004892580504,0.5438000201537401,60.49944444444444,0.626638611887691,0.8955454554464477,0.6570155902004454,462.38944444444445,1,10
731,11.0,0.9794279009170141,1.9588558018340283,19201.614479559423,-0.11200923787528869,1.3758498339035987,19201.614479559423,1812.507920282762,0.7791011789478115,66.5,2.52571376359591,2.578764359511452,0.6685912240184757,462.38944444444445,1,10
732,12.0,1.9030983505544279,3.8061967011088558,22615.94550350729,0.12486064659977704,1.112872027330658,22615.94550350729,3414.331023947867,1.2778540769354663,72.49888888888889,2.3896370780049896,1.2556561132580557,0.7870680044593088,462.38944444444445,1,10
733,13.0,1.1489394643655193,2.2978789287310386,26839.743274364646,0.7596513075965131,1.7400948572894959,26839.743274364646,4223.797770857356,1.0733481297655167,78.5,3.8024306334450415,3.3095134699240782,0.7584059775840598,462.38944444444445,1,10
734,14.0,1.4882430506176563,2.9764861012353125,29515.80086309541,-0.025583982202447165,1.3060911337412218,29515.80086309541,2676.057588730764,1.1931572319636794,84.5,6.0123597555129615,4.039904471932652,0.8431590656284761,462.38944444444445,1,10
735,15.0,0.7047894439959237,1.4095788879918474,30784.75294651853,-0.017797552836484983,1.6474575870327857,30784.75294651853,1268.952083423119,0.8040364288312458,90.5,3.6566055896385605,5.188224115427741,0.4360400444938821,462.38944444444445,1,10
736,16.0,1.2492657634687219,2.4985315269374437,33071.48906855669,-0.052873563218390804,1.467559305488281,33071.48906855669,2286.7361220381645,1.044885873600873,96.5,5.296941710028952,4.240043924137822,0.6218390804597701,462.38944444444445,1,10
737,17.0,1.108719769059992,2.217439538119984,35066.155540256055,0.19243604004449388,1.2616668579810328,35066.155540256055,1994.6664716993619,0.9450425651279172,102.5,1.453679169244485,1.3111330832289214,0.731924360400445,462.38944444444445,1,10
738,18.0,0.9167236981173045,1.833447396234609,36715.807888664895,-0.22469410456062291,1.430349849067558,36715.807888664895,1649.6523484088393,0.7759982041456315,108.5,2.565798357657783,2.7988786184181986,0.5739710789766407,462.38944444444445,1,10
739,19.0,0.8965082783525484,1.7930165567050969,38327.8199687814,0.11790878754171301,1.5565504180069187,38327.8199687814,1612.012080116503,0.7420262947964618,114.5,4.179235913820938,4.661681341638956,0.6740823136818688,462.38944444444445,1,10
740,20.0,0.5077755337414079,1.0155510674828159,39241.467350406565,0.07675194660734148,1.6759171734911222,39241.467350406565,913.6473816251673,0.5593425460019582,120.5,2.782085898632828,5.478967996220247,0.26807563959955505,462.38944444444445,1,10
741,21.0,0.8205514488308974,1.6411028976617947,40719.78444997841,-0.07341490545050056,1.6282465735709284,40719.78444997841,1478.3170995718465,0.8868406527135664,126.5,3.3703588190325595,4.107431439959759,0.4916573971078977,462.38944444444445,1,10
742,22.0,0.48374573074803895,0.9674914614960779,41586.24160409545,0.13904338153503892,1.6229679383364375,41586.24160409545,866.4571541170371,0.49281174099663516,132.5,2.4186228846014393,4.999781353855894,0.2347052280311457,462.38944444444445,1,10
743,23.0,0.771538399208101,1.543076798416202,42973.79518381118,-0.9477196885428254,1.4880687829148684,42973.79518381118,1387.5535797157281,0.699332078213684,138.5,1.6357615847269849,2.120129842410843,0.5339265850945495,462.38944444444445,1,10
744,24.0,0.5842304868665061,1.1684609737330123,44025.68518540606,-0.024471635150166853,1.870240331726499,44025.68518540606,1051.890001594882,0.6808726163108807,144.5,4.214936689974926,7.214510000293803,0.1557285873192436,462.38944444444445,1,10
745,25.0,0.7017871266941181,1.4035742533882363,45288.253433800906,0.008898776418242492,1.6440146014647359,45288.253433800906,1262.5682483948476,0.6903520518281737,150.5,3.257134705409371,4.641200417500719,0.46051167964404893,462.38944444444445,1,10
746,26.0,0.4849711346805496,0.9699422693610992,46160.37764210452,-0.02224694104560623,1.629748734121887,46160.37764210452,872.1242083036122,0.6065910255045518,156.5,5.424473327581236,11.185146784363436,0.10456062291434928,462.38944444444445,1,10
747,27.0,0.6447308966138455,1.289461793227691,47320.38492751861,0.00778642936596218,1.9939721986634682,47320.38492751861,1160.007285414089,0.6988256868176429,162.5,4.284506274811885,6.645417952380282,0.32146829810901,462.38944444444445,1,10
748,28.0,0.7021682954815928,1.4043365909631855,48582.591493857115,-0.00778642936596218,1.6050113511794533,48582.591493857115,1262.2065663385074,0.7168004153825855,168.5,3.954718186578913,5.632151454326928,0.4682981090100111,462.38944444444445,1,10
749,29.0,0.5214526364272766,1.0429052728545531,49520.33224038085,-0.0011123470522803114,1.8324289578663489,49520.33224038085,937.7407465237338,0.41823349796077275,174.5,1.4297103615703857,2.7417837435169963,0.203559510567297,462.38944444444445,1,10
750,30.0,0.8010564664615285,1.602112932923057,50960.924669131746,0.03114571746384872,1.630903374751773,50960.924669131746,1440.592428750897,0.7570110277583852,180.5,2.946302500794652,3.6780209937124964,0.6529477196885428,462.38944444444445,1,10
751,31.0,0.28632007170193124,0.5726401434038625,51477.78516843802,-0.025583982202447165,1.874402883538546,51477.78516843802,516.8604993062763,0.26730884511296793,186.5,1.0001979839335313,3.493286300147238,0.06117908787541713,462.38944444444445,1,10
752,32.0,0.8902728610061628,1.7805457220123255,53078.5337837789,0.07897664071190211,1.5399930086408022,53078.5337837789,1600.7486153408754,0.8623721009108509,192.5,2.896318514715198,3.253293053819315,0.5383759733036707,462.38944444444445,1,10
753,33.0,0.4985335375928724,0.9970670751857448,53977.119521318775,-0.09121245828698554,1.8530661046653845,53977.119521318775,898.5857375398773,0.4581219421368796,198.5,1.6461986629591954,3.3020820844024423,0.2525027808676307,462.38944444444445,1,10
754,34.0,0.3248734782185688,0.6497469564371376,54560.930791976556,0.04449388209121246,2.0111981228449753,54560.930791976556,583.8112706577813,0.30880373913460946,204.5,1.4932051745582515,4.5962667766731355,0.1457174638487208,462.38944444444445,1,10
755,35.0,0.2664834417516252,0.5329668835032504,55040.22415947612,-0.05005561735261402,1.8930113737581664,55040.22415947612,479.29336749956565,0.31782791685582157,210.5,2.2758669413017785,8.540369061365512,0.11345939933259176,462.38944444444445,1,10
756,36.0,0.26854263830100794,0.5370852766020159,55522.99177566798,0.0,2.1131732484419636,55522.99177566798,482.7676161918571,0.2669878174635044,216.5,1.393293347200327,5.188350557718854,0.017797552836484983,462.38944444444445,1,10
757,37.0,0.2922707191994868,0.5845414383989735,56048.68039972815,0.067853170189099,1.9086182536701204,56048.68039972815,525.6886240601743,0.28439124985703784,222.5,1.6732512387611829,5.725004692033895,0.03670745272525028,462.38944444444445,1,10
758,38.0,0.2658752930670302,0.5317505861340605,56526.71459826068,-0.020022246941045607,2.038171829595314,56526.71459826068,478.03419853252853,0.29308726305691385,228.5,2.1022824146356287,7.907024343573057,0.048943270300333706,462.38944444444445,1,10
759,39.0,0.23453700837327146,0.4690740167465429,56949.18847541796,-0.035595105672969966,2.0169230952042767,56949.18847541796,422.4738771572811,0.24761164807022615,234.5,1.5004352354539012,6.397434869067322,0.02335928809788654,462.38944444444445,1,10
760,40.0,2.956480942885578,5.912961885771156,62265.17109975929,-0.012235817575083427,1.7455553730571576,62265.17109975929,5315.982624341326,4.281862241593669,240.5,20.25124608367664,6.849780693634732,0.12235817575083426,462.38944444444445,1,10
761,41.0,0.24185742500090712,0.48371485000181424,62700.154489342065,0.013348164627363738,1.8928267590340762,62700.154489342065,434.983389582776,0.28750894312896114,246.5,2.219355695268016,9.176297544967627,0.02224694104560623,462.38944444444445,1,10
762,42.0,0.29681337937607155,0.5936267587521431,63233.86573643554,-0.0055617352614015575,2.04715855103507,63233.86573643554,533.7112470934735,0.34425469227731004,252.5,2.670622099349169,8.99764729259529,0.03114571746384872,462.38944444444445,1,10
763,43.0,0.28450374596724276,0.5690074919344855,63745.44257166482,-0.008898776418242492,1.9475055889144655,63745.44257166482,511.5768352292798,0.26340072206406306,258.5,1.3111248262271764,4.608462436126015,0.06229143492769744,462.38944444444445,1,10
764,44.0,0.10634942562937452,0.21269885125874904,63936.63644832453,0.021134593993325918,2.0189734007843434,63936.63644832453,191.19387665970862,0.10181813407947937,264.5,0.1561763502986072,1.4685208629417374,0.0033370411568409346,462.38944444444445,1,10
765,45.0,0.08882946149011195,0.1776589229802239,64096.459682749824,-0.017797552836484983,1.860835751184365,64096.459682749824,159.82323442529741,0.08423136568851558,270.5,0.1357112478357337,1.5277729433363774,0.0,462.38944444444445,1,10
766,46.0,0.09138002386936345,0.1827600477387269,64261.311785454345,-0.004449388209121246,1.9236470942783361,64261.311785454345,164.8521027045208,0.09622472858802485,276.5,0.2022618733769324,2.2134145386751625,0.00778642936596218,462.38944444444445,1,10
767,47.0,0.05760138572674659,0.11520277145349318,64364.880331298475,0.014460511679644048,1.9040931937282455,64364.880331298475,103.5685458441294,0.05449226961044821,282.5,0.10483082974761397,1.81993589954446,0.0033370411568409346,462.38944444444445,1,10
768,48.0,0.0916489187023057,0.1832978374046114,64529.68098351478,-0.00778642936596218,1.9129641759014908,64529.68098351478,164.80065221630502,0.09919784886758291,288.5,0.4537686956149401,4.951162567327968,0.008898776418242492,462.38944444444445,1,10
769,49.0,0.08383968131570774,0.16767936263141547,64680.54256586023,0.0,1.882457774389538,64680.54256586023,150.86158234545292,0.07944914193394537,294.5,0.11003458619255513,1.3124404156333507,0.002224694104560623,462.38944444444445,1,10
770,50.0,0.23768131348132188,0.47536262696264375,65107.9784112445,-0.0055617352614015575,1.7542936684053088,65107.9784112445,427.4358453842651,0.23047911697758927,300.5,1.3951342077898141,5.8697681671110855,0.010011123470522803,462.38944444444445,1,10
771,51.0,0.09624598707105425,0.1924919741421085,65281.01087834195,0.0055617352614015575,2.0960721679299428,65281.01087834195,173.03246709745144,0.09899467415163675,306.5,0.2608530289973792,2.710274339072472,0.011123470522803115,462.38944444444445,1,10
772,52.0,0.10243563373830357,0.20487126747660714,65465.2175398077,-0.002224694104560623,2.1107643864514234,65465.2175398077,184.2066614657524,0.10323594794285766,312.5,0.18535962258608052,1.8095228761860955,0.011123470522803115,462.38944444444445,1,10
773,53.0,0.06860134548544423,0.13720269097088847,65588.72829083957,0.03225806451612903,1.8155195269650817,65588.72829083957,123.51075103187031,0.06611022514288181,318.5,0.08783257003922909,1.2803330520370817,0.0,462.38944444444445,1,10
774,54.0,0.06726011253214954,0.1345202250642991,65709.76580649975,-0.035595105672969966,1.931397221270392,65709.76580649975,121.03751566018036,0.06285750006921448,324.5,0.07226801211201947,1.0744557121797293,0.0,462.38944444444445,1,10
775,55.0,0.06530507036927297,0.13061014073854593,65827.19784230387,-0.0011123470522803114,2.032189658382268,65827.19784230387,117.432035804115,0.058398118419936834,330.5,0.07565185791922878,1.1584377367859653,0.0,462.38944444444445,1,10
776,56.0,0.05790262584744294,0.11580525169488588,65931.30676357764,0.0011123470522803114,1.755652740425712,65931.30676357764,104.10892127377156,0.05490571156614721,336.5,0.07065729100227353,1.2202778365947604,0.0,462.38944444444445,1,10
777,57.0,0.0626734327265581,0.1253468654531162,66044.01382792968,-0.0011123470522803114,1.872962986564009,66044.01382792968,112.70706435204193,0.060657860367813565,342.5,0.0706158543926745,1.1267270886656056,0.0,462.38944444444445,1,10
778,58.0,0.06339752338920181,0.12679504677840361,66158.0378781639,0.002224694104560623,1.880241883329616,66158.0378781639,114.02405023422034,0.06274851135957435,348.5,0.09086729558308215,1.433294089821798,0.0,462.38944444444445,1,10
779,59.0,0.0667920913679911,0.1335841827359822,66278.23428002383,0.006674082313681869,1.7839858604886025,66278.23428002383,120.19640185992466,0.07094189200795589,354.5,0.22378835740073125,3.350521788092681,0.010011123470522803,462.38944444444445,1,10
780,60.0,0.10905510338862469,0.21811020677724938,66474.62766915828,-0.00778642936596218,2.029869208443519,66474.62766915828,196.39338913444954,0.10199409768471852,360.5,0.16713443007758155,1.5325686270910912,0.012235817575083427,462.38944444444445,1,10
781,61.0,0.10186610901381589,0.20373221802763178,66657.88325516265,0.006674082313681869,1.9418504481260894,66657.88325516265,183.25558600437944,0.09725604276244551,366.5,0.11773833218054103,1.155814562079449,0.0,462.38944444444445,1,10
782,62.0,0.09797195898940186,0.19594391797880373,66834.38419836876,0.00778642936596218,1.9481726621088302,66834.38419836876,176.50094320610515,0.09364328166423613,372.5,0.1117822063724763,1.1409612252886396,0.0,462.38944444444445,1,10
783,63.0,0.09536212786831788,0.19072425573663576,67005.85498033477,-0.011123470522803115,1.8873814887340712,67005.85498033477,171.4707819660107,0.09276842840561986,378.5,0.10986183957016689,1.1520489530379516,0.0,462.38944444444445,1,10
784,64.0,0.09436374864588837,0.18872749729177674,67175.59266880307,0.002224694104560623,1.970664204408682,67175.59266880307,169.73768846830353,0.09515503960761723,384.5,0.11785989522498704,1.2489954767192522,0.0,462.38944444444445,1,10
785,65.0,0.09326394259566881,0.18652788519133762,67343.46214353316,0.0055617352614015575,1.8341867393190479,67343.46214353316,167.8694747300906,0.09272191337287082,390.5,0.10718194830209439,1.1492324398804896,0.0,462.38944444444445,1,10
786,66.0,0.09208225070034465,0.1841645014006893,67509.03791817238,-0.008898776418242492,1.987481238314714,67509.03791817238,165.57577463921916,0.08969878229223104,396.5,0.10716045409048451,1.1637471203783623,0.0,462.38944444444445,1,10
787,67.0,0.09335720135111637,0.18671440270223275,67677.5602983775,0.012235817575083427,1.9304712781505926,67677.5602983775,168.52238020511868,0.09062827124465572,402.5,0.104085500259579,1.1149166722352086,0.0,462.38944444444445,1,10
788,68.0,0.0981669019178215,0.196333803835643,67853.96596802908,-0.0033370411568409346,1.9858893958579953,67853.96596802908,176.40566965157632,0.08901198647585092,408.5,0.10872029481423146,1.1075045936077774,0.0,462.38944444444445,1,10
789,69.0,0.10520305488464735,0.2104061097692947,68043.33848213794,-0.00778642936596218,1.9653608084082774,68043.33848213794,189.3725141088653,0.11295277606940692,414.5,0.23347252725083492,2.219256156647086,0.010011123470522803,462.38944444444445,1,10
790,70.0,0.16090103862154267,0.32180207724308535,68332.7216918074,-0.002224694104560623,2.0389521022580555,68332.7216918074,289.3832096694532,0.19918896051077772,420.5,1.0540395950681516,6.550856377921656,0.03670745272525028,462.38944444444445,1,10
791,71.0,0.04295084769555286,0.08590169539110572,68410.14472730506,-0.0033370411568409346,1.6602300840886186,68410.14472730506,77.42303549766075,0.04670834024870799,426.5,0.0743932980321142,1.7320565721876753,0.0011123470522803114,462.38944444444445,1,10
792,72.0,0.05611898040721366,0.11223796081442731,68511.08820506076,0.017797552836484983,1.9023449419065108,68511.08820506076,100.9434777557035,0.059683225884601565,432.5,0.08434685374361515,1.503000466715055,0.0,462.38944444444445,1,10
793,73.0,0.07382710514904652,0.14765421029809303,68643.85356672433,-0.014460511679644048,1.8694328283848274,68643.85356672433,132.76536166356527,0.07287418384309569,438.5,0.10067343174413504,1.3636378067498323,0.0,462.38944444444445,1,10
794,74.0,0.08675592204529559,0.17351184409059117,68799.81779854903,0.0033370411568409346,1.9490873963819502,68799.81779854903,155.96423182470608,0.08367652001093961,444.5,0.10102078246537101,1.1644252067614207,0.0,462.38944444444445,1,10
795,75.0,0.08456058448818325,0.1691211689763665,68951.85864649135,0.0033370411568409346,1.9225094476911018,68951.85864649135,152.0408479423204,0.08071598077147941,450.5,0.1115406565424418,1.31906203365977,0.0,462.38944444444445,1,10
796,76.0,0.08328216483261448,0.16656432966522897,69101.7530682265,-0.004449388209121246,1.921577234662402,69101.7530682265,149.89442173515272,0.0878692473306221,456.5,0.18175606575220538,2.182412838541237,0.006674082313681869,462.38944444444445,1,10
797,77.0,0.04887460201710275,0.0977492040342055,69189.67538660423,0.01557285873192436,1.9981718743711427,69189.67538660423,87.92231837772124,0.04466934352671173,462.5,0.05607178083869442,1.1472580547883162,0.0,462.38944444444445,1,10
798,78.0,0.051915970858143284,0.10383194171628657,69283.01504232908,-0.014460511679644048,2.006949029752525,69283.01504232908,93.33965572484885,0.05032955252881316,468.5,0.06850004988529808,1.319440795443653,0.0,462.38944444444445,1,10
799,79.0,0.04869855427548348,0.09739710855096696,69370.67151320753,-0.006674082313681869,1.9455436867313456,69370.67151320753,87.65647087845718,0.04837985456889477,474.5,0.06532303256522257,1.3413751914624787,0.0,462.38944444444445,1,10
800,80.0,0.03410481550454319,0.06820963100908638,69431.96807749367,0.002224694104560623,1.9005263189512858,69431.96807749367,61.296564286138164,0.032778430508963105,480.5,0.041982048459985655,1.2309712818822645,0.0,462.38944444444445,1,10
801,81.0,0.031075270536001145,0.06215054107200229,69488.140513725,0.0033370411568409346,1.784285660637035,69488.140513725,56.172436231325264,0.030974946395665687,486.5,0.03622563311679844,1.1657383022564687,0.0,462.38944444444445,1,10
802,82.0,0.031737843713040295,0.06347568742608059,69545.22175386646,-0.002224694104560623,1.82182652115622,69545.22175386646,57.08124014145869,0.031002706994757802,492.5,0.03606588209484741,1.1363683815743546,0.0,462.38944444444445,1,10
803,83.0,0.030441917205186932,0.060883834410373865,69599.56570990686,0.016816143497757848,1.795558034807806,69599.56570990686,54.34395604040765,0.02986190428925943,498.49611111111113,0.03561375917433285,1.169892123885834,0.0,462.38944444444445,1,10
804,0.0,1.5969344909205179,3.1938689818410357,2867.0191135283285,-0.07341490545050056,1.1018390691590594,2867.0191135283285,2867.0191135283285,0.9221637204036187,0.5,1.972582271929653,1.235230551500332,0.7252502780867631,432.38944444444445,1,11
805,1.0,2.1120160685798024,4.224032137159605,6688.271225007832,0.014460511679644048,1.4352601000898861,6688.271225007832,3821.2521114795036,2.0036594690460108,6.5,9.993827871102033,4.73189007402877,0.3548387096774194,432.38944444444445,1,11
806,2.0,2.419778830523595,4.83955766104719,10670.338933075638,0.05670103092783505,0.8780405854445257,10670.338933075638,3982.067708067806,1.4979213898808268,12.49611111111111,8.83578887812841,3.651486146862649,0.8054123711340206,432.38944444444445,1,11
807,3.0,0.2990690615712637,0.5981381231425273,11604.541105211312,-0.047830923248053395,1.6113842568651513,11604.541105211312,934.2021721356741,0.25278481420821863,18.5,0.3250096463036607,1.086737774198739,0.027808676307007785,432.38944444444445,1,11
808,4.0,0.3777779520626365,0.755555904125273,12448.834119171439,0.024471635150166853,1.6805640807647741,12448.834119171439,844.2930139601267,0.3162484204166056,24.5,0.4003903092387923,1.059856211969741,0.06674082313681869,432.38944444444445,1,11
809,5.0,0.625473070889875,1.25094614177975,13932.200512935526,-0.025583982202447165,1.4384770486306933,13932.200512935526,1483.3663937640868,0.5143442580568164,30.5,0.7756066371709311,1.2400320225896497,0.3581757508342603,432.38944444444445,1,11
810,6.0,3.5031731041532854,7.006346208306571,20741.728208056003,0.09080459770114943,1.2455979244609012,20741.728208056003,6809.527695120478,4.154700894053401,36.5,17.41498719419985,4.971203727715602,0.7977011494252874,432.38944444444445,1,11
811,7.0,0.09079660766971379,0.18159321533942757,20879.638012678333,-0.1312997347480106,1.382594456313912,20879.638012678333,137.90980462232983,0.386650962950514,42.419444444444444,0.42244085199878323,4.652606114266679,0.022546419098143235,432.38944444444445,1,11
812,8.0,0.5134465183519149,1.0268930367038298,22057.488883230228,0.03337041156840934,1.813073225445978,22057.488883230228,1177.8508705518943,0.43197513971304186,48.5,0.4924735269406252,0.9591525296955761,0.21468298109010012,432.38944444444445,1,11
813,9.0,0.8146102718520325,1.629220543704065,23672.52232586202,0.04311377245508982,1.3001627799485431,23672.52232586202,1615.0334426317932,0.6189880709072014,54.5,0.9936275408546005,1.2197581778530349,0.4538922155688623,432.38944444444445,1,11
814,10.0,1.2929420176824666,2.5858840353649333,26257.398831134466,0.00904977375565611,1.162891032343519,26257.398831134466,2584.876505272445,0.7888153700470486,60.5,1.4400986310695445,1.113815323018776,0.6459276018099548,432.38944444444445,1,11
815,11.0,2.031017616525514,4.062035233051028,30110.612038727424,-0.027186761229314422,1.0292861512181681,30110.612038727424,3853.2132075929585,1.1927677074647458,66.5,6.093561586807861,3.000250483908746,0.6690307328605201,432.38944444444445,1,11
816,12.0,1.1036713966826395,2.207342793365279,32074.622095935738,0.6791131855309218,1.5378351243688595,32074.622095935738,1964.0100572083138,1.0213591461473088,72.5,4.2424137386995024,3.843910199585799,0.3290548424737456,432.38944444444445,1,11
817,13.0,2.1328905340980997,4.265781068196199,35704.40109005759,-0.027925531914893616,0.9331751630819173,35704.40109005759,3629.7789941218507,1.376436859194558,78.5,2.4554091135664047,1.1512119700060852,0.8470744680851063,432.38944444444445,1,11
818,14.0,0.5274484532495484,1.0548969064990967,36652.91923123725,0.0778642936596218,1.6641220492259496,36652.91923123725,948.5181411796584,0.5169407741554286,84.5,4.570790116544707,8.665851778282034,0.08008898776418243,432.38944444444445,1,11
819,15.0,1.1266009950617701,2.2532019901235403,38680.36092640147,-0.09788654060066741,1.4047253578302457,38680.36092640147,2027.4416951642197,0.9185310959092312,90.5,5.067655684732952,4.4981814386335595,0.45161290322580644,432.38944444444445,1,11
820,16.0,0.6502522053180574,1.3005044106361148,39849.29393953955,0.10122358175750834,1.518313628202699,39849.29393953955,1168.9330131380848,0.7155008937934592,96.5,4.652863209451548,7.155474708733507,0.2324805339265851,432.38944444444445,1,11
821,17.0,0.8038892402383381,1.6077784804766762,41298.038877890955,0.04449388209121246,1.7434398729404863,41298.038877890955,1448.744938351403,0.8090541851163537,102.5,4.175617996912032,5.194270289864857,0.30700778642936594,432.38944444444445,1,11
822,18.0,0.7064488191717126,1.4128976383434253,42532.34956695748,-0.7878440366972477,1.1878320592431248,42532.34956695748,1234.3106890665222,0.670340460809882,108.485,0.7372734802727017,1.043633254475717,0.4598623853211009,432.38944444444445,1,11
823,19.0,1.1038845892356701,2.2077691784713402,44744.83112944271,0.7419354838709677,1.1901189771344518,44744.83112944271,2212.4815624852345,0.8294609258216085,114.5,4.2885070792174815,3.8849234068815512,0.6195773081201335,432.38944444444445,1,11
824,20.0,0.283524036980342,0.567048073960684,45254.85734599841,0.08898776418242492,1.7910723460105826,45254.85734599841,510.02621655569965,0.3763420547312322,120.5,1.5000364216911455,5.290685183757981,0.012235817575083427,432.38944444444445,1,11
825,21.0,0.5408817471662635,1.081763494332527,46228.12587582545,0.09788654060066741,1.781911230378801,46228.12587582545,973.2685298270371,0.5257800133286437,126.5,3.297251965515553,6.096068101373736,0.07563959955506118,432.38944444444445,1,11
826,22.0,0.6274193012981352,1.2548386025962703,47356.45390662011,-0.02335928809788654,1.5455195443572691,47356.45390662011,1128.3280307946625,0.625629444080823,132.5,5.3926360490652065,8.594947649694236,0.09121245828698554,432.38944444444445,1,11
827,23.0,0.28506867713859174,0.5701373542771835,47868.814092141234,-0.9343715239154616,1.655503772361774,47868.814092141234,512.3601855211236,0.5558682860583705,138.5,3.758039963776218,13.182928413945573,0.012235817575083427,432.38944444444445,1,11
828,24.0,0.2933677581165271,0.5867355162330542,48395.97091360052,0.0055617352614015575,1.6154321622785024,48395.97091360052,527.1568214592844,0.26075505982449887,144.5,0.7151780770518855,2.437820984976179,0.03225806451612903,432.38944444444445,1,11
829,25.0,0.3874482556466302,0.7748965112932604,49093.53016386116,0.006674082313681869,1.5643499557303624,49093.53016386116,697.5592502606451,0.3821523392337517,150.5,1.8695356424448668,4.825252443903026,0.05672969966629588,432.38944444444445,1,11
830,26.0,0.8069670861418693,1.6139341722837386,50547.95441631907,0.0389321468298109,1.6133169580534048,50547.95441631907,1454.4242524579095,0.9208353362977945,156.5,4.2884731400715985,5.314309856892554,0.15016685205784205,432.38944444444445,1,11
831,27.0,0.8346607313050821,1.6693214626101642,52049.19084223653,-0.05561735261401557,1.6757090788246574,52049.19084223653,1501.2364259174574,0.9334804565679475,162.5,5.3213293361216145,6.375439908142249,0.13904338153503892,432.38944444444445,1,11
832,28.0,0.30560859609296054,0.6112171921859211,52597.1022801514,-0.010044642857142858,1.7404673647737277,52597.1022801514,547.9114379148668,0.2500475650738324,168.49833333333333,0.3397674044845027,1.111773061452603,0.03459821428571429,432.38944444444445,1,11
833,29.0,0.3670408316449924,0.7340816632899848,52619.613346785416,23.0,2.68424607153453,52619.613346785416,22.51106663401879,0.338975520978287,174.5,,,0.0,432.38944444444445,1,11
834,30.0,0.2994924061588187,0.5989848123176374,53156.21993723803,-0.005580357142857143,1.7813785085115088,53156.21993723803,536.6065904526113,0.24690231011533786,180.49833333333333,0.4629442094996017,1.5457627638615505,0.09933035714285714,432.38944444444445,1,11
835,31.0,1.378269601940536,2.756539203881072,53476.99654686169,49.0,2.2063793863254104,53476.99654686169,320.77660962365917,1.1848359909714805,186.5,,,0.0,432.38944444444445,1,11
836,32.0,1.070005796216138,2.140011592432276,55402.961656489846,-0.021134593993325918,1.249428649816086,55402.961656489846,1925.9651096281596,1.0837714174718474,192.5,6.950674129846781,6.4959219421300824,0.6229143492769744,432.38944444444445,1,11
837,33.0,0.73909751182248,1.47819502364496,56648.43389901023,-0.03345280764635603,1.5013380348374767,56648.43389901023,1245.4722425203872,0.7865417197872112,198.5,3.6436100608908375,4.929809670047946,0.2078853046594982,432.38944444444445,1,11
838,34.0,0.5175661532109411,1.0351323064218823,57578.95344535298,-0.01668520578420467,1.433080639963476,57578.95344535298,930.5195463427444,0.5670608603696523,204.5,3.992262481673055,7.7135308344747076,0.14015572858731926,432.38944444444445,1,11
839,35.0,0.39042143222364684,0.7808428644472937,58281.78368029824,-0.002224694104560623,1.8091418578960976,58281.78368029824,702.8302349452642,0.5079077093941656,210.5,5.002336641236371,12.812658907441486,0.012235817575083427,432.38944444444445,1,11
840,36.0,0.30481429052358516,0.6096285810471703,58829.78987294347,0.04560622914349277,2.0560816789544143,58829.78987294347,548.0061926452254,0.3273012702920475,216.5,2.4308350930923273,7.974806853434715,0.01668520578420467,432.38944444444445,1,11
841,37.0,0.5413822101873368,1.0827644203746736,59802.842158360036,-0.04338153503893215,1.5988629161224963,59802.842158360036,973.0522854165683,0.572264054277157,222.5,3.916177765183708,7.233665405866544,0.11123470522803114,432.38944444444445,1,11
842,38.0,0.5569713600517749,1.1139427201035499,60804.63824029804,0.024471635150166853,1.7164738082520963,60804.63824029804,1001.7960819380023,0.6133236724601336,228.5,3.044967629630513,5.467009343797244,0.09899888765294772,432.38944444444445,1,11
843,39.0,0.5495272154466466,1.0990544308932932,61792.59955445239,0.0033370411568409346,1.6404276993064126,61792.59955445239,987.9613141543523,0.5978299707285194,234.5,3.454436745458865,6.286197750280951,0.16796440489432704,432.38944444444445,1,11
844,40.0,0.5779128156684492,1.1558256313368984,62831.81770576512,0.0389321468298109,1.7507745078686978,62831.81770576512,1039.2181513127289,0.6172455402038652,240.5,4.4259306894771795,7.658474720547386,0.06562847608453838,432.38944444444445,1,11
845,41.0,0.8037006277732957,1.6074012555465913,64277.23631085147,-0.05339265850945495,1.754124741941122,64277.23631085147,1445.41860508635,0.7806887662481542,246.5,3.5746812621502673,4.447777118271205,0.1946607341490545,432.38944444444445,1,11
846,42.0,0.3142487832835327,0.6284975665670653,64842.380453077785,0.008898776418242492,1.7056430624127485,64842.380453077785,565.144142226316,0.3220872802637106,252.5,1.8324893471773964,5.831333149583026,0.03670745272525028,432.38944444444445,1,11
847,43.0,0.5393109554354034,1.0786219108708068,65811.73717736299,-0.014460511679644048,1.3989916834841094,65811.73717736299,969.3567242852005,0.41360007909488117,258.5,0.8546868374083314,1.5847755896564621,0.339265850945495,432.38944444444445,1,11
848,44.0,0.4558169929058009,0.9116339858116018,66628.38907683636,-0.0011173184357541898,1.7661338766519927,66628.38907683636,816.6518994733779,0.41038657139732515,264.4977777777778,1.6768777845326408,3.678839996382461,0.0670391061452514,432.38944444444445,1,11
849,45.0,3.4274019240235667,6.854803848047133,71225.77709875432,-0.007739938080495356,1.6993399493680894,71225.77709875432,4597.3880219179555,3.609184941827567,270.5,9.68156920797992,2.8247545582907096,0.42569659442724456,432.38944444444445,1,11
850,46.0,0.5135124094380287,1.0270248188760573,72149.35166772899,0.011123470522803115,1.9118038225511576,72149.35166772899,923.5745689746691,0.6324468576539787,276.5,5.400601545195724,10.51698351575567,0.15239154616240266,432.38944444444445,1,11
851,47.0,0.5788068500953075,1.157613700190615,73190.28686194649,0.03114571746384872,1.794046985263875,73190.28686194649,1040.935194217498,0.8027569437784533,282.5,8.206553140664408,14.17839671267384,0.04449388209121246,432.38944444444445,1,11
852,48.0,0.29244078464835405,0.5848815692967081,73717.21938880975,-0.012235817575083427,1.4701197913731887,73717.21938880975,526.9325268632674,0.28299631055738483,288.5,1.5834247671917212,5.4145141523119396,0.026696329254727477,432.38944444444445,1,11
853,49.0,0.6308572711247231,1.2617145422494462,74853.37878512597,0.01668520578420467,1.3540802478108118,74853.37878512597,1136.1593963162159,0.5098982667713468,294.5,0.874891745337489,1.3868299302910299,0.3804226918798665,432.38944444444445,1,11
854,50.0,0.6710955590676895,1.342191118135379,76059.81542626917,-0.025583982202447165,2.0887464292045355,76059.81542626917,1206.4366411431984,0.7688962926494395,300.5,5.303875711250231,7.9033092077357345,0.2424916573971079,432.38944444444445,1,11
855,51.0,0.433680073091293,0.867360146182586,76840.41235257642,-0.02224694104560623,1.6446545573212863,76840.41235257642,780.5969263072475,0.5454894223506301,306.5,5.414954019417114,12.486056785637059,0.02224694104560623,432.38944444444445,1,11
856,52.0,0.3667913740204563,0.7335827480409126,77499.82753112854,-0.0055617352614015575,1.8470924318716235,77499.82753112854,659.4151785521244,0.3743282392133722,312.5,2.308939029314567,6.294965456809775,0.06229143492769744,432.38944444444445,1,11
857,53.0,0.17601249420463064,0.3520249884092613,77816.40725039723,0.024471635150166853,1.7090669432767829,77816.40725039723,316.57971926868777,0.1870046615438994,318.5,0.9796830765683691,5.565985988638953,0.011123470522803115,432.38944444444445,1,11
858,54.0,0.3358489822924604,0.6716979645849208,78420.60940485969,-0.021134593993325918,1.8947912109082679,78420.60940485969,604.2021544624586,0.33091370439058365,324.5,1.9752329865333382,5.881313002798642,0.05339265850945495,432.38944444444445,1,11
859,55.0,0.21314313355022185,0.4262862671004437,78803.82250984103,-0.002224694104560623,1.9319278854835358,78803.82250984103,383.213104981347,0.2910998699749234,330.5,2.8061965066261925,13.165784230928473,0.011123470522803115,432.38944444444445,1,11
860,56.0,0.20583248110352956,0.4116649622070591,79173.98003118011,0.004449388209121246,1.704283194755264,79173.98003118011,370.1575213390752,0.23507912059383124,336.5,1.3395851956853406,6.508133160050461,0.011123470522803115,432.38944444444445,1,11
861,57.0,0.12492473022619906,0.24984946045239811,79398.80315685792,-0.0033370411568409346,2.1160039357747213,79398.80315685792,224.823125677809,0.14375942773898054,342.5,0.9254626548982602,7.408162124685328,0.011123470522803115,432.38944444444445,1,11
862,58.0,0.12579735494807265,0.2515947098961453,79624.98680105455,-0.0011123470522803114,2.0015285917072836,79624.98680105455,226.18364419662976,0.13257001661122927,348.5,0.624911482576228,4.967604309599216,0.011123470522803115,432.38944444444445,1,11
863,59.0,0.07728282708571296,0.15456565417142593,79763.93491238783,0.0033370411568409346,1.778097292625141,79763.93491238783,138.94811133328767,0.08927098531222946,354.5,0.5238575329483398,6.778446812864895,0.012235817575083427,432.38944444444445,1,11
864,60.0,0.126078466763154,0.252156933526308,79990.63935211157,0.004449388209121246,1.7275065137870698,79990.63935211157,226.70443972373323,0.14419390851580494,360.5,0.964174414362115,7.647415447820877,0.011123470522803115,432.38944444444445,1,11
865,61.0,0.19415289915586081,0.38830579831172163,80339.71221787993,-0.010011123470522803,1.6239078766830408,80339.71221787993,349.07286576836486,0.2135772299594073,366.5,1.2320226309471458,6.345630872903477,0.011123470522803115,432.38944444444445,1,11
866,62.0,0.12454543136595196,0.24909086273190392,80563.99100117327,0.002224694104560623,2.2910828993537824,80563.99100117327,224.27878329333907,0.1425870309984592,372.5,0.7865629229368367,6.315469899700119,0.011123470522803115,432.38944444444445,1,11
867,63.0,0.6008632415934091,1.2017264831868182,81644.36657883177,0.008898776418242492,1.9340323974265303,81644.36657883177,1080.3755776585022,0.6457151573522575,378.5,2.7284889760795807,4.540948400910651,0.13459399332591768,432.38944444444445,1,11
868,64.0,0.18499564472566699,0.36999128945133397,81977.0677642808,-0.0011123470522803114,1.9451642665958662,81977.0677642808,332.7011854490265,0.17605027268561535,384.5,1.1853150151270404,6.40725902971804,0.011123470522803115,432.38944444444445,1,11
869,65.0,0.15308349515360245,0.3061669903072049,82252.42335352188,-0.00778642936596218,2.1696615638075616,82252.42335352188,275.35558924108045,0.15655484643638876,390.5,0.6097907163867504,3.983386424348964,0.013348164627363738,432.38944444444445,1,11
870,66.0,0.2515430259194405,0.503086051838881,82704.87057992264,0.024471635150166853,1.5069514474058288,82704.87057992264,452.4472264007636,0.18293508360106076,396.5,0.37309858432962617,1.4832396285521159,0.017797552836484983,432.38944444444445,1,11
871,67.0,0.11006713463923772,0.22013426927847543,82902.7722540578,-0.012235817575083427,2.091572872472498,82902.7722540578,197.90167413515155,0.09604346223361464,402.5,0.17664948025079516,1.6049248563596348,0.0011123470522803114,432.38944444444445,1,11
872,68.0,0.13229726268140304,0.2645945253628061,83140.63719577479,0.002224694104560623,2.0228136924702724,83140.63719577479,237.8649417169945,0.12044168370670301,408.5,0.14134376552112973,1.0683801210725907,0.0,432.38944444444445,1,11
873,69.0,0.14628019218096003,0.29256038436192006,83403.67325396942,-0.017797552836484983,1.9367966916877302,83403.67325396942,263.03605819462973,0.12022097358942149,414.5,0.17145043021682224,1.1720686694526943,0.0,432.38944444444445,1,11
874,70.0,0.18265422183333063,0.36530844366666126,83732.24557323911,-0.0011123470522803114,2.0271329224268624,83732.24557323911,328.5723192696896,0.21173572285253858,420.5,1.481301631264803,8.109868013981465,0.010011123470522803,432.38944444444445,1,11
875,71.0,0.5131947401783343,1.0263894803566687,84654.88005898455,0.002224694104560623,1.7666566872982086,84654.88005898455,922.6344857454387,0.5395429125345453,426.5,2.572157513258422,5.012049640969822,0.07341490545050056,432.38944444444445,1,11
876,72.0,0.05176161685202036,0.10352323370404072,84748.00739215985,0.0,1.7282744604076319,84748.00739215985,93.12733317530365,0.04996798955564447,432.5,0.06617813058292374,1.2785174538136683,0.0,432.38944444444445,1,11
877,73.0,0.057807348483581565,0.11561469696716313,84852.03261941322,0.004449388209121246,1.9957209278835466,84852.03261941322,104.02522725336894,0.052922916386715806,438.5,0.06978956850949514,1.20727849209892,0.0,432.38944444444445,1,11
878,74.0,0.05885812235495553,0.11771624470991106,84957.86012016104,-0.006674082313681869,1.934999781435783,84957.86012016104,105.82750074782234,0.05497692806432757,444.5,0.08489441350646064,1.4423568083685734,0.0,432.38944444444445,1,11
879,75.0,0.053490524902928535,0.10698104980585707,85054.05721768242,0.0011123470522803114,1.9402681372230748,85054.05721768242,96.19709752137715,0.047311603205349106,450.5,0.06013883885251951,1.12428956271519,0.0,432.38944444444445,1,11
880,76.0,0.05194981255397367,0.10389962510794734,85147.507156411,-0.0011123470522803114,1.9076752832382895,85147.507156411,93.44993872857594,0.047006892125605604,456.5,0.05301401027261355,1.0204851118092915,0.0,432.38944444444445,1,11
881,77.0,0.054653925910751806,0.10930785182150361,85245.92558560312,0.004449388209121246,1.8829738621095018,85245.92558560312,98.4184291921265,0.049545351691307596,462.5,0.05823305439739516,1.0654871251607425,0.0,432.38944444444445,1,11
882,78.0,0.05293744651079559,0.10587489302159118,85341.14034784907,-0.002224694104560623,2.008455489123882,85341.14034784907,95.21476224594517,0.049398982024695046,468.5,0.06595165552210236,1.2458412686878042,0.0,432.38944444444445,1,11
883,79.0,0.05109678965574762,0.10219357931149524,85433.02728487478,0.002224694104560623,1.8354751567889362,85433.02728487478,91.88693702571618,0.04911854362122445,474.5,0.06649282076873149,1.3013111237850938,0.0,432.38944444444445,1,11
884,80.0,0.0522348248058981,0.1044696496117962,85527.07108683648,0.0,1.8405179345839247,85527.07108683648,94.0438019616995,0.04717614819933785,480.5,0.0607817737757016,1.1636254931755494,0.0,432.38944444444445,1,11
885,81.0,0.055114742600234544,0.11022948520046909,85626.3618763207,0.00778642936596218,1.8976967008464956,85626.3618763207,99.29078948422102,0.05007188418375427,486.5,0.06166002245241979,1.1187573332177259,0.0,432.38944444444445,1,11
886,82.0,0.050499390574420655,0.10099878114884131,85717.07907171217,-0.006674082313681869,1.8362357359151635,85717.07907171217,90.7171953914658,0.0460153256782038,492.5,0.057245843328678415,1.1335947360456866,0.0,432.38944444444445,1,11
887,83.0,0.04690272455557614,0.09380544911115228,85800.95325725472,0.03139013452914798,1.9081525956915897,85800.95325725472,83.87418554254691,0.04415337932890095,498.49611111111113,0.056141298156533015,1.1969730690167022,0.0,432.38944444444445,1,11
888,0.0,1.1122801655245798,2.2245603310491595,1997.5029696776683,0.012235817575083427,1.4471148486335526,1997.5029696776683,1997.5029696776683,0.6992312421007518,0.5,1.3823110960976315,1.242772404779598,0.47163515016685204,396.3338888888889,1,12
889,1.0,0.7648576699178975,1.529715339835795,3481.8170502807207,-0.008898776418242492,1.4059127691069873,3481.8170502807207,1484.3140806030524,0.5482937876309477,6.5,1.6758670293318076,2.19108351167048,0.23136818687430477,396.3338888888889,1,12
890,2.0,1.1361275410708027,2.2722550821416054,5653.500676119804,-0.030033370411568408,1.4138836973004352,5653.500676119804,2171.683625839083,0.808056447372139,12.5,2.089264639980915,1.838934947401925,0.39377085650723026,396.3338888888889,1,12
891,3.0,0.4283589128357618,0.8567178256715235,6535.587823500549,0.008898776418242492,1.372535043823593,6535.587823500549,882.0871473807456,0.35592606984714215,18.5,0.41138757616046906,0.9603805683347606,0.05228031145717464,396.3338888888889,1,12
892,4.0,1.9783670705246175,3.956734141049235,10335.389064763418,0.042269187986651836,1.0004258063196534,10335.389064763418,3799.8012412628686,1.5022561773790326,24.5,9.183066976592883,4.641740713040551,0.660734149054505,396.3338888888889,1,12
893,5.0,0.2341785120996758,0.4683570241993516,10848.34657380826,-0.05116796440489433,1.6789286799727516,10848.34657380826,512.9575090448416,0.19152749110300016,30.5,0.2605380819816935,1.1125618642191986,0.011123470522803115,396.3338888888889,1,12
894,6.0,1.0666844734840122,2.1333689469680244,12850.777897229736,0.12791991101223582,1.199059270117741,12850.777897229736,2002.431323421477,0.7556358048448971,36.5,1.5875790652872732,1.4883305276788286,0.492769744160178,396.3338888888889,1,12
895,7.0,0.3836584118162611,0.7673168236325222,13647.23907215331,-0.10344827586206896,1.3828151126489392,13647.23907215331,796.4611749235737,0.31872263043158483,42.5,0.40319039949372515,1.0509098382204067,0.048943270300333706,396.3338888888889,1,12
896,8.0,0.5758921996105921,1.1517843992211843,14766.039885864175,-0.011123470522803115,1.4263786027808307,14766.039885864175,1118.8008137108645,0.45516506423357833,48.5,0.7040988614711,1.2226226747769788,0.1668520578420467,396.3338888888889,1,12
897,9.0,0.5192814435777953,1.0385628871555905,15769.567808564621,-0.0033370411568409346,1.3768911204745087,15769.567808564621,1003.5279227004467,0.4507506577600774,54.5,0.6660242947611117,1.2825882823238848,0.13904338153503892,396.3338888888889,1,12
898,10.0,0.8213859932187598,1.6427719864375196,17355.79658741401,0.0055617352614015575,1.300415108866881,17355.79658741401,1586.2287788493886,0.57125759574152,60.5,1.1746085145787837,1.4300323164458322,0.25361512791991103,396.3338888888889,1,12
899,11.0,0.48232758439753265,0.9646551687950653,18464.62710062417,0.020022246941045607,1.466505536776119,18464.62710062417,1108.8305132101596,0.4322475122106529,66.5,2.6457298271833816,5.485338000081664,0.067853170189099,396.3338888888889,1,12
900,12.0,0.8148624134594177,1.6297248269188354,19931.094015917482,0.5317018909899889,1.3763132473468456,19931.094015917482,1466.466915293313,0.7155761524017138,72.5,3.5414744957391435,4.346101178853206,0.3081201334816463,396.3338888888889,1,12
901,13.0,0.4739139040406227,0.9478278080812454,20783.05479081403,0.07230255839822025,1.3682077235877048,20783.05479081403,851.9607748965464,0.50178022938239,78.5,0.7486821727855248,1.5797852023378274,0.06674082313681869,396.3338888888889,1,12
902,14.0,0.9617278792634282,1.9234557585268564,22512.47289394482,-0.2525027808676307,1.3598909237970402,22512.47289394482,1729.4181031307926,0.7477240427855801,84.5,2.066777087525709,2.1490248250977397,0.3882091212458287,396.3338888888889,1,12
903,15.0,0.6789037962644463,1.3578075925288926,23738.223585018215,0.2163677130044843,1.4332757002108236,23738.223585018215,1225.7506910733937,0.6148505240768558,90.5,4.461481561363101,6.571596131751879,0.21748878923766815,396.3338888888889,1,12
904,16.0,1.3288457170855992,2.6576914341711984,26127.200781265376,0.25583982202447164,1.2334014746037876,26127.200781265376,2388.9771962471605,1.1600714592596668,96.5,4.145408370917594,3.1195558051759615,0.578420467185762,396.3338888888889,1,12
905,17.0,0.4374427557702698,0.8748855115405396,26914.75213377178,-0.21913236929922136,1.5707426471286168,26914.75213377178,787.5513525064052,0.5068755329702244,102.5,1.5911106463412965,3.6373002532402072,0.1067853170189099,396.3338888888889,1,12
906,18.0,0.6120802628802948,1.2241605257605896,28015.08180844615,0.028921023359288096,1.3266209136785934,28015.08180844615,1100.329674674369,0.5763291405476528,108.5,3.600819139156105,5.88291986774996,0.15127919911012236,396.3338888888889,1,12
907,19.0,0.4215391920714463,0.8430783841428926,28771.46983066258,0.030033370411568408,1.6118274015373761,28771.46983066258,756.3880222164298,0.490397628504617,114.5,2.0321756095412327,4.820846193577182,0.06117908787541713,396.3338888888889,1,12
908,20.0,0.5972929895279223,1.1945859790558446,29845.221557884597,0.17908787541713014,1.6290618865420852,29845.221557884597,1073.7517272220175,0.5792713045162097,120.5,2.0169853709566605,3.3768776903790703,0.06340378197997776,396.3338888888889,1,12
909,21.0,0.4995193635303833,0.9990387270607666,30745.09635511999,-0.18020022246941045,1.4929691277523467,30745.09635511999,899.8747972353922,0.4548205212882846,126.5,3.237241689699679,6.4807131135423415,0.12347052280311457,396.3338888888889,1,12
910,22.0,0.39257419461412346,0.7851483892282469,31451.278785284787,0.04449388209121246,1.8399525750462602,31451.278785284787,706.1824301647976,0.44786562104675004,132.5,0.8840292717391905,2.2518782025602513,0.06674082313681869,396.3338888888889,1,12
911,23.0,0.6627007474038715,1.325401494807743,32643.863266650664,-0.6585094549499444,1.385032260012631,32643.863266650664,1192.5844813658769,0.6711859937441741,138.5,2.9832805408641363,4.501700884677028,0.19688542825361513,396.3338888888889,1,12
912,24.0,0.813993858144645,1.62798771628929,34108.60591791544,-0.08453837597330367,1.4953240591332677,34108.60591791544,1464.7426512647762,0.885624097982026,144.5,5.550909578290351,6.819350690117819,0.16017797552836485,396.3338888888889,1,12
913,25.0,1.2276493356932139,2.4552986713864278,36316.077925118734,-0.002224694104560623,1.4865640940660327,36316.077925118734,2207.472007203294,1.4919192048584216,150.5,5.465610321199902,4.452094064885107,0.3403781979977753,396.3338888888889,1,12
914,26.0,0.8214839579143902,1.6429679158287804,37793.17817333662,0.010011123470522803,1.6272576551727889,37793.17817333662,1477.1002482178883,0.6228251706559964,156.5,2.8711817264861623,3.495116001748361,0.11123470522803114,396.3338888888889,1,12
915,27.0,1.3790698986148782,2.7581397972297563,40867.450040591044,0.0,1.5229053648153354,40867.450040591044,3074.2718672544215,1.5500908088912464,162.5,6.996585830462041,5.0734091415448415,0.32254047322540474,396.3338888888889,1,12
916,28.0,0.8495270073492142,1.6990540146984283,42394.98341746005,0.013348164627363738,1.729675971245919,42394.98341746005,1527.5333768690034,0.8167984092601088,168.5,2.820104705598554,3.3196174826720917,0.3114571746384872,396.3338888888889,1,12
917,29.0,0.5100741267746527,1.0201482535493054,43313.94577535818,-0.0011123470522803114,1.5940744219395675,43313.94577535818,918.9623578981336,0.5018743435853122,174.5,1.727508703770329,3.386779711203683,0.12458286985539488,396.3338888888889,1,12
918,30.0,0.4633371597113065,0.926674319422613,44147.000878620456,-0.028921023359288096,1.6437045645704846,44147.000878620456,833.0551032622752,0.4762065353902968,180.5,2.091766721024934,4.514567150902078,0.06117908787541713,396.3338888888889,1,12
919,31.0,0.47476819096529776,0.9495363819305955,45000.79435919955,0.030033370411568408,1.6089493582694825,45000.79435919955,853.7934805790937,0.43349962229235184,186.5,1.1444142565927116,2.4104695267513407,0.07675194660734148,396.3338888888889,1,12
920,32.0,0.7240299378157715,1.448059875631543,46303.577570547866,-0.004449388209121246,1.5620490550615722,46303.577570547866,1302.7832113483164,0.731541055314971,192.5,3.8637454729276657,5.336444352817343,0.23581757508342602,396.3338888888889,1,12
921,33.0,0.6677736302956586,1.3355472605913172,47504.21684313987,-0.011123470522803115,1.6603728590958637,47504.21684313987,1200.6392725920014,0.760497228422869,198.5,5.947850377899476,8.906986002526109,0.10233592880978866,396.3338888888889,1,12
922,34.0,0.5075270430882289,1.0150540861764579,48417.47777245729,-0.004449388209121246,1.7964478166088462,48417.47777245729,913.2609293174246,0.5175476081083262,204.5,2.8077668581465853,5.532250736949362,0.04560622914349277,396.3338888888889,1,12
923,35.0,0.45814375143484093,0.9162875028696819,49241.61967741651,-0.008898776418242492,1.766148488643134,49241.61967741651,824.141904959215,0.5082450345632749,210.5,3.5395979135543247,7.725954795779291,0.04449388209121246,396.3338888888889,1,12
924,36.0,0.32608651375547315,0.6521730275109463,49828.098340293865,0.05005561735261402,1.6559310618585334,49828.098340293865,586.4786628773581,0.3506736475337521,216.5,2.473247882214245,7.584637137336174,0.011123470522803115,396.3338888888889,1,12
925,37.0,0.6645765574328241,1.3291531148656481,51025.55517404924,-0.054505005561735265,1.286233110242125,51025.55517404924,1197.456833755372,0.6524332802138394,222.5,3.5979599517631082,5.41391343333201,0.18242491657397109,396.3338888888889,1,12
926,38.0,0.44995668651048765,0.8999133730209753,51834.51395432675,0.010011123470522803,1.596501337405254,51834.51395432675,808.9587802775131,0.40635724149012126,228.5,1.683673972852684,3.741857879499343,0.04449388209121246,396.3338888888889,1,12
927,39.0,0.3486158810709581,0.6972317621419162,52461.018935809196,0.010011123470522803,1.8099178936579154,52461.018935809196,626.5049814824451,0.30142654601839014,234.5,0.7519969623713497,2.1570932456123146,0.047830923248053395,396.3338888888889,1,12
928,40.0,0.4604346887649943,0.9208693775299887,53289.04192751591,0.06896551724137931,1.8320041529195188,53289.04192751591,828.0229917067118,0.39358517353836425,240.5,1.3115900834946466,2.84859094133996,0.13236929922135707,396.3338888888889,1,12
929,41.0,0.5291345913299627,1.0582691826599253,54242.96945257641,-0.05784204671857619,1.773087974143339,54242.96945257641,953.927525060506,0.4907441880348273,246.5,1.9280217671803634,3.6437265655498785,0.12569521690767518,396.3338888888889,1,12
930,42.0,0.42159624278652513,0.8431924855730503,55000.90515633128,0.028921023359288096,1.7157599575966767,55000.90515633128,757.9357037548689,0.3769301326156942,252.5,1.088859597888136,2.5827070722721763,0.08008898776418243,396.3338888888889,1,12
931,43.0,0.7959457386101351,1.5918914772202701,56432.44924665789,-0.02224694104560623,1.5603904084111015,56432.44924665789,1431.5440903266062,0.789592368605526,258.5,3.089724588816526,3.8818281686032305,0.1468298109010011,396.3338888888889,1,12
932,44.0,0.28048943495027034,0.5609788699005407,56937.436523736265,0.002224694104560623,1.804570829749564,56937.436523736265,504.9872770783768,0.35768765702083277,264.5,3.102945235342127,11.062610026264508,0.011123470522803115,396.3338888888889,1,12
933,45.0,0.2337010240988036,0.4674020481976072,57358.5175979077,-0.0033370411568409346,1.9339630244473824,57358.5175979077,421.08107417143765,0.2576008357807419,270.5,1.8323097447009267,7.840401007084448,0.011123470522803115,396.3338888888889,1,12
934,46.0,0.6046648751254763,1.2093297502509526,58445.57486559181,-0.03670745272525028,1.8870000475063897,58445.57486559181,1087.0572676841039,0.6227322999196503,276.5,2.8628803902163766,4.734656349308019,0.10456062291434928,396.3338888888889,1,12
935,47.0,0.17619022807800566,0.3523804561560113,58762.54043125445,0.013348164627363738,1.7829951520834777,58762.54043125445,316.9655656626419,0.1771842484081156,282.5,0.9667207593116929,5.486801225342028,0.012235817575083427,396.3338888888889,1,12
936,48.0,0.22448841411302917,0.44897682822605833,59166.451553633706,0.010011123470522803,1.9079575187101818,59166.451553633706,403.911122379257,0.23350519380073978,288.5,1.4895996166225287,6.635530045094088,0.011123470522803115,396.3338888888889,1,12
937,49.0,0.17231795529879723,0.34463591059759446,59476.423871479274,-0.004449388209121246,1.9812671165257798,59476.423871479274,309.9723178455679,0.20501107971319674,294.5,1.5595198960777712,9.050246060392155,0.011123470522803115,396.3338888888889,1,12
938,50.0,0.14466351035826505,0.2893270207165301,59735.22628925932,0.007829977628635347,2.0131551488061956,59735.22628925932,258.8024177800471,0.11816384126328372,300.4972222222222,0.1429293006120586,0.988012113476912,0.0022371364653243847,396.3338888888889,1,12
939,51.0,0.19263303201084314,0.3852660640216863,59941.6630458572,-0.041237113402061855,1.6319882369252514,59941.6630458572,206.43675659788278,0.28486356732844864,306.5,2.302923482252411,11.954977078504282,0.016494845360824743,396.3338888888889,1,12
940,52.0,0.24613952933477803,0.49227905866955607,60381.838829624925,0.012304250559284116,1.8837820808409351,60381.838829624925,440.17578376772144,0.22421386556420023,312.4972222222222,1.5614613805502058,6.343805827411163,0.012304250559284116,396.3338888888889,1,12
941,53.0,0.05333467226981305,0.1066693445396261,60539.09689956332,-0.14634146341463414,1.2636747203969543,60539.09689956332,157.25806993839797,0.6948161910047598,318.5,0.08111172617949805,1.5208066859240188,0.12195121951219512,396.3338888888889,1,12
942,54.0,4.317686643410713,8.635373286821427,68302.29748441586,-0.008898776418242492,1.8998278177454775,68302.29748441586,7763.200584852537,4.407321949648805,324.5,17.982746136759612,4.16490301912098,0.15795328142380421,396.3338888888889,1,12
943,55.0,0.21459072685009922,0.42918145370019845,68688.17542935758,-0.004449388209121246,1.9397621086730645,68688.17542935758,385.87794494171976,0.26137204213339293,330.5,1.0192092499616712,4.74954936274405,0.041156840934371525,396.3338888888889,1,12
944,56.0,15.55304800335875,31.1060960067175,96652.5557393967,0.0011123470522803114,2.017379654917339,96652.5557393967,27964.380310039123,17.502557767383514,336.5,23.132813336139595,1.4873491891199693,0.7942157953281423,396.3338888888889,1,12
945,57.0,0.08874378950571005,0.1774875790114201,96812.12611664213,0.013348164627363738,1.4592535986043516,96812.12611664213,159.57037724542897,0.120547457496237,342.5,0.788467800289125,8.884765961435448,0.011123470522803115,396.3338888888889,1,12
946,58.0,0.40355764190938764,0.8071152838187753,97537.82599423912,-0.014460511679644048,1.8608533973456227,97537.82599423912,725.6998775969842,0.4802022663749223,348.5,2.358013835151927,5.843065748910736,0.08565072302558398,396.3338888888889,1,12
947,59.0,0.050563249361841874,0.10112649872368375,97628.79994947206,0.0011123470522803114,1.2904515108501036,97628.79994947206,90.97395523294108,0.08261247903333524,354.5,0.8406272245369866,16.625261136231,0.012235817575083427,396.3338888888889,1,12
948,60.0,0.9046772427448867,1.8093544854897734,99255.47096811817,0.00778642936596218,1.9616094764268552,99255.47096811817,1626.6710186461132,1.0035859750722607,360.5,3.1176592685268214,3.4461563983498826,0.203559510567297,396.3338888888889,1,12
949,61.0,0.15234571981706774,0.3046914396341355,99529.62778217044,-0.0033370411568409346,1.8649721338540481,99529.62778217044,274.15681405227224,0.13435688925668784,366.5,0.40477701808810435,2.6569635075678444,0.011123470522803115,396.3338888888889,1,12
950,62.0,0.1216398345331052,0.2432796690662104,99651.77249668167,-0.0125,1.571334852266222,99651.77249668167,122.14471451123245,0.08889086665715627,372.5,0.11754849453233836,0.9663651301691524,0.003125,396.3338888888889,1,12
951,63.0,0.10689389736461052,0.21378779472922105,99843.91946328561,0.0,1.8491789832160728,99843.91946328561,192.14696660393383,0.09651343196147635,378.5,0.10918240026535261,1.0214091071348639,0.0,396.3338888888889,1,12
952,64.0,0.11975511553408212,0.23951023106816424,100059.22498876162,0.013348164627363738,1.9900548474650785,100059.22498876162,215.3055254760111,0.1379988945538604,384.5,0.9781220020624612,8.167684509344316,0.010011123470522803,396.3338888888889,1,12
953,65.0,0.24562943210285218,0.49125886420570436,100500.92456432695,-0.010011123470522803,1.8589018877566335,100500.92456432695,441.69957556533336,0.23742998755973863,390.5,0.9756093271046864,3.9718747006513877,0.025583982202447165,396.3338888888889,1,12
954,66.0,0.04316423452354857,0.08632846904709714,100578.53385800016,-0.0055617352614015575,1.8545289889240824,100578.53385800016,77.60929367320205,0.04507674826615895,396.5,0.05796790369777897,1.3429614665390197,0.0011123470522803114,396.3338888888889,1,12
955,67.0,0.04404104817701442,0.08808209635402885,100657.7196626224,0.0,1.8238186558687155,100657.7196626224,79.18580462224782,0.043881582833586216,402.5,0.05685231369359301,1.2908937467856396,0.0,396.3338888888889,1,12
956,68.0,0.04362078034364016,0.08724156068728033,100736.14982568036,0.006674082313681869,1.8084379302501081,100736.14982568036,78.43016305795754,0.04675254348973838,408.5,0.06137627941910686,1.407042215558517,0.0,396.3338888888889,1,12
957,69.0,0.04286392302106888,0.08572784604213776,100813.19373010441,-0.0055617352614015575,1.807514890264172,100813.19373010441,77.04390442404838,0.04396475760815165,414.5,0.057775130090785186,1.347873130100271,0.0,396.3338888888889,1,12
958,70.0,0.04250799242499761,0.08501598484999522,100889.6929929741,0.0033370411568409346,1.8281187492977236,100889.6929929741,76.49926286969276,0.04317949554214874,420.5,0.06278007569752145,1.4769005101403583,0.0,396.3338888888889,1,12
959,71.0,0.0425507954939127,0.0851015909878254,100966.26812669759,-0.004449388209121246,1.8315782310541413,100966.26812669759,76.5751337234833,0.042008881739994966,426.5,0.062462685930358496,1.4679557739242357,0.0,396.3338888888889,1,12
960,72.0,0.054471697007613805,0.10894339401522761,101064.20823791731,0.0033370411568409346,1.6195493507442222,101064.20823791731,97.9401112197229,0.05510528174187809,432.5,0.08674469019136787,1.5924726960359448,0.0,396.3338888888889,1,12
961,73.0,0.05138016942105366,0.10276033884210732,101156.58978253634,0.002224694104560623,1.9248509835986591,101156.58978253634,92.38154461902741,0.05162189674689021,438.5,0.07497105260406058,1.4591437406459828,0.0,396.3338888888889,1,12
962,74.0,0.05963456954240369,0.11926913908480738,101263.85818118141,-0.0055617352614015575,1.8714170273809034,101263.85818118141,107.26839864507201,0.060960056915703144,444.5,0.09092519510199763,1.5247061528187014,0.0,396.3338888888889,1,12
963,75.0,0.05602675576868643,0.11205351153737286,101364.59428805347,0.0,1.7379183233668525,101364.59428805347,100.73610687206383,0.05691116163508924,450.5,0.08209498979477078,1.4652818759256803,0.0,396.3338888888889,1,12
964,76.0,0.053573420223394924,0.10714684044678985,101460.9682634354,0.002224694104560623,1.7864875039004957,101460.9682634354,96.37397538192454,0.055213301653665385,456.5,0.0786543729251245,1.46816037873156,0.0,396.3338888888889,1,12
965,77.0,0.05872424808500374,0.11744849617000748,101566.60490437257,0.0033370411568409346,1.7109781502018684,101566.60490437257,105.63664093716943,0.05812492685593885,462.5,0.08330365809467978,1.4185564023586505,0.0,396.3338888888889,1,12
966,78.0,0.059017138541381436,0.11803427708276287,101672.74425179178,-0.002224694104560623,1.8905330134323044,101672.74425179178,106.13934741921548,0.05972136752031469,468.5,0.0819201757935404,1.388074342779257,0.0,396.3338888888889,1,12
967,79.0,0.053955463670340334,0.10791092734068067,101769.89934705218,-0.0033370411568409346,1.699664293078557,101769.89934705218,97.15509526040114,0.0552956129538387,474.5,0.08161287680499198,1.5125970801332416,0.0,396.3338888888889,1,12
968,80.0,0.053523431067355035,0.10704686213471007,101866.13058285027,0.002224694104560623,1.7513626676388132,101866.13058285027,96.23123579808453,0.054411903626090254,480.5,0.07565144921815417,1.413426749921035,0.0,396.3338888888889,1,12
969,81.0,0.05345533943374494,0.10691067886748988,101962.37110735782,0.0011123470522803114,1.6979467418856915,101962.37110735782,96.24052450754971,0.055930414066150146,486.5,0.07806529188196516,1.4603834286511819,0.0,396.3338888888889,1,12
970,82.0,0.057909116951599955,0.11581823390319991,102066.50458744603,-0.002224694104560623,1.7589203333453478,102066.50458744603,104.13348008821777,0.05938993108752265,492.5,0.08664324584010923,1.4961935253221883,0.0,396.3338888888889,1,12
971,83.0,0.04578473610487399,0.09156947220974798,102148.18455665695,0.03699551569506727,1.796979228943099,102148.18455665695,81.67996921091981,0.04603375466483474,498.49611111111113,0.07026643308776703,1.5347130739558168,0.0,396.3338888888889,1,12
972,0.0,0.15933684728666792,0.31867369457333583,286.4821487231705,-0.04449388209121246,0.9756323056992598,286.4821487231705,286.4821487231705,0.2187003180886642,0.5,0.40925971682691636,2.568518982245233,0.0,324.4222222222222,0,13
973,1.0,1.8981993364412761,3.7963986728825523,3747.9542918119587,0.11123470522803114,1.4657389062699369,3747.9542918119587,3461.472143088788,2.2858410187386977,6.5,8.573613388675822,4.516708663880128,0.610678531701891,324.4222222222222,0,13
974,2.0,1.557502506321023,3.115005012642046,6639.227846384049,-0.09010011123470522,1.4955220943398728,6639.227846384049,2891.2735545720907,2.15011429352705,12.5,11.990752691917523,7.6987052304916554,0.18020022246941045,324.4222222222222,0,13
975,3.0,2.0051591686000028,4.0103183372000055,10271.038328112933,0.08008898776418243,1.354431904787897,10271.038328112933,3631.810481728883,1.6152865432476078,18.5,7.859730033777799,3.9197536818313745,0.7241379310344828,324.4222222222222,0,13
976,4.0,1.7159919371692707,3.4319838743385414,13430.232101401949,-0.10233592880978866,1.425292749090689,13430.232101401949,3159.1937732890165,1.7367985032747135,24.5,7.6349314069942285,4.449281632167189,0.525027808676307,324.4222222222222,0,13
977,5.0,0.32514407054230615,0.6502881410846123,14156.519622168573,0.00778642936596218,1.4177545853329283,14156.519622168573,726.2875207666239,0.3476453262545669,30.5,0.610550550453044,1.8777846676850352,0.020022246941045607,324.4222222222222,0,13
978,6.0,0.40672183362012077,0.8134436672402415,15000.603366472908,0.04671857619577308,1.603891871171472,15000.603366472908,844.0837443043347,0.3929889146501474,36.5,0.5033318951466094,1.2375335021151646,0.10567296996662959,324.4222222222222,0,13
979,7.0,2.7524933094914577,5.504986618982915,19966.63863341633,0.5420560747663551,1.1473700866633356,19966.63863341633,4966.035266943421,2.703798126761418,42.5,15.489634984186678,5.627492328781899,0.5771028037383178,324.4222222222222,0,13
980,8.0,0.9472099093976064,1.8944198187952128,21837.854087964544,-0.525027808676307,1.3938217656630696,21837.854087964544,1871.2154545482153,1.6310358052577565,48.5,10.917288663678747,11.525733161535202,0.08342602892102335,324.4222222222222,0,13
981,9.0,0.4250223367783382,0.8500446735566763,22700.713165737452,-0.03781979977753059,1.432128193758363,22700.713165737452,862.8590777729078,0.39670481029092053,54.5,0.49954372208301195,1.1753352208957877,0.07452725250278086,324.4222222222222,0,13
982,10.0,0.3156428108257555,0.631285621651511,23341.307682433362,0.07119021134593993,1.7287814804509276,23341.307682433362,640.59451669591,0.2891697366541198,60.5,0.39942970562728247,1.2654484497281324,0.05228031145717464,324.4222222222222,0,13
983,11.0,4.0346997239277105,8.069399447855421,30701.148028354557,-0.05915178571428571,1.1270272818122367,30701.148028354557,7359.840345921195,2.962145045358889,66.5,12.532338284045318,3.106139029311778,0.6517857142857143,324.4222222222222,0,13
984,12.0,0.7055427277708414,1.4110854555416827,31976.875824269864,0.2735632183908046,1.258428905961337,31976.875824269864,1275.727795915307,0.6558404536433455,72.5,1.3441637350704574,1.9051485929382843,0.26666666666666666,324.4222222222222,0,13
985,13.0,0.34696827896300025,0.6939365579260005,32601.606157821236,-0.25806451612903225,1.5509616334926362,32601.606157821236,624.7303335513716,0.37227195796937573,78.5,1.4608465084293618,4.210317187483131,0.042269187986651836,324.4222222222222,0,13
986,14.0,0.42021658842385284,0.8404331768477057,33270.51626939282,0.05660377358490566,1.4753243584020896,33270.51626939282,668.9101115715857,0.4843493429929071,84.5,1.6572052042234637,3.9436929666182485,0.07924528301886792,324.4222222222222,0,13
987,15.0,0.6147622024916991,1.2295244049833982,34376.08640493824,0.13459399332591768,1.3993067981169176,34376.08640493824,1105.570135545422,0.6894481396262818,90.5,2.226000883568228,3.6209137037800967,0.12013348164627363,324.4222222222222,0,13
988,16.0,0.4554431982427503,0.9108863964855006,35195.28236688295,-0.01668520578420467,1.288811000928225,35195.28236688295,819.195961944708,0.5198219164266145,96.5,0.941365900175082,2.066922733300621,0.13348164627363737,324.4222222222222,0,13
989,17.0,1.431409092858805,2.86281818571761,37769.6361486606,-0.09121245828698554,1.4686047001065843,37769.6361486606,2574.353781777645,1.0588232597345324,102.5,11.97059864778423,8.362807465388245,0.10011123470522804,324.4222222222222,0,13
990,18.0,0.5133251250532154,1.0266502501064307,38693.04438377304,0.0389321468298109,1.3507986154345237,38693.04438377304,923.4082351124453,0.5862373986360259,108.5,1.3895384577322576,2.7069363838136833,0.12124582869855395,324.4222222222222,0,13
991,19.0,0.47010567432261813,0.9402113486452363,39538.623639302925,0.08898776418242492,1.4670977681379826,39538.623639302925,845.5792555298831,0.4826953370817561,114.5,1.2188977548148194,2.5928165120983624,0.06896551724137931,324.4222222222222,0,13
992,20.0,0.30153168979930967,0.6030633795986193,40083.30038241553,-0.1557285873192436,1.2820226205053558,40083.30038241553,544.6767431126063,0.3300336749492693,120.5,1.9926810621099051,6.60852948304098,0.035595105672969966,324.4222222222222,0,13
993,21.0,0.5042961026356219,1.0085922052712437,40989.783807254425,0.15239154616240266,1.3533444249036508,40989.783807254425,906.4834248388943,0.5249689823426262,126.5,1.67740609269816,3.3262325128658916,0.09566184649610679,324.4222222222222,0,13
994,22.0,0.4842166916985508,0.9684333833971016,41864.58020587251,-0.05405405405405406,1.5049823903671498,41864.58020587251,874.7963986180839,0.48691369092128284,132.5,1.7138395905249493,3.539406261508846,0.08220720720720721,324.4222222222222,0,13
995,23.0,0.4456645830515351,0.8913291661030702,42672.025038325686,0.4582869855394883,1.4725846714428825,42672.025038325686,807.4448324531768,0.48858977742633825,138.5,0.6302016969926368,1.4140717502780842,0.11457174638487208,324.4222222222222,0,13
996,24.0,1.9538576239910541,3.9077152479821082,46213.38469918851,-0.661037394451146,1.247945117919471,46213.38469918851,3541.3596608628213,1.923349076668329,144.48166666666665,7.928047214971197,4.057638139864533,0.7539203860072377,324.4222222222222,0,13
997,25.0,0.39884600445583707,0.7976920089116741,47138.69941255327,0.2091020910209102,1.7834047598363114,47138.69941255327,925.3147133647653,0.35809912270034916,150.49833333333333,1.0748311122057181,2.694852399667779,0.05412054120541206,324.4222222222222,0,13
998,26.0,0.7010530587615124,1.4021061175230247,48666.84646810737,0.5917686318131257,1.7188486512089372,48666.84646810737,1528.1470555540945,0.8027925229376008,156.5,5.0430699525970635,7.193563867342942,0.17130144605116795,324.4222222222222,0,13
999,27.0,1.3334685123041108,2.6669370246082216,51066.49221538499,0.013348164627363738,1.3237708876413685,51066.49221538499,2399.6457472776237,1.2500928018417778,162.5,4.665026579407837,3.4984152504261994,0.6117908787541713,324.4222222222222,0,13
1000,28.0,0.4746301013047764,0.9492602026095528,51863.55502275245,-0.05734767025089606,1.625996094648663,51863.55502275245,797.0628073674598,0.482321066019178,168.5,2.0616632631587732,4.3437263196986065,0.09438470728793309,324.4222222222222,0,13
1001,29.0,0.3536144544012144,0.7072289088024288,52499.22233397806,0.025583982202447165,1.5849335302684737,52499.22233397806,635.6673112256103,0.3710549143572524,174.5,1.237336608702965,3.4991120789962693,0.027808676307007785,324.4222222222222,0,13
1002,30.0,1.1467750262934187,2.2935500525868373,54245.08266170898,0.2719033232628399,1.4074772300789387,54245.08266170898,1745.8603277309157,1.1497959954109804,180.5,4.017283850757697,3.5031141755347384,0.6646525679758308,324.4222222222222,0,13
1003,31.0,0.5208159656982422,1.0416319313964844,55182.06881245892,-0.40600667408231367,1.6448895000386001,55182.06881245892,936.9861507499445,0.6431810880358356,186.5,4.406757749131696,8.461257026219789,0.041156840934371525,324.4222222222222,0,13
1004,32.0,2.337504839079303,4.675009678158606,59375.96897780748,-0.5429208472686734,1.8475504681785735,59375.96897780748,4193.900165348561,2.2787091079800077,192.4988888888889,4.642411003327258,1.9860540717236812,0.5005574136008919,324.4222222222222,0,13
1005,33.0,0.5943711849485585,1.188742369897117,60693.03348779779,0.9247943595769683,1.4130932326368268,60693.03348779779,1317.064509990305,0.9279690962025037,198.5,7.977154422202799,13.421166140302047,0.022326674500587545,324.4222222222222,0,13
1006,34.0,0.38036853390559106,0.7607370678111821,61377.30439876199,-0.04338153503893215,1.4819737544990417,61377.30439876199,684.2709109642019,0.42035998500780813,204.5,1.9543695654499698,5.138094745594944,0.06229143492769744,324.4222222222222,0,13
1007,35.0,0.3779793054403352,0.7559586108806704,62347.79293154742,-0.9091995221027479,1.2569832624696833,62347.79293154742,970.4885327854281,0.619989053063388,210.5,6.7991965373982195,17.988277240409623,0.02986857825567503,324.4222222222222,0,13
1008,36.0,0.19475407642228268,0.38950815284456536,62698.185357398026,-0.006674082313681869,1.1384428780752482,62698.185357398026,350.39242585060856,0.23729630946232433,216.5,0.43717989176442135,2.2447791583909646,0.00778642936596218,324.4222222222222,0,13
1009,37.0,0.43006352841439394,0.8601270568287879,63809.31948687676,0.038944723618090454,0.8901200085605386,63809.31948687676,1111.1341294787344,0.7200960913192916,222.5,5.31110605681872,12.349584900631534,0.04522613065326633,324.4222222222222,0,13
1010,38.0,0.3505103107722947,0.7010206215445894,64439.60958292868,0.0389321468298109,1.65649360485828,64439.60958292868,630.2900960519182,0.45464202992936875,228.5,3.486552026363161,9.947074078023805,0.011123470522803115,324.4222222222222,0,13
1011,39.0,0.331882282117275,0.66376456423455,65308.90172978011,-0.03167420814479638,1.3802543302427235,65308.90172978011,869.2921468514323,0.35042398267574115,234.5,1.6016928653580946,4.826087295591499,0.038461538461538464,324.4222222222222,0,13
1012,40.0,0.17445013557728792,0.34890027115457584,65622.82279568417,-0.03114571746384872,0.9889018130466702,65622.82279568417,313.92106590406183,0.2694301019382848,240.5,2.4571088708641486,14.084877966607012,0.011123470522803115,324.4222222222222,0,13
1013,41.0,0.1521460979106044,0.3042921958212088,65896.62127046786,0.010011123470522803,1.2367184947710244,65896.62127046786,273.798474783689,0.24514027037802347,246.5,2.400865918257001,15.780003241802914,0.011123470522803115,324.4222222222222,0,13
1014,42.0,0.17238073450726432,0.34476146901452864,66206.60867864951,0.00778642936596218,0.9310532418925053,66206.60867864951,309.9874081816524,0.18600697264380728,252.5,0.5285346530512934,3.0660888791433965,0.01668520578420467,324.4222222222222,0,13
1015,43.0,0.3316601302269412,0.6633202604538824,66799.82691125576,0.05518018018018018,0.9387196554122336,66799.82691125576,593.2182326062466,0.46020076709017893,258.5,2.964111479950887,8.937195670527746,0.06644144144144144,324.4222222222222,0,13
1016,44.0,0.11838779506815365,0.2367755901363073,67012.79577089711,-0.07230255839822025,1.0215055480226563,67012.79577089711,212.96885964134708,0.13492881291984796,264.5,0.4393871072556505,3.7114223387867264,0.01668520578420467,324.4222222222222,0,13
1017,45.0,0.10510959964826826,0.2102191992965365,67201.79882376625,0.006674082313681869,1.040468264506678,67201.79882376625,189.00305286914227,0.13589244668421144,270.5,0.2574291149279589,2.4491494191720116,0.0,324.4222222222222,0,13
1018,46.0,0.12318271914856045,0.2463654382971209,67423.33308866352,0.024471635150166853,1.4515956989943166,67423.33308866352,221.5342648972728,0.12791568649806107,276.5,0.1940170011763232,1.5750342460157531,0.0,324.4222222222222,0,13
1019,47.0,0.13004030696172206,0.2600806139234441,67657.40610406297,-0.054505005561735265,1.3628700086085996,67657.40610406297,234.07301539945183,0.14794439475875323,282.5,0.283642995529791,2.1811929097743716,0.010011123470522803,324.4222222222222,0,13
1020,48.0,0.09398812683688389,0.18797625367376777,67826.40764658152,0.3303670745272525,1.2238840419714798,67826.40764658152,169.0015425185411,0.10476080054663472,288.5,0.1773560960820541,1.8870053277033074,0.0,324.4222222222222,0,13
1021,49.0,0.11485595306834405,0.2297119061366881,68032.76263322958,-0.3136818687430478,1.2381757285157002,68032.76263322958,206.35498664806073,0.13512477330298137,294.5,0.21522100949656583,1.873834170079982,0.0,324.4222222222222,0,13
1022,50.0,0.1322370375638034,0.2644740751276068,68270.072648876,0.008898776418242492,1.4080191657483312,68270.072648876,237.31001564642065,0.1608931739883401,300.5,0.4736596454458316,3.581898492071817,0.008898776418242492,324.4222222222222,0,13
1023,51.0,0.10685306651299775,0.2137061330259955,68462.30091936694,-0.03114571746384872,1.315359041932976,68462.30091936694,192.22827049094485,0.12494970487832542,306.5,0.3166216464285082,2.963149835199104,0.011123470522803115,324.4222222222222,0,13
1024,52.0,0.08094809782009933,0.16189619564019866,68607.78703260243,0.002224694104560623,1.374766224025178,68607.78703260243,145.4861132354854,0.09937177868608081,312.5,0.2876280920650642,3.553240901401965,0.011123470522803115,324.4222222222222,0,13
1025,53.0,0.07567389937591852,0.15134779875183704,68743.84870368027,0.004449388209121246,1.1898677960928796,68743.84870368027,136.0616710778413,0.10472582364724489,318.5,0.43832816900199545,5.7923296224574266,0.011123470522803115,324.4222222222222,0,13
1026,54.0,0.267906026148171,0.535812052296342,69223.37778329093,-0.01005586592178771,1.0269852396358248,69223.37778329093,479.5290796106565,0.2938583115190929,324.4977777777778,1.0432844842673115,3.8942180557383255,0.07932960893854749,324.4222222222222,0,13
1027,55.0,0.06867507006602075,0.1373501401320415,69656.80805287803,0.002242152466367713,0.9867740286022956,69656.80805287803,433.43026958710107,0.08027046143313957,330.5,0.18877155854194405,2.7487639744738317,0.0,324.4222222222222,0,13
1028,56.0,0.07090726827410343,0.14181453654820686,69784.29932123485,0.0,0.9591727283532058,69784.29932123485,127.49126835682546,0.07687717058185221,336.5,0.12753831784326047,1.7986635354536664,0.0,324.4222222222222,0,13
1029,57.0,0.06404492617277353,0.12808985234554707,69899.4520984935,-0.0011123470522803114,0.9139884190265851,69899.4520984935,115.15277725864144,0.07804298120041,342.5,0.1442290870523205,2.2519986464382007,0.0,324.4222222222222,0,13
1030,58.0,0.07983540938587173,0.15967081877174347,70042.99616456921,0.0011123470522803114,0.7725698692696243,70042.99616456921,143.54406607571582,0.09320687618431513,348.5,0.17149417980743076,2.1480967045404746,0.0,324.4222222222222,0,13
1031,59.0,0.18234457301375917,0.36468914602751834,70369.27575345412,-0.0011185682326621924,0.8353267565180398,70369.27575345412,326.27958888490684,0.1955879537173851,354.4972222222222,1.8756685811795362,10.286396519396297,0.020134228187919462,324.4222222222222,0,13
1032,0.0,0.14197772938471884,0.2839554587694377,254.8979295974974,-0.16129032258064516,1.6447179159462408,254.8979295974974,254.8979295974974,0.14094838733299359,0.5,0.20468745139408673,1.4416870327559794,0.002224694104560623,426.49666666666667,0,14
1033,2.0,0.4300357923116361,0.8600715846232722,1158.4788783231309,0.005567928730512249,1.4028637793943497,1158.4788783231309,903.5809487256334,0.38032298214263566,12.5,2.046512335779714,4.758934889532773,0.15033407572383073,426.49666666666667,0,14
1034,3.0,0.45083861044832074,0.9016772208966415,2039.3932469468145,0.13793103448275862,1.3578826142784508,2039.3932469468145,880.9143686236837,0.36392861859180586,18.5,1.6023155920999068,3.554078011434158,0.17686318131256953,426.49666666666667,0,14
1035,4.0,0.6197029445371297,1.2394058890742594,3353.713666833013,-0.12903225806451613,1.5902994041638214,3353.713666833013,1314.3204198861986,0.5464071687456411,24.5,1.8222965281003776,2.9405968523539814,0.2725250278086763,426.49666666666667,0,14
1036,5.0,0.931711886124769,1.863423772249538,5093.013276860244,0.008898776418242492,1.7161944049977587,5093.013276860244,1739.2996100272312,0.8513954818482171,30.5,2.963967584029978,3.181206151998218,0.42491657397107896,426.49666666666667,0,14
1037,6.0,0.6079028288747349,1.2158056577494698,6337.819415007594,0.02441860465116279,1.333735954716807,6337.819415007594,1244.8061381473499,0.45761034890887275,36.5,3.298224527340963,5.4255785146553395,0.3325581395348837,426.49666666666667,0,14
1038,7.0,0.37911973472563615,0.7582394694512723,6968.770864170462,-0.012453300124533,1.2869918676638277,6968.770864170462,630.9514491628679,0.28930136512503213,42.446666666666665,0.40604595934494164,1.0710230097591507,0.22166874221668742,426.49666666666667,0,14
1039,8.0,0.2873578124440995,0.574715624888199,7596.311999251145,0.04899777282850779,1.5301078850514793,7596.311999251145,627.5411350806826,0.24258127941218888,48.5,0.2850543793224981,0.9919840943177785,0.08240534521158129,426.49666666666667,0,14
1040,9.0,1.9422398480364451,3.8844796960728902,11183.38309516481,-0.011508951406649617,0.9685331625703901,11183.38309516481,3587.071095913666,1.250405435678905,54.5,4.089904293654667,2.1057668535579968,0.7851662404092071,426.49666666666667,0,14
1041,10.0,0.7496271561210818,1.4992543122421635,12451.617096591526,-0.06887417218543046,1.3724265079070066,12451.617096591526,1268.2340014267156,0.5979966067006036,60.5,1.5285618624172044,2.039096169256583,0.46357615894039733,426.49666666666667,0,14
1042,11.0,0.23906218898566273,0.47812437797132545,12948.399108199197,0.01668520578420467,1.6477802535435395,12948.399108199197,496.78201160767094,0.20733001354053204,66.5,1.2577069801682925,5.261003362784907,0.05116796440489433,426.49666666666667,0,14
1043,12.0,0.7311136714519845,1.462227342903969,14266.438667130944,0.08898776418242492,1.3505775428158744,14266.438667130944,1318.0395589317468,0.6434754314949533,72.5,2.3342664131267865,3.1927544296784336,0.7007786429365962,426.49666666666667,0,14
1044,13.0,0.6472009409403698,1.2944018818807397,15430.580487236923,0.027808676307007785,1.5835630628640376,15430.580487236923,1164.1418201059787,0.6501636398826192,78.5,3.343880341837454,5.166680284764209,0.4994438264738598,426.49666666666667,0,14
1045,14.0,1.2416930774070611,2.4833861548141223,17677.376677216293,0.08461538461538462,1.4357919508718084,17677.376677216293,2246.79618997937,1.0834392256746639,84.5,2.967099647869017,2.3895596277825746,0.5948717948717949,426.49666666666667,0,14
1046,15.0,0.3369856304985779,0.6739712609971558,18282.646768795592,-0.09010011123470522,1.448839100806338,18282.646768795592,605.2700915792993,0.3778396596372708,90.5,0.8151809262210915,2.4190376456557297,0.15350389321468297,426.49666666666667,0,14
1047,16.0,0.28478005966510606,0.5695601193302121,18828.640858451658,-0.025367156208277702,1.1741459262957608,18828.640858451658,545.9940896560656,0.3341120457884026,96.5,1.7912333872711501,6.2898834608630745,0.08945260347129506,426.49666666666667,0,14
1048,17.0,0.2593864475574585,0.518772895114917,19228.953630606506,-0.09965635738831616,1.108475955658674,19228.953630606506,400.31277215484806,0.24734060273035555,102.5,0.43821451512805637,1.6894271819308695,0.12714776632302405,426.49666666666667,0,14
1049,18.0,0.4055413567827546,0.8110827135655092,19588.98500604301,-0.05917159763313609,0.99432371873106,19588.98500604301,360.0313754365052,0.4786815805919142,108.5,4.404929101128173,10.861849297130648,0.0650887573964497,426.49666666666667,0,14
1050,19.0,0.5219124844034014,1.0438249688068029,20273.752985533865,0.09236234458259325,1.1122809494426298,20273.752985533865,684.7679794908545,0.5569154573622929,114.5,2.2902031742959608,4.388098086816018,0.31438721136767317,426.49666666666667,0,14
1051,20.0,0.4466698558248676,0.8933397116497352,20790.26286953739,0.030357142857142857,1.3553748215658157,20790.26286953739,516.5098840035243,0.4960661290633963,120.5,2.56099972838471,5.733540544515363,0.22321428571428573,426.49666666666667,0,14
1052,21.0,1.142913991482708,2.285827982965416,22899.539022671535,-0.07158836689038031,1.269527742401878,22899.539022671535,2109.2761531341457,0.9470768706461441,126.5,5.079416546120884,4.444268408623935,0.29977628635346754,426.49666666666667,0,14
1053,22.0,1.5553178709717106,3.110635741943421,25691.257814680117,-0.01893095768374165,1.2188683793595847,25691.257814680117,2791.7187920085817,1.482447674616654,132.49944444444444,7.280720543312519,4.681178477531264,0.7483296213808464,426.49666666666667,0,14
1054,23.0,0.30332368585416336,0.6066473717083267,26389.607453610646,0.7687793427230047,1.0777123016954824,26389.607453610646,698.3496389305292,0.4442652940452384,138.5,4.043335509441585,13.330101465882892,0.018779342723004695,426.49666666666667,0,14
1055,24.0,0.5058882774512828,1.0117765549025657,27284.335736186447,-0.18855656697009102,1.3752695186837745,27284.335736186447,894.7282825758011,0.6027424588789795,144.5,2.612892836060725,5.164960234352035,0.2756827048114434,426.49666666666667,0,14
1056,25.0,0.32199784923010927,0.6439956984602185,27863.859057981932,0.24694104560622915,1.5406223182628558,27863.859057981932,579.5233217954847,0.38315477769668316,150.5,2.0154511919625357,6.259207000237552,0.047830923248053395,426.49666666666667,0,14
1057,26.0,0.5033399668288273,1.0066799336576546,28769.503377755664,0.0,1.5853361282085403,28769.503377755664,905.6443197737317,0.5549662182384762,156.5,3.011655637668531,5.983342941437265,0.20022246941045607,426.49666666666667,0,14
1058,27.0,0.511121078977127,1.022242157954254,29688.802858090206,0.2347052280311457,1.8086005366924551,29688.802858090206,919.2994803345427,0.6833108085769508,162.5,5.839377892364305,11.424646981983736,0.09343715239154617,426.49666666666667,0,14
1059,28.0,0.28641453057010585,0.5728290611402117,30203.595205111433,-0.1657397107897664,1.766034793113554,30203.595205111433,514.7923470212263,0.4309163086026141,168.5,3.915515755615097,13.67079996891671,0.011123470522803115,426.49666666666667,0,14
1060,29.0,0.4323111868227474,0.8646223736454948,30981.915441799618,0.35372636262513907,1.3015868964516861,30981.915441799618,778.3202366881851,0.42084944426987825,174.5,2.4874359482682897,5.753808886023964,0.1468298109010011,426.49666666666667,0,14
1061,30.0,0.6936612591892775,1.387322518378555,32228.907421952266,-0.5294771968854283,1.6823413047964084,32228.907421952266,1246.9919801526485,0.6900720480719975,180.5,4.135692907023438,5.96212178817232,0.22580645161290322,426.49666666666667,0,14
1062,31.0,0.7581881969088355,1.516376393817671,33589.5260183041,-0.6989966555183946,1.6442640086797597,33589.5260183041,1360.6185963518365,0.8122607714531285,186.4988888888889,2.4823654986222583,3.2740756302234253,0.26644370122630995,426.49666666666667,0,14
1063,32.0,0.5643164284303723,1.1286328568607447,34082.13821977572,2.2762148337595907,1.2067515671188263,34082.13821977572,492.6122014716166,0.797659078421919,192.5,5.873239892849306,10.40770673500598,0.12276214833759591,426.49666666666667,0,14
1064,33.0,0.2810442514083632,0.5620885028167264,34589.96158418804,0.07230255839822025,1.6171946416231626,34589.96158418804,507.82336441231746,0.2628429993427256,198.5,0.7126888804083773,2.5358600179045307,0.067853170189099,426.49666666666667,0,14
1065,34.0,0.30443476594349866,0.6088695318869973,35137.55354279832,-0.08120133481646273,1.6930714533758968,35137.55354279832,547.5919586102827,0.2946086359254739,204.5,1.0817713323052127,3.553376464585465,0.08453837597330367,426.49666666666667,0,14
1066,35.0,0.29164884140388947,0.5832976828077789,35662.08725919762,-0.9098998887652948,1.5170641431688365,35662.08725919762,524.5337163993026,0.2756324589724603,210.5,0.7555052905103411,2.5904621697573647,0.07563959955506118,426.49666666666667,0,14
1067,36.0,0.44968271112816083,0.8993654222563217,36470.530996786045,-0.025583982202447165,1.7487362404789744,36470.530996786045,808.4437375884227,0.5535559766741703,216.5,3.7952140083484522,8.439759667048452,0.17908787541713014,426.49666666666667,0,14
1068,37.0,0.35685734578204564,0.7137146915640913,37112.17913859331,-0.03337041156840934,1.8196983918606704,37112.17913859331,641.6481418072653,0.3515388350577072,222.5,1.1300394395634803,3.1666419450803844,0.12458286985539488,426.49666666666667,0,14
1069,38.0,0.2938692857913539,0.5877385715827078,37640.35312059735,0.014460511679644048,1.7442099750612312,37640.35312059735,528.1739820040384,0.40333726784228796,228.5,3.21133194818764,10.927756330641758,0.026696329254727477,426.49666666666667,0,14
1070,39.0,0.1677189378234199,0.3354378756468398,37940.953848513695,-0.05133928571428571,1.547571967955827,37940.953848513695,300.60072791634593,0.17018683187625536,234.49833333333333,0.2761413951308182,1.6464532790062687,0.016741071428571428,426.49666666666667,0,14
1071,40.0,0.2875539211165715,0.575107842233143,38554.01635322418,0.03427172582619339,1.2316313458887607,38554.01635322418,613.0625047104841,0.4049948865754441,240.5,3.055132410436379,10.6245548611311,0.014687882496940025,426.49666666666667,0,14
1072,41.0,0.3081053918326832,0.6162107836653664,39108.268761266256,0.010011123470522803,1.643181083687215,39108.268761266256,554.2524080420771,0.35595785552680625,246.5,1.7381603026899604,5.64144720853788,0.03337041156840934,426.49666666666667,0,14
1073,42.0,0.28982173776072984,0.5796434755214597,39630.80259618582,0.05784204671857619,1.8050914395024988,39630.80259618582,522.5338349195663,0.3655944887489806,252.5,1.2300104401691492,4.244024101410287,0.07119021134593993,426.49666666666667,0,14
1074,43.0,1.143714106725718,2.287428213451436,41681.221389352766,-0.09933035714285714,1.2002937434525867,41681.221389352766,2050.418793166944,0.9159951117328642,258.49833333333333,1.6643406379890404,1.4552068809868912,0.8716517857142857,426.49666666666667,0,14
1075,44.0,0.4437257202775999,0.8874514405551998,42718.57011729116,0.04503464203233257,1.561013842054555,42718.57011729116,1037.3487279383917,0.40997141872791715,264.5,1.0799703431456251,2.4338691533814703,0.3441108545034642,426.49666666666667,0,14
1076,45.0,0.3998486056738666,0.7996972113477332,43438.85602721379,0.027808676307007785,1.6648138195274864,43438.85602721379,720.2859099226334,0.4831734542704149,270.5,3.2853038334993205,8.21636936300574,0.10901001112347053,426.49666666666667,0,14
1077,46.0,0.18902006278458594,0.3780401255691719,43777.65278911782,-0.041294642857142856,1.5630090176355902,43777.65278911782,338.79676190402824,0.18987608820768134,276.49833333333333,0.7030317143078455,3.7193497026241373,0.03459821428571429,426.49666666666667,0,14
1078,47.0,0.1496134909304754,0.2992269818609508,43889.724283468095,-3.0,1.8925052078549154,43889.724283468095,112.07149435027532,0.554695787255593,282.5,0.12586317646929066,0.8412555290737692,0.0,426.49666666666667,0,14
1079,48.0,0.12569900124508557,0.25139800249017114,44115.67003970667,0.3092324805339266,1.0664419569530386,44115.67003970667,225.94575623857236,0.14289136524025473,288.5,0.294718289995986,2.344635097150452,0.010011123470522803,426.49666666666667,0,14
1080,49.0,0.1851553205382486,0.3703106410764972,44447.527587556026,-0.23660714285714285,1.0023314437204418,44447.527587556026,331.8575478493585,0.19917195014687886,294.49833333333333,0.5959040291957577,3.2184007862342705,0.05357142857142857,426.49666666666667,0,14
1081,50.0,0.22979674182689852,0.45959348365379704,44979.549206062504,-0.051685393258426963,1.2759203039112998,44979.549206062504,532.0216185064783,0.2348741585796234,300.5,0.731793182320622,3.1845237513065685,0.07303370786516854,426.49666666666667,0,14
1082,51.0,0.16892150350456353,0.33784300700912706,45329.05181723069,-0.05555555555555555,1.115082447870516,45329.05181723069,349.5026111681873,0.13758077019249534,306.5,0.2779828086169265,1.645633047597262,0.05381944444444445,426.49666666666667,0,14
1083,52.0,0.3473916365487911,0.6947832730975823,45750.580624810966,0.08680555555555555,0.9755063882083106,45750.580624810966,421.5288075802746,0.3852793609597655,312.5,1.5768540024262747,4.539124827793042,0.1076388888888889,426.49666666666667,0,14
1084,53.0,0.18659940788452647,0.37319881576905295,46086.481842860456,0.0055617352614015575,1.4739799104734277,46086.481842860456,335.9012180494901,0.23053161610435952,318.5,1.2496167858336198,6.696788591134874,0.010011123470522803,426.49666666666667,0,14
1085,54.0,0.19808170259177243,0.39616340518354487,46386.03810280762,-0.03317535545023697,1.0401578513605998,46386.03810280762,299.55625994716684,0.16012254747146137,324.5,0.5025943581539494,2.5373083509371313,0.06398104265402843,426.49666666666667,0,14
1086,55.0,0.21040641048975856,0.4208128209795171,46764.56324683155,0.15127919911012236,1.1638584853063294,46764.56324683155,378.5251440239299,0.297048075175785,330.5,2.1745925305937774,10.335200935808107,0.035595105672969966,426.49666666666667,0,14
1087,56.0,0.12043569495604832,0.24087138991209664,46984.13751973985,-0.1446051167964405,1.2466465613021858,46984.13751973985,219.57427290829946,0.12177985290636804,336.5,0.25218857551051493,2.093968699251068,0.014460511679644048,426.49666666666667,0,14
1088,57.0,0.2532192154878562,0.5064384309757124,47439.7770810256,0.058954393770856504,1.3999085459066143,47439.7770810256,455.639561285745,0.2555100256258756,342.5,1.0043889846972303,3.9664801218270833,0.048943270300333706,426.49666666666667,0,14
1089,58.0,0.10204942793864051,0.20409885587728102,47630.61344465081,-0.017797552836484983,1.4520782784878445,47630.61344465081,190.83636362521065,0.10666760101440821,348.5,0.2711076513604155,2.656630780168851,0.013348164627363738,426.49666666666667,0,14
1090,59.0,0.07851821608551053,0.15703643217102106,47772.39564503752,-0.07230255839822025,1.2000845521699979,47772.39564503752,141.78220038671134,0.09137217130197052,354.5,0.27240016453264787,3.4692607411761562,0.012235817575083427,426.49666666666667,0,14
1091,60.0,0.10213846622862915,0.2042769324572583,47956.0406073166,0.006674082313681869,1.0198328227413715,47956.0406073166,183.6449622790824,0.11484686929535876,360.5,0.20248440986728017,1.982450073354678,0.0011123470522803114,426.49666666666667,0,14
1092,61.0,0.12246628350793046,0.2449325670158609,48176.65416188819,-0.002224694104560623,0.8924789496940364,48176.65416188819,220.61355457158788,0.12327396636757393,366.5,0.2072650696883374,1.692425570135928,0.0,426.49666666666667,0,14
1093,62.0,0.1438222798144887,0.2876445596289774,48435.565582717514,0.004449388209121246,0.8429485142030523,48435.565582717514,258.9114208293249,0.12533313944622765,372.5,0.24671703884070806,1.7154298983366116,0.0,426.49666666666667,0,14
1094,63.0,0.1277270644961164,0.2554541289922328,48665.1880278118,0.010011123470522803,0.8580636638516242,48665.1880278118,229.62244509428274,0.1174157566092368,378.5,0.2095573490363542,1.6406651938886914,0.0,426.49666666666667,0,14
1095,64.0,0.14345019604863896,0.2869003920972779,48923.28597504758,-0.00778642936596218,0.9327538493072172,48923.28597504758,258.0979472357867,0.12256562408173693,384.5,0.21625739943615419,1.5075434219889727,0.002224694104560623,426.49666666666667,0,14
1096,65.0,0.1519682897315424,0.3039365794630848,49196.79142563059,-0.00778642936596218,1.0915173968375773,49196.79142563059,273.50545058300486,0.13194170919830217,390.5,0.25038566732262707,1.6476178534676058,0.01668520578420467,426.49666666666667,0,14
1097,66.0,0.12912139358150618,0.25824278716301236,49429.99441025585,0.04560622914349277,1.0570571296416122,49429.99441025585,233.20298462526262,0.1213045461893004,396.5,0.21651243787472155,1.6768130506433152,0.0,426.49666666666667,0,14
1098,67.0,0.14673688222721867,0.29347376445443735,49693.92097237413,-0.04671857619577308,0.9235550080077463,49693.92097237413,263.9265621182785,0.12941930525490775,402.5,0.22331188403875474,1.5218524521528367,0.0,426.49666666666667,0,14
1099,68.0,0.2438656108091081,0.4877312216182162,50132.402306190095,0.05116796440489433,0.9532583950553234,50132.402306190095,438.4813338159656,0.21868918976370164,408.5,1.3280793417173506,5.445947615619072,0.030033370411568408,426.49666666666667,0,14
1100,69.0,0.1339381056273771,0.2678762112547542,50373.43377277883,-0.047830923248053395,1.0845113432622981,50373.43377277883,241.03146658873447,0.11532422930880842,414.5,0.21986321239562534,1.6415284609691019,0.013348164627363738,426.49666666666667,0,14
1101,70.0,0.1686979793255595,0.337395958651119,50676.838567604245,0.0055617352614015575,0.9716935874294362,50676.838567604245,303.4047948254156,0.13261383841888766,420.5,0.24538744676539487,1.454596242032261,0.017797552836484983,426.49666666666667,0,14
1102,71.0,0.08749634682328455,0.1749926936465691,50833.129595326434,-0.011198208286674132,1.0095689291296654,50833.129595326434,156.29102772218903,0.0812491754782136,426.49666666666667,0.16444102476162586,1.8794044635228675,0.0,426.49666666666667,0,14
1103,0.0,0.14967264655901033,0.29934529311802066,235.07522987764472,-0.034346103038309116,1.190849552716853,235.07522987764472,235.07522987764472,0.1639986178289014,0.5,0.3678012490483649,2.4573711864135084,0.017173051519154558,408.445,0,15
1104,1.0,0.08245081192137392,0.16490162384274784,390.4262419701406,0.20026881720430106,1.2955729721234317,390.4262419701406,155.3510120924959,0.0834999356202593,6.413888888888889,0.1622348444888567,1.967656117729511,0.004032258064516129,408.445,0,15
1105,2.0,0.20202959169514495,0.4040591833902899,726.7411201848906,-0.1187683284457478,1.4841839246352835,726.7411201848906,336.31487821475,0.18031529671786614,12.5,0.2855179952239508,1.4132483901407213,0.04985337243401759,408.445,0,15
1106,3.0,0.5100813433046463,1.0201626866092925,1705.2302207672112,-0.08013544018058691,1.2974164539034299,1705.2302207672112,978.4891005823206,0.4758723452339467,18.5,5.748258101561956,11.269296901394032,0.15914221218961624,408.445,0,15
1107,4.0,0.4097338711367097,0.8194677422734195,2613.1139551411484,-0.003575685339690107,1.351037822012263,2613.1139551411484,907.8837343739372,0.34207794712344447,24.5,0.6974298685918869,1.7021533188287137,0.2943980929678188,408.445,0,15
1108,5.0,0.21509764101307588,0.43019528202615176,2997.4572782500427,0.0,1.376146313050153,2997.4572782500427,384.3433231088943,0.18745417674938403,30.5,0.318526925842421,1.480848066683621,0.10044977511244378,408.445,0,15
1109,6.0,0.5722903851938786,1.1445807703877573,3982.4208866215486,0.002224694104560623,1.38684053644836,3982.4208866215486,984.9636083715059,0.7068390049123927,36.5,2.532183434447857,4.42464787101047,0.19688542825361513,408.445,0,15
1110,7.0,0.12043771098735902,0.24087542197471803,4162.4619952016055,0.017937219730941704,1.1608587838692697,4162.4619952016055,180.04110858005697,0.10191551668345261,42.5,0.24650400343776413,2.046734377604012,0.03886397608370702,408.445,0,15
1111,8.0,0.08690202742755293,0.17380405485510586,4325.390505195201,-0.01557285873192436,1.249722866869202,4325.390505195201,162.92850999359507,0.08998560255326772,48.5,0.16784841995093,1.9314672501842278,0.0,408.445,0,15
1112,9.0,0.4927616336240054,0.9855232672480108,5212.623384211759,0.35372636262513907,1.0559604777653322,5212.623384211759,887.2328790165584,0.43907326224297466,54.5,2.4323309285509827,4.936120758149238,0.2992213570634038,408.445,0,15
1113,10.0,1.4681862747003216,2.936372549400643,7855.788277942549,-0.35372636262513907,1.141986633269756,7855.788277942549,2643.16489373079,1.3194632555878247,60.5,7.230385389046053,4.924705749971597,0.6529477196885428,408.445,0,15
1114,11.0,0.641633698942271,1.283267397884542,8439.755862441913,0.23920265780730898,1.486171977766274,8439.755862441913,583.9675844993635,0.5839551227851608,66.5,3.398352986256516,5.296406644256185,0.45182724252491696,408.445,0,15
1115,12.0,0.22928941578254858,0.45857883156509716,8852.048237628693,0.008898776418242492,1.45873491193283,8852.048237628693,412.2923751867802,0.30337981297298944,72.5,1.3730108825823597,5.988112787048502,0.04449388209121246,408.445,0,15
1116,13.0,0.15501565205421228,0.31003130410842455,9130.67723262528,0.067853170189099,1.4778827649789386,9130.67723262528,278.6289949965867,0.19380830170818145,78.5,0.2563630418720695,1.6537881076835639,0.024471635150166853,408.445,0,15
1117,14.0,0.195612851158556,0.391225702317112,9484.458563263388,-0.11345939933259176,1.4108786559416928,9484.458563263388,353.78133063810856,0.18690280781337007,84.5,0.47930546667146656,2.4502759600541815,0.047830923248053395,408.445,0,15
1118,15.0,0.30753797732572724,0.6150759546514545,10037.72600824759,0.03781979977753059,1.5917176627211138,10037.72600824759,553.2674449842016,0.3069218267554518,90.5,0.7162270086933475,2.3289058961806184,0.19021134593993325,408.445,0,15
1119,16.0,0.3726213021270631,0.7452426042541263,10707.718309171754,0.067853170189099,1.4121581130203011,10707.718309171754,669.9923009241647,0.4285987192176254,96.5,1.0320776768484383,2.769776368009422,0.18687430478309233,408.445,0,15
1120,17.0,0.21835616664464683,0.43671233328929365,11100.32281791681,-0.08453837597330367,1.712477121620656,11100.32281791681,392.6045087450566,0.223841944035229,102.5,0.358629897967302,1.642407922240808,0.048943270300333706,408.445,0,15
1121,18.0,0.20029910487951383,0.40059820975902766,11460.42867957374,0.07230255839822025,1.3211493906804934,11460.42867957374,360.10586165692985,0.18951621649587863,108.5,0.32632604424226463,1.6291937222513297,0.03114571746384872,408.445,0,15
1122,19.0,0.7675345751339473,1.5350691502678946,12840.75640798941,-0.09010011123470522,1.219712474652582,12840.75640798941,1380.3277284156684,1.0681339368105076,114.5,6.782512188335502,8.83675134394023,0.22469410456062291,408.445,0,15
1123,20.0,0.1959860017602332,0.3919720035204664,13193.18196716443,-0.006674082313681869,1.5709505235594092,13193.18196716443,352.4255591750207,0.3908085208032777,120.5,1.0267162629495685,5.238722427766246,0.020022246941045607,408.445,0,15
1124,21.0,0.2756904493470339,0.5513808986940678,13689.107809719697,0.06562847608453838,1.559386999178048,13689.107809719697,495.9258425552671,0.30284249918649403,126.5,0.38112113802529285,1.3824241606046526,0.14238042269187987,408.445,0,15
1125,22.0,0.48393780944221626,0.9678756188844325,14668.23485387752,-0.05744431418522861,1.484866784387684,14668.23485387752,979.1270441578235,0.45631015946075903,132.5,2.8386925967267675,5.865821064898044,0.2555685814771395,408.445,0,15
1126,23.0,0.7011925465289518,1.4023850930579036,15929.467826265685,0.4838709677419355,1.6744408397058488,15929.467826265685,1261.2329723881649,0.7671733081517789,138.5,1.9041604286653584,2.7156027799943776,0.25806451612903225,408.445,0,15
1127,24.0,0.3888134020722395,0.777626804144479,16949.442257164897,-0.8228070175438597,1.142408616082586,16949.442257164897,1019.9744308992122,0.5193459256551989,144.5,3.5352275767287322,9.092350103898696,0.08421052631578947,408.445,0,15
1128,25.0,0.27705239666095366,0.5541047933219073,17480.310449186018,0.013059701492537313,0.7822879237812655,17480.310449186018,530.8681920211202,0.3284382943769883,150.45944444444444,1.334722261316207,4.817580636018068,0.12126865671641791,408.445,0,15
1129,26.0,0.18059399472707555,0.3611879894541511,17935.54855101522,0.067853170189099,1.3170596092087563,17935.54855101522,455.2381018292035,0.17085429118352427,156.5,0.47567756028846536,2.6339611181830147,0.035595105672969966,408.445,0,15
1130,27.0,1.8815650628087792,3.7631301256175584,20359.59782056307,-0.20588235294117646,1.3722169397661395,20359.59782056307,2424.0492695478497,1.3404938280132481,162.36666666666667,15.4642678111562,8.218832352292571,0.22875816993464052,408.445,0,15
1131,28.0,0.3526388182544346,0.7052776365088692,20917.99404448587,0.014457831325301205,1.3532366480669564,20917.99404448587,558.3962239227985,0.2979216946378153,168.29666666666665,0.8026869641792646,2.2762297360017607,0.23373493975903614,408.445,0,15
1132,29.0,0.3074463792274468,0.6148927584548936,21533.439079597916,0.6549935149156939,1.3538767481249845,21533.439079597916,615.4450351120468,0.32013426308024445,174.5,1.3168041187379884,4.2830366779627145,0.09208819714656291,408.445,0,15
1133,30.0,0.2650089015791529,0.5300178031583058,22012.08248228365,-0.004449388209121246,1.4733761928294165,22012.08248228365,478.64340268573505,0.3044830421483235,180.5,1.2251261262432536,4.622962168224876,0.07230255839822025,408.445,0,15
1134,31.0,0.38420086660679875,0.7684017332135975,22924.78296061924,-0.1674347158218126,1.3354428482656886,22924.78296061924,912.7004783355878,0.5266770550007682,186.5,4.011637213258668,10.44151005875862,0.11059907834101383,408.445,0,15
1135,32.0,0.546429449011202,1.092858898022404,24094.462918878162,-0.42028985507246375,1.3694884329636334,24094.462918878162,1169.6799582589229,0.6221832941917221,192.4988888888889,3.5231445761204703,6.447574490166697,0.40245261984392416,408.445,0,15
1136,33.0,0.6461590592473417,1.2923181184946835,25480.47885372277,0.015240328253223915,0.8204010056933361,25480.47885372277,1386.0159348446068,0.9201756870430143,198.5,7.526468711298101,11.648012364115228,0.08323563892145369,408.445,0,15
1137,34.0,0.4220804420007698,0.8441608840015395,26241.491165051666,0.3448275862068966,1.6777979434995174,26241.491165051666,761.0123113288973,0.5930911379278181,204.5,4.941281968964828,11.706967386458093,0.1067853170189099,408.445,0,15
1138,35.0,1.0793181163018615,2.158636232603723,28136.261385170634,-0.3684210526315789,1.2182801670847891,28136.261385170634,1894.7702201189677,1.6039603098908872,210.5,10.915442104201425,10.11327609472703,0.30778032036613273,408.445,0,15
1139,36.0,0.46553954911595385,0.9310790982319077,28973.099747657398,-0.021134593993325918,1.5717087498091367,28973.099747657398,836.8383624867638,0.49616796722429085,216.5,1.4943022351559654,3.209828763192305,0.3359288097886541,408.445,0,15
1140,37.0,0.5615801297264794,1.1231602594529588,29984.126931673654,0.042269187986651836,1.4761231723094603,29984.126931673654,1011.0271840162568,0.67864289051572,222.5,3.237983337728348,5.765843850823968,0.1946607341490545,408.445,0,15
1141,38.0,0.5890428190222552,1.1780856380445104,31169.77953973594,0.0011235955056179776,1.3502779458575176,31169.77953973594,1185.6526080622862,0.7737380869315041,228.5,7.2507608839484,12.309395259217059,0.12471910112359551,408.445,0,15
1142,39.0,0.3900411113113974,0.7800822226227948,31871.836594272118,-0.017797552836484983,1.5358813679332817,31871.836594272118,702.057054536177,0.5076356110723309,234.5,3.769641078840065,9.66472756209151,0.12124582869855395,408.445,0,15
1143,40.0,0.26802994272382413,0.5360598854476483,32354.005563315288,0.0,1.5741216506612499,32354.005563315288,482.16896904317036,0.2732026896536485,240.5,0.8940936486874004,3.3357976336571737,0.03670745272525028,408.445,0,15
1144,41.0,0.9231401636319819,1.8462803272639638,33046.850179206725,-0.10933333333333334,0.8077528153585308,33046.850179206725,692.8446158914376,1.5014677300278096,246.20888888888888,11.633201831814182,12.601771962823905,0.072,408.445,0,15
1145,42.0,0.7555774454523354,1.5111548909046708,34471.460171627245,0.03416856492027335,1.3080186119609374,34471.460171627245,1424.6099924205191,1.1922740928700086,252.5,9.727335823077468,12.874042074209987,0.1947608200455581,408.445,0,15
1146,43.0,0.257506601419932,0.515013202839864,34932.72583985829,-0.008928571428571428,1.5801818688922713,34932.72583985829,461.26566823104804,0.2702142552859437,258.49833333333333,0.434521513229982,1.687418927646755,0.10267857142857142,408.445,0,15
1147,44.0,0.17281459739843483,0.34562919479686965,36353.44510783684,-0.06204379562043796,0.9921151418405025,36353.44510783684,1420.719267978544,0.1824745514234321,264.5,0.3653064053793706,2.113863127760752,0.051094890510948905,408.445,0,15
1148,45.0,0.42763826990404685,0.8552765398080937,37122.37539013786,0.025583982202447165,1.4250594925320894,37122.37539013786,768.9302823010221,0.6225406013839178,270.5,4.742194045543958,11.089264874745677,0.07897664071190211,408.445,0,15
1149,46.0,0.47938041417139043,0.9587608283427809,37984.12545488896,-0.013348164627363738,1.6310240897788049,37984.12545488896,861.7500647511042,0.40958315441389576,276.5,1.8612792157196327,3.8826768067628628,0.10901001112347053,408.445,0,15
1150,47.0,0.584035300317473,1.168070600634946,39044.10280831107,0.012235817575083427,1.6793806862684253,39044.10280831107,1059.9773534221094,0.8773769407670742,282.5,6.645834146343262,11.379165168151111,0.15239154616240266,408.445,0,15
1151,48.0,0.286826633142339,0.573653266284678,39551.782037789046,0.0896551724137931,1.560895791395247,39551.782037789046,507.6792294779734,0.3411726336934103,288.5,2.042062867682755,7.119502276726764,0.07241379310344828,408.445,0,15
1152,49.0,0.28963438767951766,0.5792687753590353,40073.3147309264,-0.11036036036036036,1.334976725465759,40073.3147309264,521.5326931373565,0.3877864650005963,294.5,2.740569216229599,9.462167935880792,0.06981981981981981,408.445,0,15
1153,50.0,0.35360307401890534,0.7072061480378107,40709.06518370715,0.018909899888765295,1.46449391143862,40709.06518370715,635.7504527807469,0.4827379782587544,300.5,2.9424880438123133,8.32144361860099,0.08565072302558398,408.445,0,15
1154,51.0,0.18653785606236853,0.37307571212473706,40814.87953293844,0.028169014084507043,1.4996440180211874,40814.87953293844,105.81434923128836,0.18011506039765002,306.15833333333336,0.27204000829182223,1.4583635409686828,0.007042253521126761,408.445,0,15
1155,53.0,0.10218227943199763,0.20436455886399527,41485.47695543994,-0.16037735849056603,0.5288628768863662,41485.47695543994,670.5974225015016,0.1467692179330612,318.13722222222225,0.4060283352696893,3.9735689742554765,0.0,408.445,0,15
1156,54.0,0.09631381838945706,0.19262763677891412,42113.08453709222,0.1,0.31090318408489426,42113.08453709222,627.6075816522789,0.12855859406808554,324.5,0.4081762281785929,4.237981994733932,0.041666666666666664,408.445,0,15
1157,55.0,0.10941596574376879,0.21883193148753757,42309.80758888243,-0.0055617352614015575,1.2278762128611984,42309.80758888243,196.7230517902135,0.13950625661128602,330.5,0.47590713955602476,4.349521903142619,0.008898776418242492,408.445,0,15
1158,56.0,0.1413095835759177,0.2826191671518354,42563.686350247226,-0.0011123470522803114,1.2598356538613056,42563.686350247226,253.87876136479463,0.18762359955012442,336.5,0.9999916729425992,7.076601937655275,0.02224694104560623,408.445,0,15
1159,57.0,0.08726212693223918,0.17452425386447837,42719.88029709368,-0.02011173184357542,1.181822867754558,42719.88029709368,156.19394684645522,0.1080660421760742,342.4977777777778,0.17019684532284848,1.9504090870373787,0.0067039106145251395,408.445,0,15
1160,59.0,0.2537207109926204,0.5074414219852408,42885.87181579529,2.25,1.181106862452971,42885.87181579529,165.99151870160858,0.1772483792153357,354.5,0.12032906233351937,0.47425794237593477,0.0,408.445,0,15
1161,60.0,0.4050090622694745,0.810018124538949,42951.00872049036,8.2,0.5887130028178686,42951.00872049036,65.13690469507128,0.37035671297747863,360.5,0.7569677287108688,1.8690142992583636,0.0,408.445,0,15
1162,61.0,0.0860280865870668,0.1720561731741336,43105.83684214272,-0.08565072302558398,1.1295688256123795,43105.83684214272,154.828121652361,0.09493394856198749,366.5,0.16645409062490482,1.934880772414262,0.0,408.445,0,15
1163,62.0,0.06400044136473136,0.12800088272946272,43221.15666058988,-0.014460511679644048,1.0105647708701078,43221.15666058988,115.31981844715483,0.0773064275060631,372.5,0.1410392635726328,2.2037232957326935,0.0,408.445,0,15
1164,63.0,0.024550926750872573,0.049101853501745146,43265.29922688792,0.0055617352614015575,0.6664609917986541,43265.29922688792,44.14256629804004,0.031686176745080195,378.5,0.11569215947152434,4.712333699069526,0.0011123470522803114,408.445,0,15
1165,64.0,0.3359718082603624,0.6719436165207248,43629.84738179225,-0.012605042016806723,1.0006312087522375,43629.84738179225,364.5481549043325,0.34422688744528157,384.49055555555555,0.5821471574005993,1.732726208234301,0.18907563025210083,408.445,0,15
1166,65.0,0.31464778940418664,0.6292955788083733,43917.82965064539,0.0,1.0324003017337957,43917.82965064539,287.98226885314216,0.31338290755578874,390.4638888888889,0.5912450159146994,1.879069346186331,0.18487394957983194,408.445,0,15
1167,66.0,0.3074090447429658,0.6148180894859316,44296.15787147478,0.03296703296703297,1.1666052326536307,44296.15787147478,378.32822082938947,0.2969535182820085,396.5,0.7793294816517046,2.5351546904006224,0.08974358974358974,408.445,0,15
1168,67.0,0.35027034482238584,0.7005406896447717,44633.35000882332,-0.008791208791208791,1.084455656711335,44633.35000882332,337.1921373485384,0.33097328126101266,402.5,0.5670184770680295,1.618802406340028,0.2021978021978022,408.445,0,15
1169,68.0,0.28981965480349897,0.5796393096069979,44845.744608968795,0.021052631578947368,0.9833437788691921,44845.744608968795,212.39460014547512,0.27309753231167916,408.4977777777778,0.4269176799187692,1.4730459885759792,0.14210526315789473,408.445,0,15
1170,69.0,0.4409829632661628,0.8819659265323256,44943.92075289097,0.35353535353535354,1.3733448268996977,44943.92075289097,98.17614392217365,0.3626036476015888,414.5,0.4826177132913466,1.0944135113901314,0.36363636363636365,408.445,0,15
1171,70.0,0.34557517464609794,0.6911503492921959,44949.25072073225,-9.5,0.5936037466832402,44949.25072073225,5.32996784128045,0.34387831873797253,420.00388888888887,0.4378871214058494,1.2671255157558343,0.6666666666666666,408.445,0,15
1172,71.0,0.36327868711099026,0.7265573742219805,45281.58246098405,0.42857142857142855,0.498938672992681,45281.58246098405,332.3317402518005,0.3494224771591112,426.0411111111111,0.7157435452198393,1.9702326908078773,0.35714285714285715,408.445,0,15
1173,0.0,0.12217519809576263,0.24435039619152527,218.6933012161445,-0.17130144605116795,1.4988962592620614,218.6933012161445,218.6933012161445,0.1310254464194782,0.5,0.19154609902112732,1.5677985549161197,0.0,354.4972222222222,0,16
1174,1.0,2.2148613685733074,4.429722737146615,4473.4802903441805,0.4582869855394883,1.571409201698508,4473.4802903441805,4254.786989128036,2.001796572978126,6.5,9.932905387969816,4.484662349033633,0.6017797552836485,354.4972222222222,0,16
1175,2.0,0.5250531267661523,1.0501062535323047,5470.741785834503,-0.40155728587319245,1.7534596117598056,5470.741785834503,997.2614954903229,0.42089815398072067,12.5,0.4823356382167964,0.9186415881142226,0.13125695216907676,354.4972222222222,0,16
1176,3.0,0.9020967064714367,1.8041934129428734,7106.27837197514,-0.028921023359288096,1.6427151851893673,7106.27837197514,1635.5365861406362,0.6592776630022843,18.5,5.855587929193933,6.491086695237081,0.1446051167964405,354.4972222222222,0,16
1177,4.0,0.3971248662638153,0.7942497325276306,7944.066965261124,-0.013348164627363738,1.472305522193487,7944.066965261124,837.7885932859845,0.32701791879345443,24.5,0.49029221732065387,1.234604677197288,0.034482758620689655,354.4972222222222,0,16
1178,5.0,2.391640159878804,4.783280319757608,12342.283209220703,0.02905027932960894,0.9668949432341669,12342.283209220703,4398.216243959579,1.4086510934391576,30.499444444444446,3.5525698888630464,1.485411538265469,0.870391061452514,354.4972222222222,0,16
1179,6.0,0.4096476773125268,0.8192953546250537,13359.992578026096,0.013363028953229399,1.5316371991576114,13359.992578026096,1017.7093688053938,0.34462809133775296,36.5,0.4108333363804703,1.002894338558739,0.06347438752783964,354.4972222222222,0,16
1180,7.0,0.6759316403385166,1.3518632806770332,14709.134781671835,-0.03114571746384872,1.5311740090441912,14709.134781671835,1349.1422036457388,0.5824069095733088,42.5,1.0260479385379524,1.517975897716657,0.26918798665183535,354.4972222222222,0,16
1181,8.0,0.4196053063694923,0.8392106127389846,15502.242869057573,0.020022246941045607,1.69025158589921,15502.242869057573,793.1080873857372,0.3374983659149616,48.5,0.4696013206074641,1.1191501000560435,0.10233592880978866,354.4972222222222,0,16
1182,9.0,0.5007522769572911,1.0015045539145822,16530.61536789667,-0.017797552836484983,1.7114528557834876,16530.61536789667,1028.3724988390968,0.3673289889850393,54.5,0.46619190965762464,0.9309831050401512,0.14238042269187987,354.4972222222222,0,16
1183,10.0,1.4793126485027648,2.9586252970055296,19288.01685301264,0.185761957730812,1.2893968707239158,19288.01685301264,2757.40148511597,1.1110048123539804,60.5,4.51548138415191,3.052418559877858,0.48164627363737483,354.4972222222222,0,16
1184,11.0,1.404485954831866,2.808971909663732,22092.48715509495,-0.10233592880978866,1.31670420069711,22092.48715509495,2804.470302082311,1.0260718319788893,66.5,1.7117471851028585,1.2187713086157386,0.6729699666295884,354.4972222222222,0,16
1185,12.0,2.12160285971786,4.24320571943572,25831.503965076183,0.18949771689497716,1.1496904142548483,25831.503965076183,3739.0168099812327,2.1875515575865405,72.5,12.083320403390646,5.695373357951421,0.6381278538812786,354.4972222222222,0,16
1186,13.0,1.4919923575364045,2.983984715072809,28518.493930052835,-0.18909899888765294,1.2538214553941687,28518.493930052835,2686.989964976652,1.1765083742753144,78.5,4.7117881597835956,3.1580511361088712,0.7452725250278087,354.4972222222222,0,16
1187,14.0,1.5251563148881782,3.0503126297763563,31261.07941394269,-0.030033370411568408,1.3926651562542314,31261.07941394269,2742.585483889856,1.3485504330734734,84.5,2.8017508684254633,1.8370253862345138,0.6585094549499444,354.4972222222222,0,16
1188,15.0,0.6633211718617007,1.3266423437234014,32453.814253801796,-0.011123470522803115,1.5272222872656893,32453.814253801796,1192.7348398591057,0.6028704844925549,90.5,1.0475498391953446,1.5792498168801912,0.2914349276974416,354.4972222222222,0,16
1189,16.0,1.043364548442875,2.08672909688575,34328.655675255155,-0.01668520578420467,1.416379118484793,34328.655675255155,1874.8414214533586,0.8885291256661161,96.5,4.278899978541525,4.10105938995856,0.3604004449388209,354.4972222222222,0,16
1190,17.0,0.5973053363240348,1.1946106726480696,35402.890098768235,0.3025583982202447,1.4958040114136142,35402.890098768235,1074.2344235130804,0.6443894301391002,102.5,2.300952043323196,3.852220804662194,0.1446051167964405,354.4972222222222,0,16
1191,18.0,1.153066989584381,2.306133979168762,37475.922188812154,-0.23915461624026696,1.2430651086864617,37475.922188812154,2073.0320900439183,0.941193381667438,108.5,2.4933138054880413,2.1623321350884805,0.5205784204671857,354.4972222222222,0,16
1192,19.0,0.8500350595956846,1.7000701191913692,39008.053827777985,0.006674082313681869,1.659153480373108,39008.053827777985,1532.1316389658314,0.8160023649885639,114.5,4.342221389992574,5.108285053628179,0.22580645161290322,354.4972222222222,0,16
1193,20.0,0.5341409403365526,1.0682818806731051,39971.88076719844,0.025583982202447165,1.4268505582447089,39971.88076719844,963.8269394204544,0.5358929294009842,120.5,0.7185565448797658,1.3452564494064363,0.12903225806451613,354.4972222222222,0,16
1194,21.0,0.5673266226540984,1.1346532453081968,40993.48142153771,-0.10233592880978866,1.882334898694538,40993.48142153771,1021.6006543392723,0.49574077823979673,126.5,3.6213152473153696,6.383122354410119,0.06229143492769744,354.4972222222222,0,16
1195,22.0,0.9904304814887372,1.9808609629774745,42775.57042518853,0.013348164627363738,1.615878551058688,42775.57042518853,1782.0890036508208,0.9265715742398671,132.5,3.1509950545382237,3.181439902578418,0.15127919911012236,354.4972222222222,0,16
1196,23.0,2.0193134335610874,4.038626867122175,46421.4157779188,0.522595596755504,1.0022432402773138,46421.4157779188,3645.84535273027,1.5976949475618882,138.5,4.389762724792749,2.173888734574177,0.8794901506373117,354.4972222222222,0,16
1197,24.0,0.6304973277013689,1.2609946554027378,47555.837034751334,0.43270300333704115,1.3054160039413614,47555.837034751334,1134.421256832531,0.4983777293312974,144.5,0.7381200617977327,1.170694988492225,0.21802002224694106,354.4972222222222,0,16
1198,25.0,0.5073967022272046,1.0147934044544091,48469.196673812345,0.011123470522803115,1.4877989734941373,48469.196673812345,913.359639061011,0.5382537103514767,150.5,3.2194058688103815,6.344948350430508,0.03781979977753059,354.4972222222222,0,16
1199,26.0,0.6933775349974245,1.386755069994849,49716.470136983204,-0.06674082313681869,1.5007392683104868,49716.470136983204,1247.273463170859,0.6372582720000277,156.5,2.3666574562877085,3.4132306526148115,0.1657397107897664,354.4972222222222,0,16
1200,27.0,0.35625269445625496,0.7125053889125099,50357.21770074603,0.0389321468298109,1.736790209612416,50357.21770074603,640.7475637628231,0.36346219826374104,162.5,1.9052975148000726,5.348163100094189,0.02335928809788654,354.4972222222222,0,16
1201,28.0,0.5805258002194394,1.161051600438879,51404.72446155046,-0.14794215795328142,1.443419189398927,51404.72446155046,1047.5067608044337,0.5362082836979517,168.5,2.0368951911756468,3.5087074345458857,0.10789766407119021,354.4972222222222,0,16
1202,29.0,0.5106509622292067,1.0213019244584134,52323.238295187155,0.06340378197997776,1.5140032721906007,52323.238295187155,918.5138336366945,0.49515272031276253,174.5,2.6365458633330565,5.163107598629448,0.07230255839822025,354.4972222222222,0,16
1203,30.0,0.5828153687374897,1.1656307374749795,53371.98327794124,-0.08231368186874305,1.8469286589684337,53371.98327794124,1048.744982754084,0.5462332094954423,180.5,2.233622659000918,3.832470416556535,0.14905450500556172,354.4972222222222,0,16
1204,31.0,0.5919172349541475,1.183834469908295,54436.18459804549,0.12347052280311457,1.8386081448982512,54436.18459804549,1064.20132010425,0.5766035569049962,186.5,2.8050168311945805,4.738866627885686,0.13459399332591768,354.4972222222222,0,16
1205,32.0,0.7610327099552203,1.5220654199104406,55804.63250106939,-0.07675194660734148,1.4064112834093023,55804.63250106939,1368.4479030239017,0.6721633549927494,192.5,1.2890495528635049,1.6938162262951266,0.3870967741935484,354.4972222222222,0,16
1206,33.0,0.5363077751813426,1.0726155503626853,56769.1936783315,-0.15795328142380421,1.7502891004791363,56769.1936783315,964.5611772621123,0.4589863020898424,198.5,1.3075002945991674,2.43796632289558,0.1167964404894327,354.4972222222222,0,16
1207,34.0,0.7838774011731366,1.5677548023462733,58160.17840125064,-0.7299528301886793,1.6454645763562523,58160.17840125064,1390.9847229191364,0.6883863994822158,204.48444444444445,2.1092791595562272,2.690827872317174,0.21108490566037735,354.4972222222222,0,16
1208,35.0,0.6989141421914824,1.3978282843829648,59571.72877351611,0.14131736526946106,1.4778045965727606,59571.72877351611,1411.5503722654685,0.7233060868073861,210.5,4.282577275643212,6.127472628061243,0.2155688622754491,354.4972222222222,0,16
1209,36.0,0.37597600286159566,0.7519520057231913,60247.654929226286,-0.06896551724137931,1.8975065506318205,60247.654929226286,675.9261557101781,0.38293519497232414,216.5,2.4599036433547097,6.542714494095651,0.06674082313681869,354.4972222222222,0,16
1210,37.0,0.44333069379374673,0.8866613875874935,61044.87689321474,-0.04004449388209121,1.5880637141811214,61044.87689321474,797.221963988457,0.4554853251801451,222.5,2.6036881064524575,5.873015658292737,0.05005561735261402,354.4972222222222,0,16
1211,38.0,0.15522427484397236,0.3104485496879447,61324.330656768965,-0.014460511679644048,1.4850249318972824,61324.330656768965,279.45376355422195,0.22615898425128259,228.5,2.099626334668745,13.526404531631654,0.011123470522803115,354.4972222222222,0,16
1212,39.0,0.352933301748568,0.705866603497136,61959.17883664005,0.0055617352614015575,1.613351505905341,61959.17883664005,634.8481798710854,0.30952413143070445,234.5,0.8071863373068126,2.287078984351149,0.028921023359288096,354.4972222222222,0,16
1213,40.0,0.246477696696719,0.492955393393438,62402.35122033238,0.11123470522803114,1.5180318538712732,62402.35122033238,443.17238369232655,0.29247652276142144,240.5,1.9817811900539741,8.040407779745188,0.011123470522803115,354.4972222222222,0,16
1214,41.0,0.7312563744916241,1.4625127489832481,63717.49498408043,0.017797552836484983,1.6851761938143228,63717.49498408043,1315.1437637480558,0.5608002967388038,246.5,5.397662804730768,7.381354875002999,0.1067853170189099,354.4972222222222,0,16
1215,42.0,0.22284283866719218,0.44568567733438436,64120.620275534224,-0.08793686583990981,1.4486500102624096,64120.620275534224,403.12529145379085,0.3509597722645897,252.5,1.7191676120459267,7.71470881598956,0.013528748590755355,354.4972222222222,0,16
1216,43.0,0.3432270913944739,0.6864541827889478,64738.2660810448,0.02224694104560623,1.9892025877379766,64738.2660810448,617.6458055105759,0.34129115992813425,258.5,1.6937383754232145,4.934745589405081,0.028921023359288096,354.4972222222222,0,16
1217,44.0,0.24376620044919065,0.4875324008983813,65249.21708059154,-0.048943270300333706,1.4433945538451172,65249.21708059154,510.9509995467379,0.3870968333310653,264.5,3.057201272202263,12.541530641117287,0.03337041156840934,354.4972222222222,0,16
1218,45.0,0.2724706120001729,0.5449412240003458,65739.59267415953,-0.01668520578420467,1.8482948933648553,65739.59267415953,490.37559356799466,0.2614251766109097,270.5,1.0635167418686489,3.903234679371491,0.03225806451612903,354.4972222222222,0,16
1219,46.0,0.26604077319770414,0.5320815463954083,66217.98719211099,0.013348164627363738,1.7221900174469522,66217.98719211099,478.3945179514558,0.3729401189240266,276.5,3.685265844765169,13.852259563335881,0.011123470522803115,354.4972222222222,0,16
1220,47.0,0.2210765763207527,0.4421531526415054,66616.05994379814,-0.012235817575083427,1.6184248113142663,66616.05994379814,398.0727516871557,0.26962556580805375,282.5,1.9293357548167196,8.727002140731138,0.012235817575083427,354.4972222222222,0,16
1221,48.0,0.15518403981819126,0.3103680796363825,66893.92244229994,0.0011173184357541898,1.6137989546449012,66893.92244229994,277.8624985017959,0.15034344043423373,288.4977777777778,0.27066640099215267,1.7441639057035563,0.008938547486033519,354.4972222222222,0,16
1222,49.0,0.2653637127056078,0.5307274254112156,67454.64350100902,0.017195767195767195,1.5734618778599407,67454.64350100902,560.7210587090813,0.30072936192268157,294.5,1.6364471153298632,6.166808184302589,0.046296296296296294,354.4972222222222,0,16
1223,50.0,0.31149196951633357,0.6229839390326671,68014.70606219927,-0.004449388209121246,1.6922568586070503,68014.70606219927,560.0625611902506,0.3678970922522594,300.5,2.724558428939866,8.746801508784962,0.05672969966629588,354.4972222222222,0,16
1224,51.0,0.31816672507912075,0.6363334501582415,68586.85118396017,0.01668520578420467,1.6915265677920672,68586.85118396017,572.1451217608992,0.32832616416328664,306.5,1.950199628058263,6.129489586232794,0.03670745272525028,354.4972222222222,0,16
1225,52.0,0.3599974961442034,0.7199949922884068,69233.97698195404,-0.01668520578420467,1.74140636817679,69233.97698195404,647.1257979938673,0.43689108588040826,312.5,2.897256025150159,8.047989378208374,0.04671857619577308,354.4972222222222,0,16
1226,53.0,0.23600733371032834,0.4720146674206567,69658.45291042404,0.09566184649610679,1.3118872632291525,69658.45291042404,424.4759284699976,0.23896014594622902,318.5,0.7346993760776525,3.113036211745059,0.034482758620689655,354.4972222222222,0,16
1227,54.0,0.23168871407028654,0.4633774281405731,70076.05840727167,-0.10122358175750834,1.0444311756173343,70076.05840727167,417.6054968476383,0.1717515552425541,324.5,0.4028259123966813,1.7386514229367145,0.035595105672969966,354.4972222222222,0,16
1228,55.0,0.1332971098620143,0.2665942197240286,70315.94529010178,0.002224694104560623,1.3110589894310363,70315.94529010178,239.8868828301056,0.1369840065362542,330.5,0.5581635268868744,4.18736405811552,0.02224694104560623,354.4972222222222,0,16
1229,56.0,0.06833849715309957,0.13667699430619915,70439.79962946748,-0.024471635150166853,1.4221271024427204,70439.79962946748,123.85433936570189,0.0702712271416224,336.5,0.11255156820725029,1.6469716615965322,0.002224694104560623,354.4972222222222,0,16
1230,57.0,0.06706453458492853,0.13412906916985706,70560.41575454999,0.0,1.4650111138482445,70560.41575454999,120.61612508250983,0.07982815996925412,342.5,0.13143132403977406,1.959773893209284,0.0,354.4972222222222,0,16
1231,58.0,0.344825218670041,0.689650437340082,71180.4224142287,-0.002224694104560623,1.2207108041311407,71180.4224142287,620.0066596787074,0.32023546354791377,348.5,1.3678941327147711,3.9669202211793335,0.11902113459399333,354.4972222222222,0,16
1232,59.0,0.04966436444686486,0.09932872889372972,71269.19749020206,-0.0011185682326621924,1.3079723391022002,71269.19749020206,88.7750759733608,0.053230418370616685,354.4972222222222,0.07986789780645144,1.6081530227151275,0.0,354.4972222222222,0,16
1233,0.0,3.4029069732628807,6.805813946525761,6118.312331669661,-0.012235817575083427,1.937237596990108,6118.312331669661,6118.312331669661,5.669613238742933,0.5,23.42871396063728,6.884911678373809,0.07119021134593993,282.1116666666667,0,17
1234,1.0,3.3690879312591595,6.738175862518319,12018.375207240624,0.03781979977753059,1.4641991068624773,12018.375207240624,5900.062875570963,3.583648157344113,6.5,16.258766593574478,4.825865909500896,0.40155728587319245,282.1116666666667,0,17
1235,2.0,7.449148132114945,14.89829626422989,25524.336476895496,-0.04671857619577308,1.7772422647068347,25524.336476895496,13505.961269654872,8.551986376672033,12.5,29.17982083891018,3.917202386284875,0.14349276974416017,282.1116666666667,0,17
1236,3.0,0.20308787817246096,0.4061757563449219,25908.8566834004,-0.006674082313681869,1.7339541974887531,25908.8566834004,384.5202065049052,0.17925134825820568,18.5,0.24397792250352243,1.2013416295399861,0.012235817575083427,282.1116666666667,0,17
1237,4.0,0.6233835296734558,1.2467670593469116,27330.91685870439,0.006674082313681869,1.628330152230482,27330.91685870439,1422.0601753039882,0.7267169753474451,24.5,7.071390971036255,11.343564009046615,0.03670745272525028,282.1116666666667,0,17
1238,5.0,0.36362351628422207,0.7272470325684441,28058.270366211233,-0.0055617352614015575,1.6859873702095187,28058.270366211233,727.353507506843,0.30258263343425423,30.5,0.38212006872763077,1.0508673163727702,0.054505005561735265,282.1116666666667,0,17
1239,6.0,0.40144886339402197,0.8028977267880439,28844.475359968255,0.034482758620689655,1.7875460661991602,28844.475359968255,786.2049937570227,0.34217636888194064,36.5,0.5772898236477269,1.4380158378506032,0.05228031145717464,282.1116666666667,0,17
1240,7.0,0.3358447133787949,0.6716894267575898,29587.62447370915,-0.027808676307007785,1.6106622146435658,29587.62447370915,743.1491137408957,0.27069162168183325,42.5,0.3097643483099179,0.9223439761594183,0.004449388209121246,282.1116666666667,0,17
1241,8.0,2.4381216254231464,4.876243250846293,34381.89753548487,0.14066496163682865,1.0824131014518334,34381.89753548487,4794.273061775722,1.4150297484689665,48.5,2.447185986101453,1.0037177639473722,0.8465473145780051,282.1116666666667,0,17
1242,9.0,1.8833419839600498,3.7666839679200996,37472.32337149018,-0.04456824512534819,1.4308455828536504,37472.32337149018,3090.4258360053063,1.469735103238579,54.5,11.318783493746878,6.0099459312998444,0.4805013927576602,282.1116666666667,0,17
1243,10.0,0.33711772195535067,0.6742354439107013,38158.18466707924,-0.08453837597330367,1.5539484649005422,38158.18466707924,685.8612955890567,0.30386555398107196,60.5,0.5832871013327204,1.7302178537204684,0.05784204671857619,282.1116666666667,0,17
1244,11.0,0.3355435077982438,0.6710870155964876,38830.05237758533,0.013348164627363738,1.4126726131583485,38830.05237758533,671.8677105060924,0.2942023656017015,66.5,1.9758111036006414,5.8883902018115055,0.013348164627363738,282.1116666666667,0,17
1245,12.0,0.3177711436293346,0.6355422872586692,39401.79328641078,-0.012235817575083427,1.8478022706021828,39401.79328641078,571.7409088254499,0.3138367812670738,72.5,0.4797577016007033,1.5097585517718328,0.05005561735261402,282.1116666666667,0,17
1246,13.0,0.5934382477081002,1.1868764954162003,40469.261335545154,-0.0055617352614015575,1.6388371240815502,40469.261335545154,1067.4680491343752,0.5241731856557106,78.5,5.961854113484961,10.046292325292574,0.07897664071190211,282.1116666666667,0,17
1247,14.0,1.5723067271333055,3.144613454266611,43195.68561088573,0.11943793911007025,1.4380084851936012,43195.68561088573,2726.424275340578,1.8198482154379556,84.5,4.7619082102611765,3.0286127560767255,0.4637002341920375,282.1116666666667,0,17
1248,15.0,0.2934323260719676,0.5868646521439352,43723.5760697111,-0.11234705228031146,1.8822652917221019,43723.5760697111,527.8904588253718,0.286155183675043,90.5,2.1644495381514144,7.376315919673276,0.01557285873192436,282.1116666666667,0,17
1249,16.0,0.5977672429919966,1.1955344859839931,44800.15470403729,0.01557285873192436,1.6517775194094135,44800.15470403729,1076.5786343261861,0.5630611753213005,96.5,3.101709348886545,5.188824555460081,0.1846496106785317,282.1116666666667,0,17
1250,17.0,0.692663275876293,1.385326551752586,46045.714569142365,-0.014460511679644048,1.4752738751787158,46045.714569142365,1245.559865105075,0.6841033423647117,102.5,2.2702644321207806,3.2775874096236066,0.3225806451612903,282.1116666666667,0,17
1251,18.0,0.5022929230406441,1.0045858460812882,46953.797423751384,0.028921023359288096,1.4770783044602096,46953.797423751384,908.0828546090197,0.49135150217637935,108.5,1.8304145546145447,3.644117746143186,0.1646273637374861,282.1116666666667,0,17
1252,19.0,0.4912509383707137,0.9825018767414274,47837.043791360506,0.04004449388209121,1.5471187959935377,47837.043791360506,883.2463676091211,0.46627587055027453,114.5,2.5914724271252574,5.275251861543823,0.10901001112347053,282.1116666666667,0,17
1253,20.0,0.37634891799460585,0.7526978359892117,48514.64488765638,-0.047830923248053395,1.6503261656485841,48514.64488765638,677.6010962958753,0.38659740390693786,120.5,1.5618084283634792,4.1498948281441965,0.024471635150166853,282.1116666666667,0,17
1254,21.0,0.526805887252824,1.053611774505648,49463.131269056554,-0.0055617352614015575,1.655702193298006,49463.131269056554,948.4863814001728,0.4749194011163843,126.5,1.2322054847755572,2.3390123660182236,0.21134593993325917,282.1116666666667,0,17
1255,22.0,0.35945750233182655,0.7189150046636531,50109.38184788223,-0.012235817575083427,1.908745216018205,50109.38184788223,646.2505788256749,0.32485949514492024,132.5,0.44257147644650074,1.2312205853974612,0.1167964404894327,282.1116666666667,0,17
1256,23.0,0.4945946468129122,0.9891892936258244,50998.71549124629,0.46273637374860954,1.537064192023369,50998.71549124629,889.3336433640579,0.4777795653060757,138.5,1.9989257421017415,4.041543423452913,0.06451612903225806,282.1116666666667,0,17
1257,24.0,1.032721711698452,2.065443423396904,52856.22634145835,0.2347052280311457,1.3661092974340197,52856.22634145835,1857.5108502120638,0.90181020226484,144.5,2.41923964697714,2.3425862161824504,0.660734149054505,282.1116666666667,0,17
1258,25.0,0.596119618900692,1.192239237801384,53928.038306782444,0.012235817575083427,1.4457711919477976,53928.038306782444,1071.8119653240938,0.5474802472013686,150.5,2.346320577623683,3.9359895283274655,0.22024471635150167,282.1116666666667,0,17
1259,26.0,0.9634580715893583,1.9269161431787165,55664.24334973251,-0.15127919911012236,1.1129499286040352,55664.24334973251,1736.2050429500669,0.7581198365001646,156.5,2.0169695511665164,2.0934689434271325,0.5628476084538376,282.1116666666667,0,17
1260,27.0,0.5630573777673378,1.1261147555346755,56677.46964523094,0.13236929922135707,1.943566678124275,56677.46964523094,1013.2262954984326,0.7071234515147327,162.5,6.333771311417578,11.248891430092886,0.034482758620689655,282.1116666666667,0,17
1261,28.0,0.5317460851077422,1.0634921702154845,57634.524762611545,-0.06562847608453838,1.8993576130297165,57634.524762611545,957.0551173806016,0.5365983982256447,168.5,2.3744418322058256,4.465367773652187,0.1446051167964405,282.1116666666667,0,17
1262,29.0,0.5468589663866177,1.0937179327732354,58617.78274878087,-0.03337041156840934,1.669649571683259,58617.78274878087,983.257986169323,0.592445350554755,174.5,4.163675997054347,7.613802192118976,0.11012235817575083,282.1116666666667,0,17
1263,30.0,0.5702211765832663,1.1404423531665326,59643.99443022482,0.09232480533926585,1.858640850803589,59643.99443022482,1026.2116814439505,0.6921765933836826,180.5,5.713190679472283,10.019253780972157,0.021134593993325918,282.1116666666667,0,17
1264,31.0,0.4519992325958327,0.9039984651916654,60456.5786982293,-0.067853170189099,1.7157972443992298,60456.5786982293,812.5842680044807,0.45241965765757103,186.5,2.5413381051301056,5.622438981887634,0.067853170189099,282.1116666666667,0,17
1265,32.0,0.5255384041978473,1.0510768083956945,61402.1293921633,-0.15350389321468297,1.5160040126763354,61402.1293921633,945.5506939339975,0.49079371211672485,192.5,1.922370085636626,3.6579060070230742,0.0867630700778643,282.1116666666667,0,17
1266,33.0,0.4619795690902896,0.9239591381805792,62232.20139961628,0.19911012235817574,1.7900669923619192,62232.20139961628,830.0720074529818,0.4806961398498462,198.5,3.0814765148446797,6.670157558942686,0.048943270300333706,282.1116666666667,0,17
1267,34.0,0.9254596877817816,1.8509193755635631,63895.69619362775,-0.12124582869855395,1.8463018620101126,63895.69619362775,1663.4947940114725,0.9529563393345694,204.5,4.282833066732936,4.6277899764584935,0.21579532814238042,282.1116666666667,0,17
1268,35.0,0.2667221333795765,0.533444266759153,64379.31021865924,-0.5205784204671857,1.9806768582729277,64379.31021865924,483.61402503148565,0.31769588761961776,210.5,2.6123455041260795,9.794258433020289,0.012235817575083427,282.1116666666667,0,17
1269,36.0,0.35470789362051863,0.7094157872410373,65017.9882460768,0.09010011123470522,2.093813769141844,65017.9882460768,638.6780274175617,0.3574550318395306,216.5,1.8836469166720913,5.310417249093689,0.018909899888765295,282.1116666666667,0,17
1270,37.0,0.41215470031825563,0.8243094006365113,65759.37198951392,-0.10901001112347053,1.5091157260968204,65759.37198951392,741.3837434371235,0.4068847465614526,222.5,2.2797645834936926,5.531332244260019,0.05228031145717464,282.1116666666667,0,17
1271,38.0,0.40990133465667633,0.8198026693133527,66497.07473015889,0.09899888765294772,1.797214236888247,66497.07473015889,737.7027406449633,0.4395698454888339,228.5,2.9928199192141727,7.301317820106362,0.04671857619577308,282.1116666666667,0,17
1272,39.0,1.3266810346767572,2.6533620693535145,68883.33075728141,-0.07675194660734148,1.8441047480156108,68883.33075728141,2386.256027122523,1.4650920488408774,234.5,4.278828686141383,3.2252128238072757,0.22246941045606228,282.1116666666667,0,17
1273,40.0,0.2773108569384684,0.5546217138769368,69382.03849504856,-0.0055617352614015575,1.9391362576555071,69382.03849504856,498.70773776715214,0.2805880849336426,240.5,1.7211594379672501,6.2066067552095605,0.02335928809788654,282.1116666666667,0,17
1274,41.0,0.40704200741437024,0.8140840148287405,70113.87266457826,0.048943270300333706,1.8945893089602728,70113.87266457826,731.8341695296986,0.41664640672266645,246.5,2.366760418794206,5.814536032358045,0.10233592880978866,282.1116666666667,0,17
1275,42.0,0.43756116075606377,0.8751223215121275,70901.33614431375,-0.05116796440489433,1.7977637730806806,70901.33614431375,787.4634797354956,0.41120654182685284,252.5,2.0386316764501555,4.659078225607582,0.06117908787541713,282.1116666666667,0,17
1276,43.0,0.3721609571679278,0.7443219143358556,71570.57762833303,0.002224694104560623,1.713708886241145,71570.57762833303,669.2414840192796,0.3471123762005405,258.5,1.4317653781429758,3.847167067277639,0.05228031145717464,282.1116666666667,0,17
1277,44.0,0.2714756051610756,0.5429512103221512,72058.86039438483,-0.002224694104560623,1.97403493478421,72058.86039438483,488.28276605179417,0.22344176032657861,264.5,1.0505765772508082,3.8698747043126245,0.020022246941045607,282.1116666666667,0,17
1278,45.0,0.7583212761605593,1.5166425523211187,73422.69140495174,-0.021134593993325918,2.0569429174236533,73422.69140495174,1363.831010566908,0.9541387797337246,270.5,3.072233953867492,4.051361936490106,0.17686318131256953,282.1116666666667,0,17
1279,46.0,0.18693630643337494,0.3738726128667499,73758.82168395186,0.004449388209121246,2.17156256860825,73758.82168395186,336.13027900012094,0.18565985049127917,276.5,1.0464356410831592,5.597819177282794,0.011123470522803115,282.1116666666667,0,17
1280,47.0,0.11069329212452844,0.22138658424905688,73957.8501003729,-0.006674082313681869,1.7335330843669345,73957.8501003729,199.02841642104613,0.12613543814228387,282.5,0.9523588844743713,8.603582621817594,0.012235817575083427,282.1116666666667,0,17
1281,48.0,0.2586727535758995,0.517345507151799,74423.30747557431,0.10122358175750834,1.7539174193724532,74423.30747557431,465.4573752014112,0.26622423818610874,288.5,1.0324669757569598,3.9914021151594326,0.06117908787541713,282.1116666666667,0,17
1282,49.0,0.1646046864779145,0.329209372955829,74719.29585044988,-0.09566184649610679,1.8622368080652079,74719.29585044988,295.9883748755674,0.15105967459627934,294.5,0.5547003227304249,3.3698938626808213,0.02224694104560623,282.1116666666667,0,17
1283,50.0,0.1100777422499319,0.2201554844998638,74917.11954576985,-0.010011123470522803,2.0746656915171995,74917.11954576985,197.82369531996665,0.0917174039491275,300.5,0.19788927357682948,1.7977228596088135,0.002224694104560623,282.1116666666667,0,17
1284,51.0,0.12721911469955974,0.2544382293991195,75145.80964686366,-0.0033370411568409346,2.034459499593594,75145.80964686366,228.69010109381634,0.10128172948975932,306.5,0.16370821448595513,1.2868208906544267,0.0,282.1116666666667,0,17
1285,52.0,0.08135161534553625,0.1627032306910725,75292.05081047912,0.011123470522803115,2.0415611171609465,75292.05081047912,146.24116361545748,0.06270863416675891,312.5,0.08013550434517211,0.9850511757486463,0.0,282.1116666666667,0,17
1286,53.0,0.09071937519519427,0.18143875039038854,75455.31630605085,-0.010011123470522803,1.9892265340913267,75455.31630605085,163.26549557172984,0.07485798726739334,318.5,0.09263318328153339,1.021095913438792,0.0,282.1116666666667,0,17
1287,54.0,0.10675444338766331,0.21350888677532662,75647.37283773975,0.00778642936596218,1.996741885463735,75647.37283773975,192.05653168889694,0.0849343353509595,324.5,0.0992196568944241,0.9294194578311112,0.0,282.1116666666667,0,17
1288,55.0,0.09806906079922602,0.19613812159845204,75823.88902579456,-0.006674082313681869,2.0152548916612663,75823.88902579456,176.5161880548112,0.08084651338629985,330.5,0.10522604780479859,1.0729790511629846,0.0,282.1116666666667,0,17
1289,56.0,0.11176074353683718,0.22352148707367436,76024.91107215779,0.006674082313681869,2.034590000825342,76024.91107215779,201.02204636322858,0.08823801343238213,336.5,0.12241728666778333,1.0953513979390597,0.0,282.1116666666667,0,17
1290,57.0,0.09832566588405074,0.19665133176810148,76201.94414777747,-0.010011123470522803,2.0905109233338592,76201.94414777747,177.03307561967813,0.07705142311727033,342.5,0.10609999278632953,1.0790671167327417,0.0,282.1116666666667,0,17
1291,58.0,0.10241077355050297,0.20482154710100595,76386.24524372986,0.0033370411568409346,2.0823167556644173,76386.24524372986,184.30109595239628,0.08068993581097587,348.5,0.13668075580394878,1.3346325885971935,0.0,282.1116666666667,0,17
1292,59.0,0.08218860112755855,0.1643772022551171,76534.05942223586,0.002224694104560623,1.6973332487855275,76534.05942223586,147.81417850599973,0.06863515282400656,354.5,0.09637210963340236,1.172572696350321,0.0,282.1116666666667,0,17
1293,60.0,0.054744602101951374,0.10948920420390275,76632.53818167184,-0.008898776418242492,1.3314755762737742,76632.53818167184,98.47875943598046,0.06096092271366252,360.5,0.09031001622770785,1.649660656214519,0.0,282.1116666666667,0,17
1294,61.0,0.049612971199714584,0.09922594239942917,76721.74230388881,0.0,1.2092407560088136,76721.74230388881,89.2041222169646,0.056456244250384396,366.5,0.08503737138334877,1.7140148901994803,0.0,282.1116666666667,0,17
1295,62.0,0.055708569428338434,0.11141713885667687,76821.90631172073,0.002224694104560623,1.2770440513439163,76821.90631172073,100.16400783191784,0.0619656956349496,372.5,0.08414548546922407,1.5104585583994559,0.0,282.1116666666667,0,17
1296,63.0,0.05168898685338541,0.10337797370677082,76914.89097479162,0.0055617352614015575,1.325843822340099,76914.89097479162,92.98466307089257,0.05504650480044653,378.5,0.07605940446214533,1.4714818202547872,0.0,282.1116666666667,0,17
1297,64.0,0.05740733694221228,0.11481467388442455,77018.13738421693,0.01557285873192436,1.2661632769139524,77018.13738421693,103.24640942530823,0.06387286770478413,384.5,0.08897441722596917,1.549878847638119,0.0,282.1116666666667,0,17
1298,65.0,0.07041175404733739,0.14082350809467478,77144.50237905124,-0.02335928809788654,1.3075926005438994,77144.50237905124,126.36499483430816,0.08050242496878027,390.5,0.11151237321203075,1.5837181550265267,0.0,282.1116666666667,0,17
1299,66.0,0.0638646847241357,0.1277293694482714,77259.33108218537,0.0011123470522803114,1.2632714361529045,77259.33108218537,114.8287031341315,0.06857781007689695,396.5,0.09621564759863507,1.506554804337323,0.0,282.1116666666667,0,17
1300,67.0,0.0744514317708126,0.1489028635416252,77393.30122912818,-0.0011123470522803114,1.3607150130348098,77393.30122912818,133.97014694281097,0.0827904432502081,402.5,0.11790303813197649,1.5836235157293286,0.0,282.1116666666667,0,17
1301,68.0,0.06486142851133476,0.12972285702266953,77509.99244217384,0.04560622914349277,1.3433730442454304,77509.99244217384,116.69121304566215,0.07502254356741897,408.5,0.10646476162068362,1.6414186992825563,0.0,282.1116666666667,0,17
1302,69.0,0.06361208416623798,0.12722416833247596,77624.69365210882,-0.03337041156840934,1.3952845857626157,77624.69365210882,114.7012099349813,0.06747843442012968,414.5,0.09598631292714165,1.5089320556814303,0.0,282.1116666666667,0,17
1303,70.0,0.06374115881429857,0.12748231762859713,77739.42168807582,-0.012235817575083427,1.293708297325555,77739.42168807582,114.72803596699669,0.07193004947879585,420.5,0.11896790251495298,1.8664220219395482,0.0,282.1116666666667,0,17
1304,71.0,0.06777830014659736,0.13555660029319472,77860.74973931148,0.0,1.3706800137753454,77860.74973931148,121.32805123565777,0.06810023197596958,426.49666666666667,0.12094954992952868,1.7844878031453648,0.0,282.1116666666667,0,17
1305,0.0,0.19861741635230323,0.39723483270460647,356.3943517323559,-0.19021134593993325,1.9255666261232425,356.3943517323559,356.3943517323559,0.1474193145250169,0.5,0.19807112661218648,0.997249537577572,0.0055617352614015575,318.445,0,18
1306,1.0,1.2356897869855887,2.4713795739711775,2702.781447110569,0.02335928809788654,1.4802505683271918,2702.781447110569,2346.387095378213,0.8484954513697416,6.5,1.496534046598307,1.211092025166799,0.7296996662958843,318.445,0,18
1307,2.0,0.3626689453340938,0.7253378906681875,3551.955541207008,0.0011123470522803114,1.863454825158327,3551.955541207008,849.1740940964391,0.2691655591872556,12.5,0.34739194736034057,0.9578761893724319,0.06229143492769744,318.445,0,18
1308,3.0,0.22854512795826376,0.4570902559165275,4148.846486444369,0.0,2.0734248010094496,4148.846486444369,596.8909452373605,0.18309397646357226,18.5,0.24974127874113147,1.092743831260925,0.011123470522803115,318.445,0,18
1309,4.0,0.317391734327017,0.634783468654034,4767.441412732943,-0.00778642936596218,1.8004446775178695,4767.441412732943,618.5949262885742,0.23072429605259137,24.5,0.3048160778425839,0.9603781222875953,0.058954393770856504,318.445,0,18
1310,5.0,0.355620239807019,0.711240479614038,5477.437030072216,0.05005561735261402,1.680931448653491,5477.437030072216,709.9956173392729,0.26192347745534134,30.5,0.33904671312424006,0.9533954347149286,0.09232480533926585,318.445,0,18
1311,6.0,0.25857054987148204,0.5171410997429641,5967.517280658909,-0.05672969966629588,1.9276067620466886,5967.517280658909,490.0802505866932,0.1926370571289635,36.5,0.2402573240130183,0.9291751289249066,0.008898776418242492,318.445,0,18
1312,7.0,1.0156255329367891,2.0312510658735783,7834.509383737283,0.030033370411568408,1.4587417337795825,7834.509383737283,1866.9921030783744,0.7058109804475992,42.5,1.7608900903491396,1.73379856378496,0.5461624026696329,318.445,0,18
1313,8.0,1.8460729854454536,3.6921459708909072,11240.409463295173,0.04449388209121246,1.383281321480493,11240.409463295173,3405.9000795578895,1.3262879169882698,48.5,2.3295444366318727,1.2618918401374897,0.8520578420467185,318.445,0,18
1314,9.0,0.3375208302125429,0.6750416604250858,11861.475239039413,-0.07341490545050056,2.2191424556026718,11861.475239039413,621.0657757442405,0.27679656085212967,54.5,0.3589480083778144,1.063484017125042,0.07007786429365963,318.445,0,18
1315,10.0,0.3577599875868124,0.7155199751736248,12588.624102345097,-0.0055617352614015575,1.7782464019881021,12588.624102345097,727.1488633056833,0.27332390013686464,60.5,0.5104099364987412,1.426682564312443,0.15906562847608455,318.445,0,18
1316,11.0,0.5771874259794464,1.1543748519588928,13654.937727991804,0.03225806451612903,1.4589756286869846,13654.937727991804,1066.3136256467078,0.4467102531629923,66.5,1.1486936947569346,1.99015717088376,0.3259176863181313,318.445,0,18
1317,12.0,1.1694092648407195,2.338818529681439,15796.416575880365,-0.013237063778580024,1.3661689909919672,15796.416575880365,2141.4788478885603,0.8635627639184486,72.5,1.8874272360911557,1.614000583746217,0.7509025270758123,318.445,0,18
1318,13.0,0.7269833712869452,1.4539667425738905,17102.573992849444,-0.002224694104560623,1.6732546012095522,17102.573992849444,1306.1574169690793,0.6164846277167534,78.5,1.6668899322552846,2.2928859147142058,0.3348164627363737,318.445,0,18
1319,14.0,0.5197650109404135,1.039530021880827,18038.116605730662,0.004449388209121246,1.8547767185033874,18038.116605730662,935.5426128812178,0.4833186788216185,84.5,2.4887156477069485,4.788155407390933,0.24582869855394884,318.445,0,18
1320,15.0,0.7444710247532976,1.4889420495065953,19379.072767984864,-0.013348164627363738,1.7721364664046344,19379.072767984864,1340.9561622542024,0.6753139412238833,90.5,3.3428636169808335,4.490253489836746,0.3281423804226919,318.445,0,18
1321,16.0,0.5952649001366788,1.1905298002733575,20449.15630008593,0.09788654060066741,1.6748610303581735,20449.15630008593,1070.0835321010672,0.5679996034927702,96.5,1.389250944587808,2.3338364890468464,0.2725250278086763,318.445,0,18
1322,17.0,0.6773223079265748,1.3546446158531495,21667.70764595612,-0.07007786429365963,1.7809303856568723,21667.70764595612,1218.5513458701898,0.6106313585529223,102.5,3.155559034938089,4.65887362339787,0.26140155728587317,318.445,0,18
1323,18.0,0.5990992631524613,1.1981985263049226,22902.593998454053,-0.013348164627363738,1.54441206719555,22902.593998454053,1234.8863524979315,0.5822659461273066,108.5,1.8191691192434496,3.036507021676139,0.303670745272525,318.445,0,18
1324,19.0,1.0854126893335865,2.170825378667173,24856.782598788785,-0.011123470522803115,1.676415717871554,24856.782598788785,1954.1886003347317,1.0166498448352892,114.5,3.671654177290034,3.3827264167552054,0.3770856507230256,318.445,0,18
1325,20.0,0.25964048808039975,0.5192809761607995,25323.671447034165,0.002224694104560623,2.139683684432969,25323.671447034165,466.88884824538036,0.3117627689597979,120.5,1.4242857350665534,5.485607216334889,0.060066740823136816,318.445,0,18
1326,21.0,0.6576388778609433,1.3152777557218867,26506.458124915865,0.018909899888765295,1.8088367425924712,26506.458124915865,1182.7866778817006,0.6015481495117984,126.5,3.434266993239295,5.222116740436178,0.14349276974416017,318.445,0,18
1327,22.0,0.40431889264526905,0.8086377852905381,27234.318711601438,-0.002224694104560623,1.8788835352807678,27234.318711601438,727.8605866855723,0.424241005438998,132.5,1.7787834067207895,4.399456565294397,0.041156840934371525,318.445,0,18
1328,23.0,0.33535420200085986,0.6707084040017197,27837.280726745055,0.7030033370411568,1.9860906669579854,27837.280726745055,602.9620151436175,0.40702815666826164,138.5,2.2368643993510413,6.670154678262555,0.0389321468298109,318.445,0,18
1329,24.0,0.6360809328330913,1.2721618656661826,28980.425750001556,0.06562847608453838,1.9869415429927526,28980.425750001556,1143.1450232565003,0.6433887356579401,144.5,3.836252469267874,6.031076033330043,0.1468298109010011,318.445,0,18
1330,25.0,1.0040478269725943,2.0080956539451886,30786.06122770546,0.26028921023359286,1.5918275606648367,30786.06122770546,1805.635477703905,1.0203331463300627,150.5,3.782382556526215,3.7671338505167205,0.3314794215795328,318.445,0,18
1331,26.0,0.7569228055065185,1.513845611013037,32122.110477776576,-0.675194660734149,1.8356502222424738,32122.110477776576,1336.0492500711152,1.0043682755439478,156.5,7.615667443239624,10.061352872230296,0.1457174638487208,318.445,0,18
1332,27.0,2.067273827826067,4.134547655652134,35840.75052775087,0.28698553948832034,1.6216400352066302,35840.75052775087,3718.640049974292,2.9394593176220356,162.5,19.147600361571147,9.26224678310113,0.21802002224694106,318.445,0,18
1333,28.0,0.6478997735882495,1.295799547176499,37007.413309103744,0.8331479421579533,1.5941030404364138,37007.413309103744,1166.6627813528758,0.7527471498528885,168.5,4.382601610767157,6.764320330743578,0.21134593993325917,318.445,0,18
1334,29.0,0.8677811594857696,1.7355623189715392,38568.708218028594,-0.6373748609566184,1.8795145604808605,38568.708218028594,1561.2949089248505,0.827782682722148,174.5,3.748293328997249,4.319399295576336,0.6384872080088988,318.445,0,18
1335,30.0,0.509753659478646,1.019507318957292,39485.00732471155,-0.0011123470522803114,1.526655633123186,39485.00732471155,916.2991066829563,0.4856060418763645,180.5,1.7723872719117741,3.476948598514222,0.1635150166852058,318.445,0,18
1336,31.0,0.9025344667436815,1.805068933487363,41108.862312146695,-0.3181312569521691,1.7739613785696067,41108.862312146695,1623.8549874351447,0.964058465157035,186.5,3.4996552839988255,3.877586300527094,0.24026696329254726,318.445,0,18
1337,32.0,0.8128873630887629,1.6257747261775257,42401.452698307134,0.9914040114613181,1.5785841234051765,42401.452698307134,1292.5903861604384,0.7989525936747747,192.5,4.868576859259224,5.989239198847777,0.11174785100286533,318.445,0,18
1338,33.0,0.6857151827618315,1.371430365523663,43636.901806423004,-0.5639599555061179,1.9913628601237445,43636.901806423004,1235.4491081158703,0.8330526233195767,198.5,4.2898315779494505,6.255996200450809,0.3047830923248053,318.445,0,18
1339,34.0,0.964127906384735,1.92825581276947,45370.89735984525,-0.05561735261401557,1.8565369952974369,45370.89735984525,1733.9955534222463,1.0297412517797189,204.5,3.484584161155516,3.6142343127707304,0.20800889877641823,318.445,0,18
1340,35.0,0.7756085864150976,1.5512171728301951,46765.82014115385,-0.6062291434927698,1.5108424650751036,46765.82014115385,1394.9227813085963,0.734735919422845,210.5,2.669734690183132,3.442115955062826,0.3781979977753059,318.445,0,18
1341,36.0,0.2005018664228332,0.4010037328456664,47126.55721910251,-0.0778642936596218,2.258835090026031,47126.55721910251,360.7370779486664,0.26466808372745676,216.5,2.701538015318287,13.47387963771411,0.011123470522803115,318.445,0,18
1342,37.0,0.49054031504654594,0.9810806300930919,48002.26650980666,-0.00563063063063063,1.5002460325917941,48002.26650980666,875.7092907041442,0.420858788634949,222.5,1.7940649570268943,3.6573241831441736,0.14076576576576577,318.445,0,18
1343,38.0,0.18860301387892106,0.3772060277578421,48341.4726633588,0.05005561735261402,1.9434913470429453,48341.4726633588,339.2061535521425,0.22775404067833188,228.5,1.9244398410526082,10.203653703477165,0.011123470522803115,318.445,0,18
1344,39.0,0.180698548856482,0.361397097712964,48666.53029429676,-0.03225806451612903,1.914540233314306,48666.53029429676,325.0576309379612,0.24118552204422417,234.5,2.4985474808339783,13.827158528087706,0.011123470522803115,318.445,0,18
1345,40.0,0.26853446520372765,0.5370689304074553,49149.54451136253,0.004449388209121246,1.7869934874895712,49149.54451136253,483.01421706577094,0.26779441047257235,240.5,1.480748113176281,5.514182740203904,0.05561735261401557,318.445,0,18
1346,41.0,0.40056656046598255,0.8011331209319651,49869.71764012543,0.042269187986651836,1.9938220995981097,49869.71764012543,720.1731287629009,0.3852081813765504,246.5,2.9506910607779258,7.366294024507091,0.058954393770856504,318.445,0,18
1347,42.0,0.3636528837658581,0.7273057675317162,50523.62122388104,-0.042269187986651836,1.8499901118131858,50523.62122388104,653.9035837556075,0.306909872595218,252.5,0.9597456863694187,2.639180738595109,0.14349276974416017,318.445,0,18
1348,43.0,0.2784781799128253,0.5569563598256506,51024.11413833991,-0.006688963210702341,2.0431574852569647,51024.11413833991,500.49291445886774,0.2195598812766372,258.49888888888887,2.2856872216157322,8.207778513674725,0.011148272017837236,318.445,0,18
1349,44.0,0.3304968135369982,0.6609936270739964,51517.15086106612,0.016194331983805668,1.756304345270856,51517.15086106612,493.0367227262104,0.4564388378965233,264.5,2.2081288261161864,6.681240894532838,0.06747638326585695,318.445,0,18
1350,45.0,0.27082856956992785,0.5416571391398557,52002.33274668845,-0.020089285714285716,1.7876526289837245,52002.33274668845,485.18188562233263,0.1940845927624002,270.49833333333333,0.29804569387136914,1.1004957650688838,0.041294642857142856,318.445,0,18
1351,46.0,0.5731912084611658,1.1463824169223316,52378.09216798115,0.22110552763819097,1.6760287041978534,52378.09216798115,375.7594212926997,0.809403363694584,276.5,4.517368989599311,7.881085618404713,0.035175879396984924,318.445,0,18
1352,47.0,0.3943498811530405,0.788699762306081,53033.5518417748,-0.08397932816537468,1.5302589201075831,53033.5518417748,655.4596737936517,0.3772797155415495,282.5,1.5043382159089578,3.8147297306402628,0.12919896640826872,318.445,0,18
1353,48.0,0.37120437832135117,0.7424087566427023,53701.12296321814,0.20244716351501668,1.5214264652249871,53701.12296321814,667.5711214433395,0.37814291262779726,288.5,2.3451803887270075,6.317760580659929,0.09010011123470522,318.445,0,18
1354,49.0,0.34722814479861475,0.6944562895972295,54326.63221394285,-0.16129032258064516,1.5082150320416872,54326.63221394285,625.50925072471,0.31273101853984475,294.5,1.5421232171510308,4.44123911109058,0.07119021134593993,318.445,0,18
1355,50.0,0.22935147270896117,0.45870294541792234,54739.69788071721,-0.03337041156840934,1.468726591042294,54739.69788071721,413.0656667743606,0.21411242231314423,300.5,1.037780677469657,4.524848544515621,0.04004449388209121,318.445,0,18
1356,51.0,0.5342953010241632,1.0685906020483265,55700.48846053463,-0.0011123470522803114,1.9599711027222688,55700.48846053463,960.7905798174179,0.5132885562934647,306.5,2.2344321296767635,4.182017182995424,0.17130144605116795,318.445,0,18
1357,52.0,0.37608474705555395,0.7521694941111079,56382.55336995902,-0.002224694104560623,1.749672386385249,56382.55336995902,682.0649094243927,0.371332780451772,312.5,1.5546663182028866,4.133819120224082,0.058954393770856504,318.445,0,18
1358,53.0,0.09631725773625173,0.19263451547250346,56555.871452143045,0.0,1.9745530328719603,56555.871452143045,173.31808218402148,0.07939839439709537,318.5,0.09512730396918159,0.9876454770927073,0.0,318.445,0,18
1359,54.0,0.11245533308437929,0.22491066616875857,56758.0338319142,-0.004449388209121246,1.912606822450635,56758.0338319142,202.16237977115816,0.09920283956193539,324.5,0.16664317354227276,1.4818610106933248,0.0,318.445,0,18
1360,55.0,0.11296996360960773,0.22593992721921546,56961.06702499202,0.0055617352614015575,1.7686034347665387,56961.06702499202,203.0331930778193,0.09239482704747823,330.5,0.10841404601631384,0.9596714255035271,0.0,318.445,0,18
1361,56.0,0.14506587868559503,0.29013175737119007,57222.395219485035,-0.0055617352614015575,1.759298022690276,57222.395219485035,261.32819449301314,0.1412982204921349,336.5,0.4485437282959443,3.0920002164539637,0.017797552836484983,318.445,0,18
1362,57.0,0.09707278510771462,0.19414557021542925,57396.941151668834,0.0033370411568409346,1.6881240823365447,57396.941151668834,174.54593218379887,0.08610552517056846,342.5,0.12790981216761305,1.3176691286407494,0.0,318.445,0,18
1363,58.0,0.10539827915521537,0.21079655831043073,57586.633266774465,-0.002224694104560623,1.7187307062159511,57586.633266774465,189.69211510563036,0.0925455181112018,348.5,0.14928775255029267,1.4164154647197154,0.0,318.445,0,18
1364,59.0,0.06892128817199858,0.13784257634399716,57710.15272842676,-0.0044742729306487695,1.635592161490717,57710.15272842676,123.5194616522931,0.0584967916304763,354.4972222222222,0.07861690822112762,1.1406767097117054,0.0,318.445,0,18
1365,0.0,0.8647298222934905,1.729459644586981,1554.0848454369032,-0.054505005561735265,1.3289050731513146,1554.0848454369032,1554.0848454369032,0.9441722290905503,0.5,4.33982330273009,5.018704329196996,0.1935483870967742,276.3338888888889,0,19
1366,1.0,1.0132214047724406,2.026442809544881,3277.2262118480976,0.09566184649610679,1.2833341906304554,3277.2262118480976,1723.1413664111944,1.026679263081798,6.5,6.147204214461218,6.066990082825796,0.3248053392658509,276.3338888888889,0,19
1367,2.0,0.5645480243947684,1.1290960487895367,3410.8957799793184,-0.5087719298245614,1.339784644236908,3410.8957799793184,133.66956813122079,0.671190909629044,12.063888888888888,2.6926596619633854,4.769584775095243,0.19298245614035087,276.3338888888889,0,19
1368,3.0,0.13506155703372713,0.27012311406745426,3826.4056873427794,-0.031180400890868598,1.391810053757453,3826.4056873427794,415.509907363461,0.12712214027306176,18.5,0.25403389255778225,1.8808748998380473,0.08908685968819599,276.3338888888889,0,19
1369,4.0,0.43951149679930485,0.8790229935986097,4635.10468920394,0.008898776418242492,1.2897054491477649,4635.10468920394,808.6990018611609,0.4523208735924508,24.5,2.6814673849814756,6.101017617306881,0.07341490545050056,276.3338888888889,0,19
1370,5.0,0.28771218313431535,0.5754243662686307,5231.86393780884,-0.008898776418242492,1.4144360745202882,5231.86393780884,596.7592486048998,0.25530671490507745,30.5,0.6794058635979316,2.3614080439574514,0.2135706340378198,276.3338888888889,0,19
1371,6.0,0.26563849642884285,0.5312769928576857,5796.687108660672,0.04004449388209121,1.4749789654764416,5796.687108660672,564.8231708518315,0.2194956574532151,36.5,0.2897990989622969,1.0909529411522099,0.21913236929922136,276.3338888888889,0,19
1372,7.0,0.272822902311441,0.545645804622882,6427.228413682823,-0.05521472392638037,1.1318334827841192,6427.228413682823,630.5413050221514,0.2326728710018468,42.5,0.5173160857065374,1.8961607743472912,0.19938650306748465,276.3338888888889,0,19
1373,8.0,0.28020988174688494,0.5604197634937699,6889.218766365249,0.02972972972972973,1.3559858936252926,6889.218766365249,461.9903526824264,0.27699949963253845,48.5,0.6500613666516459,2.3199087862249264,0.16486486486486487,276.3338888888889,0,19
1374,9.0,0.3596351594472367,0.7192703188944733,7637.943538622176,0.007741935483870968,1.2708667445367412,7637.943538622176,748.7247722569264,0.3232883705800246,54.5,0.9744882825989025,2.7096579881030043,0.33548387096774196,276.3338888888889,0,19
1375,10.0,0.24418922157351677,0.48837844314703355,8184.912048505153,0.010011123470522803,1.505247401383498,8184.912048505153,546.9685098829768,0.20306455562414952,60.5,0.7517081927889454,3.078384000510164,0.13125695216907676,276.3338888888889,0,19
1376,11.0,0.661824089000196,1.323648178000392,9383.362028729332,0.020022246941045607,1.3049992577491063,9383.362028729332,1198.4499802241799,0.5577365974667711,66.5,4.050312998606858,6.119923807435874,0.42046718576195774,276.3338888888889,0,19
1377,12.0,0.5975957190766358,1.1951914381532716,10457.855410391352,0.002224694104560623,1.702749094076208,10457.855410391352,1074.4933816620196,0.6120462956089765,72.5,1.7266317991165905,2.8892974698420937,0.4082313681868743,276.3338888888889,0,19
1378,13.0,0.44280918779056644,0.8856183755811329,11254.085079747241,0.0011123470522803114,1.8039245320197848,11254.085079747241,796.2296693558892,0.44354842308045034,78.5,0.9754636147534007,2.202898317491013,0.489432703003337,276.3338888888889,0,19
1379,14.0,0.8779810501720525,1.755962100344105,12833.614905844694,-0.018909899888765295,1.6225905208714693,12833.614905844694,1579.5298260974523,0.9336533228903623,84.5,5.49094905111366,6.254063285349533,0.7074527252502781,276.3338888888889,0,19
1380,15.0,0.7415168628424313,1.4830337256848627,14167.706486530764,0.03670745272525028,1.4295246782893187,14167.706486530764,1334.0915806860703,0.7563897517522767,90.5,1.660928339528069,2.2399063632366887,0.6562847608453838,276.3338888888889,0,19
1381,16.0,0.2007144439547463,0.4014288879094926,14753.082472053695,-0.04352678571428571,1.4625825346547814,14753.082472053695,585.3759855229309,0.20536908925536412,96.5,0.5146259087770595,2.5639704778450754,0.109375,276.3338888888889,0,19
1382,17.0,0.2789027153323394,0.5578054306646788,15255.717397286058,0.0389321468298109,1.4073480339947504,15255.717397286058,502.63492523236346,0.2983803810358801,102.5,1.086190697606829,3.894514602744288,0.11457174638487208,276.3338888888889,0,19
1383,18.0,0.31099670944731106,0.6219934188946221,15817.374021120979,-0.03337041156840934,1.7186130403532855,15817.374021120979,561.6566238349205,0.28616812315753076,108.5,1.5631491895678684,5.026256362473496,0.2324805339265851,276.3338888888889,0,19
1384,19.0,0.41944183139489255,0.8388836627897851,16571.9169841814,0.030033370411568408,1.339324463050588,16571.9169841814,754.5429630604212,0.39893960955602,114.5,1.1002871374394008,2.6232174644581687,0.41824249165739713,276.3338888888889,0,19
1385,20.0,0.4132437746222068,0.8264875492444136,17315.647874460126,-0.020022246941045607,1.3180311147110573,17315.647874460126,743.7308902787263,0.37596150040659054,120.5,2.1908940296163717,5.301698813537645,0.39488320355951056,276.3338888888889,0,19
1386,21.0,1.3959625292910742,2.7919250585821485,19417.017894771925,0.0,1.3472956771513593,19417.017894771925,2101.3700203117987,2.0398538222893787,126.5,10.761885693156795,7.709294101627579,0.5790273556231003,276.3338888888889,0,19
1387,22.0,0.36092980142881936,0.7218596028576387,20068.32097268078,-0.026726057906458798,1.6396994157972828,20068.32097268078,651.3030779088549,0.4438187468499248,132.49944444444444,0.6503793026233525,1.801955117168724,0.28619153674832964,276.3338888888889,0,19
1388,23.0,0.19901239951714966,0.3980247990342993,20613.107994878468,0.3918918918918919,0.9246158284687472,20613.107994878468,544.7870221976882,0.33478551900877573,138.5,3.61474720349686,18.163427064178297,0.009009009009009009,276.3338888888889,0,19
1389,24.0,0.5839273559159519,1.1678547118319038,21663.55573313644,0.26696329254727474,1.2754134379500308,21663.55573313644,1050.4477382579717,0.5334686888219229,144.5,1.7764765309553254,3.0422903002527324,0.38153503893214685,276.3338888888889,0,19
1390,25.0,0.9945557425396427,1.9891114850792855,23448.193929671306,-0.5484949832775919,1.3878292910366745,23448.193929671306,1784.6381965348664,0.8544189458742911,150.4988888888889,1.8570385558996172,1.867204095727793,0.8717948717948718,276.3338888888889,0,19
1391,26.0,0.5363362108735299,1.0726724217470598,24724.15424003226,0.6387176325524044,1.268069053841124,24724.15424003226,1275.9603103609552,0.47576995269403966,156.5,1.3395851963632792,2.497659433028956,0.3156596794081381,276.3338888888889,0,19
1392,27.0,0.2775072566665053,0.5550145133330106,25223.184009355882,-0.09010011123470522,1.6473803485661012,25223.184009355882,499.0297693236207,0.3477790159193992,162.5,2.439753931555373,8.791676156012564,0.07897664071190211,276.3338888888889,0,19
1393,28.0,0.6097842838191617,1.2195685676383234,26319.582352739446,0.04671857619577308,1.2465630966952892,26319.582352739446,1096.3983433835638,0.5543178781659592,168.5,1.754067570982748,2.8765378471166634,0.4838709677419355,276.3338888888889,0,19
1394,29.0,1.3371511226932085,2.674302245386417,29121.24175858276,0.1560364464692483,1.2350808025025852,29121.24175858276,2801.6594058433147,1.4436644793994946,174.5,8.100457348917018,6.057996894622928,0.7369020501138952,276.3338888888889,0,19
1395,30.0,0.5554377000161274,1.1108754000322547,30119.540334503923,0.060066740823136816,1.6878899737408477,30119.540334503923,998.2985759211624,0.5038332610727854,180.5,2.527407764096308,4.550299275729616,0.19577308120133483,276.3338888888889,0,19
1396,31.0,0.9732015046594193,1.9464030093188387,31869.88660020633,-0.22803114571746386,1.5244367758620543,31869.88660020633,1750.3462657024065,1.0361351199304083,186.5,4.802263017123918,4.934500197679528,0.6351501668520578,276.3338888888889,0,19
1397,32.0,0.2339507241577509,0.4679014483155018,32291.90436138431,0.12903225806451613,1.0767244209156581,32291.90436138431,422.01776117798,0.31020086523213086,192.5,2.514483247544676,10.747918206268011,0.07897664071190211,276.3338888888889,0,19
1398,33.0,0.23587729530496082,0.47175459060992164,32716.245743803618,-0.14015572858731926,1.524156663664484,32716.245743803618,424.3413824193085,0.3369592507286563,198.5,3.449960478901169,14.626081219223694,0.02335928809788654,276.3338888888889,0,19
1399,34.0,0.6266602846586582,1.2533205693173164,33854.469499343504,-0.0867630700778643,1.4468873373407471,33854.469499343504,1138.223755539886,0.7627899629803166,204.5,2.899400479475153,4.626750011857631,0.3559510567296997,276.3338888888889,0,19
1400,35.0,0.22053901313282043,0.44107802626564085,34251.258436675394,-0.4872080088987764,1.518622866716432,34251.258436675394,396.78893733189034,0.28822415955204933,210.5,2.118626207802368,9.606582425969313,0.09232480533926585,276.3338888888889,0,19
1401,36.0,0.19594764863697403,0.39189529727394806,34603.8856805726,-0.024471635150166853,1.8162296052540607,34603.8856805726,352.62724389720825,0.25369806369958714,216.5,1.9265366333967548,9.831894624905594,0.014460511679644048,276.3338888888889,0,19
1402,37.0,0.31766671501347543,0.6353334300269509,35175.39320722583,0.020022246941045607,1.704140682324429,35175.39320722583,571.5075266532294,0.3335217884133429,222.5,1.090173444594155,3.431815147985869,0.3414905450500556,276.3338888888889,0,19
1403,38.0,0.8141347000899083,1.6282694001798166,36639.15946801418,0.028921023359288096,1.8010059522335988,36639.15946801418,1463.7662607883467,1.0101609034772272,228.5,2.978842813234848,3.6589065825420315,0.28476084538375973,276.3338888888889,0,19
1404,39.0,0.3239007781691814,0.6478015563383628,37221.97774745936,-0.03114571746384872,1.8318208748865497,37221.97774745936,582.8182794451786,0.4357221453447632,234.5,3.711670687525049,11.459283020266014,0.12569521690767518,276.3338888888889,0,19
1405,40.0,0.8180557530838566,1.6361115061677132,38694.39352868858,0.006674082313681869,1.3618914195668415,38694.39352868858,1472.415781229225,0.8962890413179294,240.5,4.117807321601461,5.033651198073484,0.7897664071190211,276.3338888888889,0,19
1406,41.0,0.09355963732203444,0.18711927464406888,38862.69379067855,0.011123470522803115,1.3767248983738245,38862.69379067855,168.30026198997075,0.10660044691516328,246.5,0.1823162179112534,1.9486631535746206,0.021134593993325918,276.3338888888889,0,19
1407,42.0,0.1321397709557966,0.2642795419115932,39137.39266788153,-0.1134020618556701,1.0987771994584157,39137.39266788153,274.69887720297993,0.12988281707083835,252.5,0.28245998765127783,2.1375849648306593,0.06804123711340206,276.3338888888889,0,19
1408,43.0,0.051527089450711404,0.10305417890142281,39230.06524790177,-0.0011123470522803114,0.8794428360748022,39230.06524790177,92.67258002024028,0.05374058323948031,258.5,0.09768821899760212,1.8958613816339551,0.0,276.3338888888889,0,19
1409,44.0,0.5852555635836839,1.1705111271673678,40282.43325733089,-0.0033370411568409346,0.6962836517165301,40282.43325733089,1052.3680094291194,0.4187556486985123,264.5,9.41666636928171,16.08983656920888,0.013348164627363738,276.3338888888889,0,19
1410,45.0,0.19884450945491486,0.3976890189098297,40639.955685330824,0.027808676307007785,0.44938565373246303,40639.955685330824,357.5224279999311,0.20938991518157363,270.5,3.7401141909411817,18.809240452219772,0.00778642936596218,276.3338888888889,0,19
1411,46.0,0.10243179686497077,0.20486359372994153,40983.18267724763,0.008898776418242492,1.318206692282791,40983.18267724763,343.22699191680294,0.11842249156502625,276.5,0.373175757444358,3.6431632448690863,0.012235817575083427,276.3338888888889,0,19
1412,47.0,0.06615205312121114,0.13230410624242228,41102.186263726784,-0.030033370411568408,1.0429388229805694,41102.186263726784,119.0035864791571,0.09153281859705176,282.5,0.15227979523105706,2.3019662738514417,0.0033370411568409346,276.3338888888889,0,19
1413,48.0,0.04616731799821945,0.0923346359964389,41185.22150039314,0.15239154616240266,1.2751606024364648,41185.22150039314,83.03523666635738,0.05176354377182131,288.5,0.09422231601160043,2.040887798923783,0.0,276.3338888888889,0,19
1414,49.0,0.05528023052494648,0.11056046104989296,41284.65743771363,-0.15016685205784205,1.0554027812583442,41284.65743771363,99.43593732048612,0.0723748981451921,294.5,0.138838029057336,2.5115312967930215,0.0033370411568409346,276.3338888888889,0,19
1415,50.0,0.07836841730216432,0.15673683460432863,41425.585841110034,0.004449388209121246,1.2261316007155736,41425.585841110034,140.9284033964068,0.11157579774709556,300.5,0.5151357010048939,6.573256405302794,0.008898776418242492,276.3338888888889,0,19
1416,51.0,0.0484600341071478,0.0969200682142956,41512.71698243464,-0.008898776418242492,0.9820702242300459,41512.71698243464,87.1311413246076,0.060822637240946276,306.5,0.10045679448484086,2.0729823314347113,0.002224694104560623,276.3338888888889,0,19
1417,52.0,0.05426561682104584,0.10853123364209168,41610.286561478904,0.006674082313681869,1.000393092430321,41610.286561478904,97.56957904426235,0.07002686973628738,312.5,0.11890643306817286,2.1911928774401654,0.0,276.3338888888889,0,19
1418,53.0,0.06671255839473557,0.13342511678947114,41730.2357414726,-0.006674082313681869,1.0572452791218803,41730.2357414726,119.949179993695,0.09201728766830117,318.5,0.15950517713260287,2.390931797111078,0.0,276.3338888888889,0,19
1419,54.0,0.049622627759599185,0.09924525551919837,41819.457226184364,0.0,0.937358956754779,41819.457226184364,89.22148471176479,0.06933395791015516,324.5,0.11697169787525735,2.357224982964146,0.0,276.3338888888889,0,19
1420,55.0,0.04479748154273907,0.08959496308547814,41900.003097998204,-0.004449388209121246,0.8699865928849774,41900.003097998204,80.54587181383977,0.0605256296315202,330.5,0.09475230827409828,2.1151257841068536,0.0,276.3338888888889,0,19
1421,56.0,0.04437033827620831,0.08874067655241662,41979.780966218874,0.0011123470522803114,0.9270642956413077,41979.780966218874,79.77786822066992,0.06000132252194244,336.5,0.0941233475050898,2.1213123713226096,0.0,276.3338888888889,0,19
1422,57.0,0.04606155583793873,0.09212311167587746,42062.59964361542,0.014460511679644048,0.8238378410685839,42062.59964361542,82.81867739654263,0.06131373243624288,342.5,0.11541711112561803,2.5057145601355133,0.0,276.3338888888889,0,19
1423,58.0,0.04941237587294314,0.09882475174588629,42151.443095434915,-0.014460511679644048,0.9910047421967974,42151.443095434915,88.84345181949902,0.06250369777264099,348.5,0.11649279521374091,2.3575631237260373,0.0,276.3338888888889,0,19
1424,59.0,0.046650280725950476,0.09330056145190095,42235.32030018017,0.004449388209121246,0.8467739334534996,42235.32030018017,83.87720474525122,0.06514484678027527,354.5,0.24849823998842105,5.3268326818489475,0.010011123470522803,276.3338888888889,0,19
1425,60.0,0.07334997866200048,0.14669995732400096,42367.25336641263,-0.0033370411568409346,1.3395547021918832,42367.25336641263,131.93306623246463,0.07272213512603992,360.5,0.12866931587607272,1.7541834124994893,0.0033370411568409346,276.3338888888889,0,19
1426,61.0,0.056216861515758006,0.11243372303151601,42468.33128341802,0.021134593993325918,1.2007126508359254,42468.33128341802,101.07791700538655,0.05745866926197575,366.5,0.09564899985759923,1.70142902464927,0.0,276.3338888888889,0,19
1427,62.0,0.051214822242432775,0.10242964448486555,42560.50561081518,-0.021134593993325918,1.2294757346221736,42560.50561081518,92.17432739715878,0.06086951193115682,372.5,0.13341568129095888,2.6050208796862835,0.00778642936596218,276.3338888888889,0,19
1428,63.0,0.05417281693889902,0.10834563387779804,42657.90833567137,-0.0011123470522803114,1.130699492555075,42657.90833567137,97.40272485619062,0.06356147523757683,378.5,0.10312648424849424,1.903657407456023,0.0,276.3338888888889,0,19
1429,64.0,0.073568948667984,0.147137897335968,42790.18530537639,0.010011123470522803,1.0026940271978013,42790.18530537639,132.27696970502438,0.09215381101396646,384.5,0.35421361628350045,4.814716299427674,0.010011123470522803,276.3338888888889,0,19
1430,65.0,0.0594209789646586,0.1188419579293172,42897.302197003824,-0.0055617352614015575,1.2639624174508715,42897.302197003824,107.11689162743278,0.07671463831534853,390.5,0.1279915888494146,2.153979807797163,0.0011123470522803114,276.3338888888889,0,19
1431,66.0,0.07372206080542255,0.1474441216108451,43029.854462331896,-0.0055617352614015575,1.1853486237939626,43029.854462331896,132.55226532807137,0.09339293643074066,396.5,0.1716530992722323,2.3283817272184355,0.0,276.3338888888889,0,19
1432,67.0,0.06820206754363424,0.13640413508726848,43152.481779775415,0.0033370411568409346,1.1314549278859936,43152.481779775415,122.62731744351913,0.08605725119986074,402.5,0.1576582474199866,2.3116344283715473,0.0,276.3338888888889,0,19
1433,68.0,0.08847627571578957,0.17695255143157915,43311.65691997043,0.006674082313681869,0.9914923862849548,43311.65691997043,159.17514019501687,0.11676005598038863,408.5,0.24244998364097806,2.740282428023925,0.010011123470522803,276.3338888888889,0,19
1434,69.0,0.058692246349623126,0.11738449269924625,43417.25365116739,-0.008898776418242492,1.1090863822498358,43417.25365116739,105.59673119695799,0.07633719633958619,414.5,0.1628435315958321,2.7745322717040244,0.011123470522803115,276.3338888888889,0,19
1435,70.0,0.0946654265293264,0.1893308530586528,43587.462088067005,0.0033370411568409346,1.2509756055456058,43587.462088067005,170.20843689961475,0.11529312113016679,420.5,0.25072075296416724,2.6484933534472215,0.012235817575083427,276.3338888888889,0,19
1436,71.0,0.0918709409353696,0.1837418818707392,43752.64603986877,-0.0011123470522803114,1.0048359399119375,43752.64603986877,165.18395180176594,0.13771820610938337,426.5,1.1577029434040231,12.601405097379562,0.012235817575083427,276.3338888888889,0,19
1437,72.0,0.13240212886185299,0.26480425772370597,43990.76494285739,0.04671857619577308,1.2120902802333837,43990.76494285739,238.11890298862272,0.1335857599226129,432.5,0.3129248144972019,2.363442470201551,0.04338153503893215,276.3338888888889,0,19
1438,73.0,0.071773896968729,0.143547793937458,44119.68779331786,-0.05005561735261402,1.2114747849122711,44119.68779331786,128.9228504604689,0.07544089969052671,438.5,0.13705628404107187,1.9095561176061764,0.0,276.3338888888889,0,19
1439,74.0,0.07097270318785251,0.14194540637570502,44247.29671364962,0.0011123470522803114,1.0834131828623654,44247.29671364962,127.6089203317606,0.0792297935888799,444.5,0.13354551894175612,1.8816462237359644,0.0,276.3338888888889,0,19
1440,75.0,0.0641301491321397,0.1282602982642794,44362.642320370025,-0.0011123470522803114,1.0096788683270208,44362.642320370025,115.34560672040243,0.06807109564157103,450.5,0.11450185162658079,1.7854605544523305,0.0,276.3338888888889,0,19
1441,76.0,0.08287468590486628,0.16574937180973257,44511.70638270014,0.0011123470522803114,0.9964531466872844,44511.70638270014,149.06406233011512,0.08910763770982515,456.5,0.15318864883156358,1.8484371573656675,0.0,276.3338888888889,0,19
1442,77.0,0.07939709803887539,0.15879419607775078,44654.457328803415,-0.0011123470522803114,1.0576571089771012,44654.457328803415,142.75094610327506,0.08485459472264664,462.5,0.14330211152263989,1.8048784535232576,0.0,276.3338888888889,0,19
1443,78.0,0.08414037341228883,0.16828074682457766,44805.74172019878,0.024471635150166853,1.0817848480225831,44805.74172019878,151.28439139536204,0.0870359824122046,468.5,0.14269950384317445,1.6959694621741834,0.0,276.3338888888889,0,19
1444,79.0,0.29476144964422074,0.5895228992884415,45335.750448587554,0.3136818687430478,1.009326330918443,45335.750448587554,530.008728388777,0.3432234309640913,474.5,4.544693986417561,15.418210189639927,0.011123470522803115,276.3338888888889,0,19
1445,80.0,0.16153526812715532,0.32307053625431065,45627.585516049774,-0.3381535038932147,0.8568030335151756,45627.585516049774,291.83506746221974,0.19647590308837862,480.5,1.7075596696918138,10.57081645073123,0.09566184649610679,276.3338888888889,0,19
1446,81.0,0.02436144133444852,0.04872288266889704,45671.387387569135,0.0,0.8658166680597326,45671.387387569135,43.80187151936116,0.02797092099172943,486.5,0.049598766342274246,2.0359536885093354,0.0,276.3338888888889,0,19
1447,82.0,0.02286245751409765,0.0457249150281953,45712.494086179395,0.0,0.8195705469456428,45712.494086179395,41.10669861025963,0.027102438958827014,492.5,0.049567884936770466,2.1680908496475273,0.0,276.3338888888889,0,19
1448,83.0,0.025034015913278668,0.050068031826557335,45757.15477056863,0.0,0.7882609253236761,45757.15477056863,44.66068438923685,0.02977141820491859,498.49611111111113,0.05474370626244342,2.1867728474761408,0.0,276.3338888888889,0,19
1449,0.0,0.17173775471600514,0.3434755094320103,307.30502865624544,-0.5361512791991101,1.6705278340296355,307.30502865624544,307.30502865624544,0.1281998166382311,0.5,0.18332900436254276,1.0674938930330464,0.0011123470522803114,366.05611111111114,0,20
1450,3.0,0.23051510617871332,0.46103021235742664,350.55924888539494,3.04,0.9969832891394701,350.55924888539494,43.254220229149496,0.14951283698046022,18.094444444444445,0.4006929917921207,1.7382504705850912,0.08,366.05611111111114,0,20
1451,7.0,0.253363647800008,0.506727295600016,888.0507885053768,-0.07349665924276169,1.4292215141431304,888.0507885053768,537.4915396199818,0.22936048333328068,42.5,1.327514214519833,5.239560710649791,0.04899777282850779,366.05611111111114,0,20
1452,8.0,1.2515977748586644,2.503195549717329,2964.5506769037734,0.32552404438964244,1.0650705310479067,2964.5506769037734,2076.4998883983967,0.8718886738251048,48.5,2.168404356153291,1.7325089575188453,0.5166461159062885,366.05611111111114,0,20
1453,9.0,3.5701399267189053,7.140279853437811,8633.673691264472,-0.3194444444444444,0.9787220488582502,8633.673691264472,5669.123014360699,1.9175347544528287,54.5,3.892906877349305,1.0904073670095713,0.8125,366.05611111111114,0,20
1454,10.0,0.2930026427348876,0.5860052854697752,9062.752700445704,0.09556313993174062,1.4692457606071267,9062.752700445704,429.0790091812323,0.2598197143564956,60.486111111111114,0.6209168126632861,2.1191508952535263,0.09897610921501707,366.05611111111114,0,20
1455,11.0,1.689649810949642,3.379299621899284,12169.456269815353,-0.005108556832694764,1.2168145825679348,12169.456269815353,3106.703569369649,1.0763453738824724,66.5,4.512434533968373,2.6706329943198277,0.598978288633461,366.05611111111114,0,20
1456,12.0,1.198592032403733,2.397184064807466,14218.914793965248,-0.07180156657963446,1.2659533990280372,14218.914793965248,2049.4585241498953,0.9711271477148498,72.5,1.9168215896651715,1.599227708715079,0.5966057441253264,366.05611111111114,0,20
1457,13.0,0.2995081789426881,0.5990163578853762,14757.928321374231,0.0011123470522803114,0.8805997167057161,14757.928321374231,539.0135274089826,0.41737023335507667,78.5,4.850055325651053,16.19339860024032,0.01668520578420467,366.05611111111114,0,20
1458,14.0,0.7912794543854001,1.5825589087708003,16180.249646159842,0.034521158129175944,1.1967591161357922,16180.249646159842,1422.321324785611,0.8112309590640441,84.49944444444445,4.29599835325557,5.429179703133253,0.2661469933184855,366.05611111111114,0,20
1459,15.0,4.617086651756023,9.234173303512046,22630.367103812394,0.5805243445692884,0.6554584082900947,22630.367103812394,6450.117457652552,2.215492625179003,90.49777777777778,3.745701950909946,0.8112695804583476,0.9925093632958801,366.05611111111114,0,20
1460,16.0,0.5067200583626156,1.0134401167252312,23601.909316700665,-0.6230366492146597,1.4624090205020241,23601.909316700665,971.542212888271,0.5259713308707118,96.31888888888889,1.7884762148054234,3.529515331571039,0.12041884816753927,366.05611111111114,0,20
1461,17.0,0.6965200745840083,1.3930401491680167,25147.01450832695,0.06278538812785388,1.6881151183383842,25147.01450832695,1545.105191626284,0.6435699672545662,102.5,4.649881270039498,6.675875455300562,0.1769406392694064,366.05611111111114,0,20
1462,18.0,0.647451296950466,1.294902593900932,26095.257736531512,-0.03863987635239567,1.379149133448435,26095.257736531512,948.2432282045629,0.6827918344202445,108.49944444444445,0.7233291829277898,1.1171947393336197,0.3601236476043277,366.05611111111114,0,20
1463,19.0,0.2727130612297162,0.5454261224594324,26580.969295635456,-2.3,1.7265199491764207,26580.969295635456,485.7115591039437,0.1369503927907457,114.49944444444445,0.15880291061136584,0.5823076822770887,0.0,366.05611111111114,0,20
1464,20.0,1.4487013863462095,2.897402772692419,27380.35780187802,0.1165644171779141,1.4817386364246334,27380.35780187802,799.3885062425652,1.353819428430784,120.5,12.269514578356153,8.469319277246825,0.32515337423312884,366.05611111111114,0,20
1465,21.0,0.771845270526958,1.543690541053916,28558.81081038416,0.06547619047619048,1.3927663595453486,28558.81081038416,1178.4530085061378,0.8525305742991468,126.5,1.3728047142153577,1.7786009277197614,0.49851190476190477,366.05611111111114,0,20
1466,22.0,0.1274510694447883,0.2549021388895766,28651.112793264034,-0.19113573407202217,1.1709387219751475,28651.112793264034,92.30198287987514,0.1479860168529111,132.20111111111112,0.37386616169645426,2.9334093729077164,0.038781163434903045,366.05611111111114,0,20
1467,23.0,2.2692115309970307,4.538423061994061,32905.91093163882,0.7741935483870968,1.5672283210038251,32905.91093163882,4254.7981383747865,2.5946423896409065,138.5,6.33148272843945,2.790168585851301,0.41601779755283647,366.05611111111114,0,20
1468,24.0,0.8681777295978154,1.7363554591956307,34469.19315692395,-0.004449388209121246,1.469249955062044,34469.19315692395,1563.2822252851329,0.9707629019856764,144.5,7.253440759451636,8.354787864475403,0.43270300333704115,366.05611111111114,0,20
1469,25.0,0.5965612458514525,1.193122491702905,35542.59287875273,-0.39933259176863184,1.635421894621196,35542.59287875273,1073.3997218287768,0.5371890985212089,150.5,5.55930390186315,9.318915602585843,0.1457174638487208,366.05611111111114,0,20
1470,26.0,0.4081548488068469,0.8163096976136938,36279.18449125752,-0.3236929922135706,0.9674756351337535,36279.18449125752,736.5916125047879,0.5718280072929944,156.5,1.4788646506551744,3.6232931079425317,0.1457174638487208,366.05611111111114,0,20
1471,27.0,1.072512390249924,2.145024780499848,38208.48420498284,0.6696329254727474,1.6012697518878238,38208.48420498284,1929.2997137253187,1.6742348796177864,162.5,11.222444971265613,10.463697271273933,0.1557285873192436,366.05611111111114,0,20
1472,28.0,0.29784227928383555,0.5956845585676711,38742.82060415858,-0.6744704570791528,1.6293326597362943,38742.82060415858,534.3363991757433,0.26836590731026394,168.4988888888889,0.29274666848416186,0.9828915800270999,0.016722408026755852,366.05611111111114,0,20
1473,29.0,0.07282773185468468,0.14565546370936935,39307.51315625644,0.5167597765363129,1.023184388481883,39307.51315625644,564.6925520978621,0.08594055255780188,174.5,0.14918794898558366,2.0485046724132885,0.00558659217877095,366.05611111111114,0,20
1474,30.0,0.6891568033048376,1.3783136066096753,40545.834071851496,0.7597330367074527,1.4897321044191236,40545.834071851496,1238.3209155950535,0.8676769385080113,180.5,5.8256151810559995,8.453250629057681,0.14794215795328142,366.05611111111114,0,20
1475,31.0,0.5675727090395384,1.1351454180790768,41566.46653885102,-0.15239154616240266,1.879111268793615,41566.46653885102,1020.6324669995229,0.5880786940970908,186.5,2.8144400014342277,4.958730320555578,0.10901001112347053,366.05611111111114,0,20
1476,32.0,0.6001704121277504,1.2003408242555007,42644.1134245761,-1.0457079152731326,1.4774227757318834,42644.1134245761,1077.6468857250802,0.5373825841930521,192.4988888888889,1.3430418714056687,2.237767547794064,0.22519509476031216,366.05611111111114,0,20
1477,33.0,2.022245465185005,4.04449093037001,45617.21844977195,1.028735632183908,1.1109303346934254,45617.21844977195,2973.1050251958513,2.482333917163563,198.5,9.74676578733532,4.819773838110023,0.25,366.05611111111114,0,20
1478,34.0,0.43118585093542383,0.8623717018708477,46392.556874762944,0.3448275862068966,1.7819462682854539,46392.556874762944,775.3384249909941,0.4139980061740935,204.5,1.6485251153636362,3.8232356460382233,0.07119021134593993,366.05611111111114,0,20
1479,35.0,0.5653680375140007,1.1307360750280013,47424.45194859638,-1.145413870246085,1.7194912986575779,47424.45194859638,1031.8950738334388,0.7086833374131908,210.5,5.855207822311781,10.356453555559876,0.08389261744966443,366.05611111111114,0,20
1480,36.0,0.23062970163865637,0.46125940327731274,47783.54144941347,0.0,1.825615496428349,47783.54144941347,359.0895008170846,0.17823484002977089,216.5,0.2684763469676535,1.1641013497398272,0.04019292604501608,366.05611111111114,0,20
1481,37.0,0.3762269503242267,0.7524539006484534,48460.01457450103,0.07230255839822025,1.5379902799249523,48460.01457450103,676.473125087563,0.46298113870726687,222.5,3.898845093121462,10.363013839815293,0.03114571746384872,366.05611111111114,0,20
1482,38.0,0.4060576133098189,0.8121152266196378,49190.21671916802,0.09343715239154617,1.6383591311294532,49190.21671916802,730.2021446669896,0.4620742440088789,228.5,3.0605039205874816,7.537117444101067,0.04004449388209121,366.05611111111114,0,20
1483,39.0,0.6045614740787815,1.209122948157563,50278.490722088405,-0.1167964404894327,1.5396808669352937,50278.490722088405,1088.274002920385,0.556864415504457,234.5,2.2248357446329132,3.680081910649488,0.29810901001112344,366.05611111111114,0,20
1484,40.0,0.2853217768287174,0.5706435536574348,50791.46255696291,0.07897664071190211,1.578311974647298,50791.46255696291,512.9718348745082,0.25602171605498,240.5,0.8801161522566606,3.0846441587422415,0.05561735261401557,366.05611111111114,0,20
1485,41.0,0.322587878070932,0.645175756141864,51195.87182258557,-0.14901960784313725,1.7774620543143067,51195.87182258557,404.4092656226567,0.3412506660128124,246.5,1.758799392268055,5.452155867683667,0.07058823529411765,366.05611111111114,0,20
1486,42.0,0.2553944930859137,0.5107889861718274,51605.02734650417,-0.08310249307479224,1.3206697866815642,51605.02734650417,409.1555239185982,0.21151927341621043,252.47166666666666,0.3083354534282154,1.2072909235536748,0.029085872576177285,366.05611111111114,0,20
1487,43.0,0.44960451579811195,0.8992090315962239,52327.50813691717,0.23601637107776263,1.3488172257724556,52327.50813691717,722.4807904129993,0.5323834019049984,258.5,3.192657734103894,7.101035736788526,0.09004092769440655,366.05611111111114,0,20
1488,44.0,0.2270554700897594,0.4541109401795188,52734.74675753312,-0.19196428571428573,1.6742952571627894,52734.74675753312,407.2386206159499,0.19886774192229792,264.49833333333333,0.793173185299245,3.4933013725046496,0.016741071428571428,366.05611111111114,0,20
1489,45.0,0.08588280565363257,0.17176561130726514,52993.407841800574,37.0,0.7699774515098627,52993.407841800574,258.6610842674563,0.2405690657347678,270.5,,,0.0,366.05611111111114,0,20
1490,46.0,0.16292909663377272,0.32585819326754545,53286.339228873905,-0.008898776418242492,1.2841074524766123,53286.339228873905,292.9313870733313,0.1729700752969055,276.5,0.5385453796553544,3.3053971990397826,0.01668520578420467,366.05611111111114,0,20
1491,47.0,0.20113511058185296,0.4022702211637059,53648.17541886015,-0.02224694104560623,1.5115606221444522,53648.17541886015,361.83618998624297,0.23556872801066178,282.5,1.4471774716355605,7.195051462915145,0.01557285873192436,366.05611111111114,0,20
1492,48.0,0.2408825198564793,0.4817650397129586,54081.68496878595,0.20912124582869857,1.3840857085424554,54081.68496878595,433.5095499258023,0.29615578394193054,288.5,2.1027757665429876,8.729465997764581,0.035595105672969966,366.05611111111114,0,20
1493,49.0,0.1263981459875006,0.2527962919750012,54309.21598405441,-0.21245828698553948,1.306708664415712,54309.21598405441,227.5310152684615,0.17038093474585772,294.5,1.0690888088575694,8.458105144701179,0.011123470522803115,366.05611111111114,0,20
1494,50.0,0.15883107102676017,0.31766214205352034,54594.92619805876,0.008898776418242492,1.387178890165689,54594.92619805876,285.71021400434984,0.2091365677933097,300.5,1.2736187994247807,8.018700567788773,0.011123470522803115,366.05611111111114,0,20
1495,51.0,0.23422424904759512,0.46844849809519024,55016.5428187044,-0.002224694104560623,1.1556374127959472,55016.5428187044,421.61662064564007,0.30610888832510774,306.5,1.5747002986336427,6.7230455643969576,0.030033370411568408,366.05611111111114,0,20
1496,52.0,0.5120568034018531,1.0241136068037062,55935.20277897276,0.47157190635451507,1.343175432112889,55935.20277897276,918.6599602683564,0.5834071596653535,312.49888888888887,2.5153212008380446,4.912191741477684,0.10813823857302118,366.05611111111114,0,20
1497,53.0,0.056396634349791454,0.11279326869958291,56269.80367573561,-0.5666235446313066,0.7758525348010458,56269.80367573561,334.60089676285133,0.0743897435778301,318.4977777777778,0.09317056293051522,1.6520589216838566,0.00646830530401035,366.05611111111114,0,20
1498,54.0,0.07820866711186414,0.15641733422372828,56904.64599705586,0.0,1.0053744293787632,56904.64599705586,634.8423213202477,0.09197938786286647,324.5,0.17019382891755425,2.176150485650408,0.0,366.05611111111114,0,20
1499,55.0,0.08289524369306965,0.1657904873861393,57053.69164521607,0.0,1.1078271431484985,57053.69164521607,149.04564816021593,0.10069099626607983,330.5,0.1801836586567101,2.173630845743857,0.0,366.05611111111114,0,20
1500,56.0,0.07884151038327185,0.1576830207665437,57195.44868088515,0.0055617352614015575,0.9607215680194174,57195.44868088515,141.7570356690776,0.09316946242814818,336.5,0.1667190516128787,2.114610067747411,0.0,366.05611111111114,0,20
1501,57.0,0.09064751942982124,0.1812950388596425,57358.59580635248,-0.0055617352614015575,1.0401112247023865,57358.59580635248,163.14712546733062,0.10760836533754546,342.5,0.23705051074922098,2.6150799518870897,0.00778642936596218,366.05611111111114,0,20
1502,58.0,0.4091638162608284,0.8183276325216567,58094.272347989485,0.0033370411568409346,1.0482305055080916,58094.272347989485,735.6765416370035,0.7640514061488668,348.5,7.2044106268385795,17.607643541593145,0.01557285873192436,366.05611111111114,0,20
1503,59.0,0.23580028939981998,0.47160057879963996,58518.24126833031,0.0,0.9291197633745456,58518.24126833031,423.968920340827,0.42659920542721247,354.5,5.52658976525339,23.437586863528292,0.010011123470522803,366.05611111111114,0,20
1504,60.0,0.03647608218281933,0.07295216436563866,58583.85556777597,-0.004449388209121246,0.9755385906186919,58583.85556777597,65.61429944566044,0.042289516173887695,360.5,0.07924587173133804,2.1725434034871154,0.0011123470522803114,366.05611111111114,0,20
1505,61.0,0.03372473883795421,0.06744947767590842,58644.49264820661,0.0,0.8740385234133808,58644.49264820661,60.63708043063525,0.04200504567927216,366.5,0.06522917788093877,1.9341640625999184,0.0,366.05611111111114,0,20
1506,62.0,0.034300698649171214,0.06860139729834243,58706.165304377835,0.0,0.9320289705940833,58706.165304377835,61.67265617122757,0.04213747269697024,372.5,0.06448909915883823,1.880110367967576,0.0,366.05611111111114,0,20
1507,63.0,0.04118916393887024,0.08237832787774048,58780.22342113995,0.002224694104560623,0.9606330542172421,58780.22342113995,74.05811676211306,0.05414650550906929,378.5,0.14407732067760937,3.497942344531143,0.0,366.05611111111114,0,20
1508,64.0,0.8040541434410261,1.6081082868820522,60521.64130990591,-0.002828854314002829,0.6512567484166992,60521.64130990591,1741.4178887659582,1.3083594247588535,384.5,4.062972290804886,5.053107833530974,0.15983026874115983,366.05611111111114,0,20
1509,65.0,0.03597215186098477,0.07194430372196954,60586.82119168643,0.0,0.5979855951107921,60586.82119168643,65.17988178052474,0.04765491899388251,390.5,0.086541073886106,2.4057797326261166,0.0,366.05611111111114,0,20
1510,66.0,0.0675997513575568,0.1351995027151136,60708.36554462735,0.0,0.5546831207722552,60708.36554462735,121.54435294091672,0.08626463300248272,396.5,0.1639979177492433,2.426013623656774,0.0,366.05611111111114,0,20
1511,67.0,0.13631117163717393,0.27262234327434787,60953.453031230936,0.0,0.6089089136754512,60953.453031230936,245.08748660358833,0.1395598777861536,402.5,1.329142086448387,9.75079350052268,0.012235817575083427,366.05611111111114,0,20
1512,68.0,0.042029726832932844,0.08405945366586569,61029.02248007652,0.004449388209121246,0.6427723155707181,61029.02248007652,75.5694488455847,0.05018521859969663,408.5,0.09190548616331978,2.1866781701589897,0.0,366.05611111111114,0,20
1513,69.0,0.24111567628695366,0.4822313525739073,61750.58049036152,0.014336917562724014,0.6682649082868717,61750.58049036152,721.5580102849999,0.43447968937500764,414.47277777777776,5.444658660941205,22.581106068198878,0.011947431302270013,366.05611111111114,0,20
1514,70.0,0.051609407260398595,0.10321881452079719,61971.19730972283,-0.05063291139240506,0.748323271698184,61971.19730972283,220.61681936131208,0.06977969480167912,420.5,0.10501084981139927,2.034723035696966,0.0,366.05611111111114,0,20
1515,71.0,0.05442844397717425,0.1088568879543485,62068.40651066605,0.0,0.7576453633408777,62068.40651066605,97.20920094321627,0.07300360687647922,426.49666666666667,0.13086019819867106,2.4042612398316976,0.0,366.05611111111114,0,20
1516,0.0,0.061065707266806435,0.12213141453361287,109.66605009951446,-0.01557285873192436,1.653112791200345,109.66605009951446,109.66605009951446,0.05854092116036765,0.5,0.08264974318301006,1.353455922845523,0.004449388209121246,288.30611111111114,0,21
1517,1.0,0.38245146431392535,0.7649029286278507,728.4831935377973,-0.002224694104560623,1.6450375814749263,728.4831935377973,618.8171434382829,0.44043360667413173,6.5,2.425656193935252,6.342389610892469,0.16240266963292546,288.30611111111114,0,21
1518,2.0,0.1929746097518441,0.3859492195036882,1076.1282323533164,0.002224694104560623,1.5447139323787031,1076.1282323533164,347.6450388155191,0.2113981441746484,12.5,1.6325849324580863,8.46010226193752,0.15016685205784205,288.30611111111114,0,21
1519,3.0,0.22819318772519026,0.4563863754503805,1540.1472329279395,0.05116796440489433,1.8903693414241156,1540.1472329279395,464.0190005746231,0.17623592023027437,18.5,0.22384761743675366,0.980956616927277,0.42269187986651835,288.30611111111114,0,21
1520,4.0,0.5989084784281438,1.1978169568562875,2799.079435096198,-0.017797552836484983,1.3175832957319242,2799.079435096198,1258.9322021682583,0.4658554018009177,24.5,0.5966436278879428,0.9962183695476391,0.9299221357063404,288.30611111111114,0,21
1521,5.0,0.35978613362704936,0.7195722672540987,3560.149816018109,-0.010011123470522803,1.4776676246985618,3560.149816018109,761.0703809219112,0.2994149137125751,30.5,0.33289514529927783,0.925258408219683,0.8220244716351501,288.30611111111114,0,21
1522,6.0,0.16312298459177985,0.3262459691835597,3916.723711350066,-0.008898776418242492,1.8323001237852474,3916.723711350066,356.5738953319569,0.13238636250960265,36.5,0.18035237455323916,1.1056220863330595,0.24026696329254726,288.30611111111114,0,21
1523,7.0,0.15008223481946148,0.30016446963892296,4207.838650610927,-0.010011123470522803,2.1718876406606795,4207.838650610927,291.1149392608613,0.11641157176823665,42.5,0.15603757982045957,1.0396805458564897,0.18798665183537264,288.30611111111114,0,21
1524,8.0,0.6039415986538785,1.207883197307757,5364.992253259688,0.008120649651972157,1.3469477526090816,5364.992253259688,1157.153602648761,0.44889136122578766,48.5,0.5840282977188244,0.9670277705999408,0.8897911832946636,288.30611111111114,0,21
1525,9.0,0.7685980820083185,1.537196164016637,6840.310565333449,-0.011123470522803115,1.8127719404723899,6840.310565333449,1475.3183120737604,0.8758571627657211,54.5,2.779265206499545,3.6160189201063675,0.2625139043381535,288.30611111111114,0,21
1526,10.0,0.1294276062193797,0.2588552124387594,7069.4141421225195,-0.0011123470522803114,1.8509182455699398,7069.4141421225195,229.10357678907076,0.12978555571711886,60.5,0.540992789459831,4.17988716057105,0.06340378197997776,288.30611111111114,0,21
1527,11.0,0.23757877934629312,0.47515755869258625,7588.269747538302,0.014476614699331848,1.9162840346784797,7588.269747538302,518.8556054157825,0.17655317699533532,66.49944444444445,0.6515544173085438,2.7424773336293757,0.32962138084632514,288.30611111111114,0,21
1528,12.0,1.3268636467682855,2.653727293536571,8206.333722025325,-0.01910828025477707,1.8447694960050973,8206.333722025325,618.0639744870232,1.17900414073917,72.36222222222223,3.6510907634595102,2.7516699039514134,0.8471337579617835,288.30611111111114,0,21
1529,13.0,0.5689944317436799,1.1379888634873598,9409.861486298563,0.10344827586206896,1.7709356810047676,9409.861486298563,1203.527764273238,0.4627026367170193,78.5,1.1612238002070032,2.0408350862915126,0.9121245828698554,288.30611111111114,0,21
1530,14.0,0.36038872543628153,0.7207774508725631,10058.369787868436,-0.04338153503893215,1.8569640325478272,10058.369787868436,648.5083015698729,0.33184341849149623,84.5,1.11847259964565,3.103517176603243,0.7374860956618465,288.30611111111114,0,21
1531,15.0,0.4089610679165531,0.8179221358331062,10795.518202929783,0.03114571746384872,1.8821614143847114,10795.518202929783,737.1484150613469,0.4099551000920496,90.5,2.6320353840937427,6.435906961761942,0.681868743047831,288.30611111111114,0,21
1532,16.0,0.19376331952521963,0.38752663905043927,11144.59621875554,-0.07007786429365963,1.386774597590635,11144.59621875554,349.07801582575667,0.2756221567575951,96.5,2.12884835563595,10.986849114952667,0.13681868743047831,288.30611111111114,0,21
1533,17.0,0.28951265141850246,0.5790253028370049,11665.825617411114,0.024471635150166853,1.6531294488593404,11665.825617411114,521.2293986555742,0.328410874003439,102.5,0.906259941779329,3.1302947810363317,0.5205784204671857,288.30611111111114,0,21
1534,18.0,0.22689767832259558,0.45379535664519116,12073.736154564105,-0.012235817575083427,1.6884756415454667,12073.736154564105,407.9105371529913,0.2449377411304149,108.5,1.6439387328402415,7.24528670805941,0.2925472747497219,288.30611111111114,0,21
1535,19.0,0.2041482123243442,0.4082964246486884,12441.41934952267,0.05784204671857619,1.683809624843463,12441.41934952267,367.68319495856485,0.24699170924235964,114.5,1.1467434614827405,5.617210400357711,0.24694104560622915,288.30611111111114,0,21
1536,20.0,0.3111811322386028,0.6223622644772056,13002.774243852846,-0.026696329254727477,1.8023131136358332,13002.774243852846,561.3548943301757,0.35057198534911316,120.5,1.891243871577678,6.0776302790991155,0.47052280311457173,288.30611111111114,0,21
1537,21.0,0.23445666559414402,0.46891333118828804,13424.393116073925,-0.05339265850945495,1.756892060283708,13424.393116073925,421.6188722210791,0.26881413348386973,126.5,0.959655750377907,4.093105000644845,0.41713014460511677,288.30611111111114,0,21
1538,22.0,0.3630709253434051,0.7261418506868103,14077.719943820768,0.008898776418242492,1.450107064910164,14077.719943820768,653.3268277468433,0.4554316575820854,132.5,1.9362325439581523,5.3329319667411985,0.16129032258064516,288.30611111111114,0,21
1539,23.0,0.19072387009736358,0.38144774019472716,14421.41166113143,0.2424916573971079,1.7996640979859444,14421.41166113143,343.69171731066126,0.22892170740885015,138.5,0.3121544539463973,1.636682675257397,0.2625139043381535,288.30611111111114,0,21
1540,24.0,0.12552885389054974,0.2510577077810995,14647.395464320443,0.28809788654060065,1.4753176887563375,14647.395464320443,225.983803189014,0.16579596263322385,144.5,1.1119256060242304,8.857928448814908,0.054505005561735265,288.30611111111114,0,21
1541,25.0,0.6106224985278758,1.2212449970557515,15745.547758489212,0.024471635150166853,1.3449817016791363,15745.547758489212,1098.152294168769,0.8102688879930727,150.5,2.360942793699751,3.8664523488598097,0.38264738598442716,288.30611111111114,0,21
1542,26.0,0.14252812741715254,0.2850562548343051,16002.663912751521,-0.020022246941045607,1.2440002455199226,16002.663912751521,257.11615426230856,0.19031497147404294,156.5,0.799981472096497,5.612797183219172,0.06562847608453838,288.30611111111114,0,21
1543,27.0,0.1258968159225805,0.251793631845161,16229.018431661,0.020022246941045607,1.284237729961058,16229.018431661,226.35451890947843,0.17424575472133666,162.5,1.1965984248858827,9.504596411888,0.04338153503893215,288.30611111111114,0,21
1544,28.0,0.17922068066322452,0.35844136132644905,16553.57755520836,0.0967741935483871,1.1369417288152148,16553.57755520836,324.5591235473621,0.19151446085989407,168.5,0.5913072223318279,3.299324721587011,0.21802002224694106,288.30611111111114,0,21
1545,29.0,0.22323466537354147,0.44646933074708295,16955.536642550356,-0.15016685205784205,1.3974403241697073,16955.536642550356,401.95908734199475,0.26488309749038086,174.5,1.5864486412125431,7.106641070095086,0.303670745272525,288.30611111111114,0,21
1546,30.0,0.14372695924771559,0.28745391849543117,17214.774068245366,-0.09454949944382647,1.2953466932901423,17214.774068245366,259.23742569500973,0.21079858109345256,180.5,1.425615795865846,9.91891711428178,0.035595105672969966,288.30611111111114,0,21
1547,31.0,0.20378466847926566,0.4075693369585313,17581.290984154803,0.18020022246941045,1.5077940919345971,17581.290984154803,366.51691590943665,0.23806171794629155,186.5,0.8332839551670116,4.089041444507859,0.21245828698553948,288.30611111111114,0,21
1548,32.0,0.2189781259103335,0.437956251820667,17975.15116738789,-0.4972191323692992,1.4401869259671107,17975.15116738789,393.860183233086,0.22399973669086892,192.5,1.78404551336999,8.1471402951933,0.060066740823136816,288.30611111111114,0,21
1549,33.0,0.218417221861031,0.436834443722062,18367.873043444495,0.03114571746384872,1.4927572028163845,18367.873043444495,392.72187605660656,0.22712896447130512,198.5,1.277001339053104,5.846614695363181,0.25472747497219134,288.30611111111114,0,21
1550,34.0,0.1318318262740092,0.2636636525480184,18604.94863313975,-0.09566184649610679,1.5931109438640447,18604.94863313975,237.07558969525417,0.1352067755242813,204.5,0.21378211491197574,1.6216275003854903,0.18242491657397109,288.30611111111114,0,21
1551,35.0,0.1204625925894,0.2409251851788,18821.58091232957,-0.04671857619577308,1.4409541293049364,18821.58091232957,216.6322791898201,0.12821112289607497,210.5,0.21353905352302646,1.7726586231700998,0.17018909899888765,288.30611111111114,0,21
1552,36.0,0.06308838024415243,0.12617676048830487,18934.780482951322,-0.008898776418242492,1.2589415075839754,18934.780482951322,113.19957062175308,0.07485332416861397,216.5,0.1374541107748593,2.1787547919745447,0.03337041156840934,288.30611111111114,0,21
1553,37.0,0.05686999078905328,0.11373998157810657,19037.09403959386,-0.0033370411568409346,1.2930761320606952,19037.09403959386,102.31355664253715,0.068358132813581,222.5,0.10369960189473994,1.82345030227613,0.010011123470522803,288.30611111111114,0,21
1554,38.0,0.15462234405612119,0.30924468811224237,19315.225802854962,0.011123470522803115,1.6852114852094746,19315.225802854962,278.1317632611026,0.16927626202351673,228.5,0.24043161532802915,1.5549603570927817,0.19688542825361513,288.30611111111114,0,21
1555,39.0,0.22721192183104513,0.45442384366209027,19724.494476250013,0.030033370411568408,1.7906074286115161,19724.494476250013,409.2686733950504,0.22701989505262093,234.5,0.7730515757736081,3.4023372081173164,0.3615127919911012,288.30611111111114,0,21
1556,40.0,0.23543393379657915,0.4708678675931583,20147.82125775651,0.07230255839822025,1.5204796227101014,20147.82125775651,423.32678150649735,0.21935540931484665,240.5,1.178329064718709,5.0049245056441825,0.20912124582869857,288.30611111111114,0,21
1557,41.0,0.13418743790340915,0.2683748758068183,20389.118075874787,-0.10011123470522804,1.1947454434448974,20389.118075874787,241.29681811827686,0.2147391103644409,246.5,0.9977148430821996,7.435232825597096,0.060066740823136816,288.30611111111114,0,21
1558,42.0,0.33322196263913184,0.6664439252782637,20988.25116469995,0.01557285873192436,1.302448934967487,20988.25116469995,599.1330888251614,0.42188367982856756,252.5,2.1337836588390595,6.403490460050724,0.24916573971078976,288.30611111111114,0,21
1559,43.0,0.17499397233732072,0.34998794467464145,21302.890326962406,-0.0011123470522803114,1.5257159232444977,21302.890326962406,314.63916226245783,0.24487856795339577,258.5,1.993550490512496,11.39210947603213,0.11902113459399333,288.30611111111114,0,21
1560,44.0,0.20487065510548266,0.4097413102109653,21671.77326494254,0.025583982202447165,1.5888411785222865,21671.77326494254,368.88293798013547,0.2238769644234889,264.5,1.1022835964533946,5.3803879129778585,0.23692992213570635,288.30611111111114,0,21
1561,45.0,0.2555821839903873,0.5111643679807746,22131.672263952867,-0.03114571746384872,1.5190842899641206,22131.672263952867,459.8989990103255,0.27628716274714826,270.5,1.409936788841345,5.516569139632887,0.11345939933259176,288.30611111111114,0,21
1562,46.0,0.10518511983714161,0.21037023967428323,22320.885589231577,-0.002224694104560623,1.5357318677769933,22320.885589231577,189.21332527870982,0.11768703882223724,276.5,0.4266074722147436,4.055777783732728,0.07119021134593993,288.30611111111114,0,21
1563,47.0,0.07276487640515879,0.14552975281031758,22452.16456800708,-0.018909899888765295,1.2260857296730447,22452.16456800708,131.27897877550276,0.08469433248629953,282.5,0.1447409796728661,1.98915997420157,0.05228031145717464,288.30611111111114,0,21
1564,48.0,0.03607345062913474,0.07214690125826947,22517.162029452564,0.020022246941045607,1.0601930464207328,22517.162029452564,64.99746144548408,0.042581233633651565,288.5,0.08556043230719106,2.371839422483419,0.010011123470522803,288.30611111111114,0,21
1565,49.0,0.035751928148820826,0.07150385629764165,22581.951817266006,-0.013348164627363738,1.024783335886363,22581.951817266006,64.78978781344267,0.047065507047503785,294.5,0.07733407428707748,2.1630742254002913,0.0,288.30611111111114,0,21
1566,50.0,0.03920838469831585,0.0784167693966317,22652.312227033413,-0.0011123470522803114,1.0142319850034787,22652.312227033413,70.36040976740696,0.053339699904591704,300.5,0.1759645772587097,4.487932329083377,0.008898776418242492,288.30611111111114,0,21
1567,51.0,0.05016865605227756,0.10033731210455513,22742.522817903504,-0.002224694104560623,1.075819083304474,22742.522817903504,90.21059087009053,0.06724965179327774,306.5,0.11400183279682505,2.272371671228964,0.00778642936596218,288.30611111111114,0,21
1568,52.0,0.05439984176202345,0.1087996835240469,22840.333733391617,0.014460511679644048,1.1155005991940987,22840.333733391617,97.8109154881131,0.06931013423903427,312.5,0.157211579260564,2.889927142588004,0.008898776418242492,288.30611111111114,0,21
1569,53.0,0.052319850330643486,0.10463970066128697,22934.43441981207,-0.011123470522803115,1.015646785911339,22934.43441981207,94.10068642045371,0.06333661920783921,318.5,0.1541489777059787,2.9462809379577752,0.024471635150166853,288.30611111111114,0,21
1570,54.0,0.056240347015399886,0.11248069403079977,23035.52631078538,-0.00778642936596218,1.0694992551778788,23035.52631078538,101.09189097330818,0.06103803125177445,324.5,0.10125822508149455,1.8004551972939953,0.010011123470522803,288.30611111111114,0,21
1571,55.0,0.05299221390959708,0.10598442781919416,23130.80631139482,0.008898776418242492,0.8929048483946812,23130.80631139482,95.28000060944032,0.06513389737763838,330.5,0.11488839804073275,2.168024122123459,0.006674082313681869,288.30611111111114,0,21
1572,56.0,0.05247815134944549,0.10495630269889097,23225.162637878668,0.0011123470522803114,0.9800068415339352,23225.162637878668,94.35632648384853,0.060197710655331305,336.5,0.10645101397186091,2.0284825443453,0.0,288.30611111111114,0,21
1573,57.0,0.04301994055548613,0.08603988111097226,23302.538721217043,-0.004449388209121246,0.9774406440283107,23302.538721217043,77.37608333837488,0.05349126359299685,342.5,0.09560830532711939,2.2224183504811217,0.0,288.30611111111114,0,21
1574,58.0,0.05058853004721878,0.10117706009443755,23393.49689824195,-0.0033370411568409346,1.074031873193742,23393.49689824195,90.95817702490604,0.05786976855595769,348.5,0.10200888507050333,2.0164429560473365,0.002224694104560623,288.30611111111114,0,21
1575,59.0,0.0472085760974474,0.0944171521948948,23478.377918065158,-0.0011123470522803114,0.9340614120852949,23478.377918065158,84.8810198232095,0.0615880422485396,354.5,0.1105580964868723,2.341907035252653,0.008898776418242492,288.30611111111114,0,21
1576,60.0,0.03989830640798584,0.07979661281597168,23550.16633319162,0.0011123470522803114,1.0232206788266973,23550.16633319162,71.7884151264625,0.052580996653711055,360.5,0.09003192223169362,2.256534934366871,0.0,288.30611111111114,0,21
1577,61.0,0.03588813687822614,0.07177627375645228,23614.648073633027,-0.002224694104560623,0.8927032992904771,23614.648073633027,64.48174044140615,0.044832019019053954,366.5,0.08790309938616601,2.4493636904148715,0.0,288.30611111111114,0,21
1578,62.0,0.034315423348101885,0.06863084669620377,23676.347204812908,0.0,0.8954629846642514,23676.347204812908,61.69913117988108,0.04441225305894744,372.5,0.07313829902853057,2.1313535399695462,0.0,288.30611111111114,0,21
1579,63.0,0.03916697240624246,0.07833394481248492,23746.8603169455,0.0,0.8901405965361908,23746.8603169455,70.51311213259032,0.051977419235926,378.5,0.08930239468271857,2.280043342550661,0.0,288.30611111111114,0,21
1580,64.0,0.0458754727118233,0.0917509454236466,23829.344416881348,0.0011123470522803114,0.9813847642068089,23829.344416881348,82.48409993584937,0.058311467910193635,384.5,0.09835701342266077,2.143999998441686,0.0,288.30611111111114,0,21
1581,65.0,0.03431336875514541,0.06862673751029082,23890.79795825113,-0.0011123470522803114,0.842504818940812,23890.79795825113,61.453541369781306,0.04603339765892142,390.5,0.07583817489238913,2.2101640743454234,0.0,288.30611111111114,0,21
1582,66.0,0.03389618054528247,0.06779236109056494,23951.771234170126,0.0,0.8237000027023867,23951.771234170126,60.97327591899739,0.04446337094162268,396.5,0.07941884127548889,2.343002662774702,0.0,288.30611111111114,0,21
1583,67.0,0.06453320815021672,0.12906641630043345,24067.862199291885,0.0,1.2982655522074131,24067.862199291885,116.09096512175893,0.07228653013868516,402.5,0.11016394085446575,1.7070891717955878,0.0011123470522803114,288.30611111111114,0,21
1584,68.0,0.03408583582772375,0.0681716716554475,24129.19080429001,0.0,0.8648540964797298,24129.19080429001,61.32860499812523,0.0471484916826946,408.5,0.07503326644325344,2.2013034042200323,0.0,288.30611111111114,0,21
1585,69.0,0.04286289226359106,0.08572578452718212,24206.258284579966,0.0,0.7723434218926144,24206.258284579966,77.06748028995571,0.062270406768335756,414.5,0.11033270543255085,2.574084472742651,0.0,288.30611111111114,0,21
1586,70.0,0.05092322334694669,0.10184644669389338,24298.00473646278,0.0,0.7283746755258622,24298.00473646278,91.74645188281283,0.07066886620188344,420.5,0.13035105172873465,2.5597564953937737,0.008898776418242492,288.30611111111114,0,21
1587,71.0,0.03753105166972316,0.07506210333944632,24365.03519474487,0.0,0.7832388251974796,24365.03519474487,67.03045828208997,0.0465422358321484,426.49666666666667,0.07961993705809872,2.121441673384529,0.0,288.30611111111114,0,21
1588,0.0,0.10316862404305616,0.2063372480861123,185.35212595766498,-0.014460511679644048,0.8536367895861829,185.35212595766498,185.35212595766498,0.11509156808691992,0.5,1.2228289279369173,11.852721108566735,0.012235817575083427,210.41722222222222,0,22
1589,1.0,2.8650571941690868,5.7301143883381735,5355.813209722346,0.017797552836484983,1.948908555001357,5355.813209722346,5170.4610837646815,3.0442182134013627,6.5,5.74509839250318,2.0052299145006605,0.8275862068965517,210.41722222222222,0,22
1590,2.0,0.7765711659043902,1.5531423318087805,6789.777927435973,0.18120805369127516,1.3302458331494535,6789.777927435973,1433.9647177136267,0.8479735742936797,12.5,4.17909485595675,5.3814705457030465,0.38814317673378074,210.41722222222222,0,22
1591,3.0,0.08553540706031075,0.1710708141206215,6949.590494135314,-0.19799777530589543,1.1217637229551145,6949.590494135314,159.812566699341,0.08136086780440237,18.5,0.15458017101103283,1.807206820235728,0.012235817575083427,210.41722222222222,0,22
1592,4.0,0.17061873363055924,0.3412374672611185,7393.169078612213,0.009111617312072893,1.281211105469943,7393.169078612213,443.57858447689887,0.13764679263138052,24.5,0.21592653579815152,1.2655499850661023,0.02164009111617312,210.41722222222222,0,22
1593,5.0,1.004357229294379,2.008714458588758,9048.843453277967,0.07346938775510205,1.280491018985364,9048.843453277967,1655.674374665754,0.7950197462517075,30.5,1.2903125653953773,1.284714768570839,0.6938775510204082,210.41722222222222,0,22
1594,6.0,0.8794892864896845,1.758978572979369,10664.514357089107,-0.013348164627363738,1.2500023956853163,10664.514357089107,1615.6709038111403,0.6429185834536272,36.5,1.8772403729774334,2.1344664475335273,0.4916573971078977,210.41722222222222,0,22
1595,7.0,1.710857087715282,3.421714175430564,14216.758735187062,-0.061518324607329845,1.161473289866439,14216.758735187062,3552.2443780979556,1.1194524692987022,42.5,2.8296442908258235,1.6539337570296977,0.6609947643979057,210.41722222222222,0,22
1596,8.0,0.40880795444528023,0.8176159088905605,14952.479471092674,0.0859375,1.4775284831939006,14952.479471092674,735.720735905612,0.3818689462257065,48.5,0.6221432475264795,1.5218472164287464,0.25892857142857145,210.41722222222222,0,22
1597,9.0,0.6909960817098457,1.3819921634196914,16355.061811453319,-0.05005561735261402,1.443239205984025,16355.061811453319,1402.5823403606446,0.5921787815689352,54.5,0.923402636912104,1.3363355615956263,0.5773081201334817,210.41722222222222,0,22
1598,10.0,0.24085780412169736,0.4817156082433947,16807.429206451783,-0.02,1.5636988908547387,16807.429206451783,452.3673949984641,0.24339427139758363,60.5,0.4444642275025612,1.8453387014937177,0.03625,210.41722222222222,0,22
1599,11.0,0.3146702004149402,0.6293404008298804,17478.959103093075,-0.021134593993325918,1.477860704280236,17478.959103093075,671.529896641292,0.3028476949197585,66.5,0.7035972904258389,2.235983227830406,0.14238042269187987,210.41722222222222,0,22
1600,12.0,0.45013373896629216,0.9002674779325843,18967.552236027524,0.03424657534246575,1.4024381100539927,18967.552236027524,1488.5931329344494,0.4200231279004261,72.41277777777778,0.6319472056712578,1.4039098849210692,0.375,210.41722222222222,0,22
1601,13.0,1.6725446681084475,3.345089336216895,20953.64027824147,0.3446969696969697,1.2401475143486642,20953.64027824147,1986.0880422139453,1.315420485530556,78.5,3.5781146200894685,2.139323803014548,0.9678030303030303,210.41722222222222,0,22
1602,14.0,0.3341488185059053,0.6682976370118106,21554.660692628786,-0.1568409343715239,1.3900473111485465,21554.660692628786,601.0204143873161,0.45319914194949207,84.5,1.5897165285986976,4.757510547865675,0.10456062291434928,210.41722222222222,0,22
1603,15.0,0.5409013707785907,1.0818027415571814,22528.31950773675,0.041156840934371525,1.5445141514956742,22528.31950773675,973.6588151079632,0.5491491737347125,90.5,1.6175321399000433,2.9904382338164828,0.3515016685205784,210.41722222222222,0,22
1604,16.0,0.5115737127949473,1.0231474255898947,23452.779616359574,-0.03337041156840934,1.4665897359913656,23452.779616359574,924.4601086228249,0.5115254395601361,96.5,1.0783358842382562,2.10787977815913,0.44048943270300334,210.41722222222222,0,22
1605,17.0,0.4221653511750331,0.8443307023500662,24213.667371363776,0.025583982202447165,1.4485970456672879,24213.667371363776,760.8877550042016,0.39278649393285914,102.5,1.67480900763304,3.967187271460018,0.2992213570634038,210.41722222222222,0,22
1606,18.0,0.3227331951038908,0.6454663902077816,24793.945249572076,0.6162402669632926,1.4100172333537342,24793.945249572076,580.2778782083005,0.35992948958002624,108.5,1.1745751105117195,3.6394617235875377,0.12680756395995552,210.41722222222222,0,22
1607,19.0,0.48341143212023424,0.9668228642404685,25621.097257396745,-0.7045720984759671,1.2667909233420542,25621.097257396745,827.1520078246685,0.6936697422368493,114.5,6.35059071894532,13.137030481657701,0.10902696365767878,210.41722222222222,0,22
1608,20.0,0.15208983818480107,0.30417967636960214,26356.559460238812,-0.030048076923076924,0.8044520570272117,26356.559460238812,735.4622028420672,0.1514116500263324,120.5,1.6079384306938036,10.572293651466921,0.014423076923076924,210.41722222222222,0,22
1609,21.0,0.49527828239343474,0.9905565647868695,27162.276515304282,0.07563959955506118,1.577888687930334,27162.276515304282,805.71705506547,0.4286421704576116,126.5,1.7046824265239124,3.4418679096648983,0.3548387096774194,210.41722222222222,0,22
1610,22.0,0.34654312189301495,0.6930862437860299,27788.831787692634,-0.028921023359288096,1.3946249359095944,27788.831787692634,626.555272388352,0.36066238422236535,132.5,1.662643241020146,4.797796106694735,0.15127919911012236,210.41722222222222,0,22
1611,23.0,0.31523752519529546,0.6304750503905909,28355.941952382622,0.5850945494994438,1.4618476613103006,28355.941952382622,567.1101646899879,0.43515398364002106,138.5,2.9017474870797564,9.204955803666046,0.07119021134593993,210.41722222222222,0,22
1612,24.0,1.2686883214856683,2.5373766429713367,30638.026083312892,0.21690767519466073,1.2961137280620283,30638.026083312892,2282.0841309302705,1.1001876185635753,144.5,3.8374263632673853,3.0247195455962386,0.8064516129032258,210.41722222222222,0,22
1613,25.0,0.630731893912426,1.261463787824852,31728.72838533042,-0.7573616018845701,1.2870224231149212,31728.72838533042,1090.7023020175293,0.5037828995315491,150.485,0.8863209924712282,1.4052262158068218,0.5677267373380448,210.41722222222222,0,22
1614,26.0,0.15857886285135817,0.31715772570271633,32027.971267664117,-0.20300751879699247,1.1067218203738312,32027.971267664117,299.2428823336959,0.13691480727429817,156.30166666666668,0.26085647704959364,1.6449637256770095,0.039473684210526314,210.41722222222222,0,22
1615,27.0,0.12034820963431432,0.24069641926862864,32302.33761787431,0.3125695216907675,1.0833435207476907,32302.33761787431,274.36635021019174,0.1270000056301374,162.5,0.25931571391010483,2.1547118540280086,0.021134593993325918,210.41722222222222,0,22
1616,28.0,0.11153190536024145,0.2230638107204829,32503.558076520243,-0.09121245828698554,1.101688391189924,32503.558076520243,201.22045864593383,0.09784229593590196,168.5,0.18736317192587187,1.6799064924130895,0.004449388209121246,210.41722222222222,0,22
1617,29.0,0.10070029581685559,0.20140059163371118,32684.95317918748,-0.22246941045606228,1.1721827323002467,32684.95317918748,181.39510266723664,0.11347874919047023,174.5,0.20423076410682298,2.0281049072413753,0.002224694104560623,210.41722222222222,0,22
1618,30.0,0.09942004705990333,0.19884009411980666,32863.73659591134,0.05784204671857619,0.9186352497852631,32863.73659591134,178.78341672385795,0.0995781876721969,180.5,0.18060120385293035,1.8165471571755858,0.00778642936596218,210.41722222222222,0,22
1619,31.0,0.13333144761591748,0.26666289523183495,33103.882053168796,-0.05784204671857619,0.953742704419551,33103.882053168796,240.14545725745847,0.11782154322239212,186.5,0.22633534577794245,1.697539101427426,0.0,210.41722222222222,0,22
1620,32.0,0.07576210788001099,0.15152421576002198,33240.08675738051,0.06451612903225806,1.0598791155007299,33240.08675738051,136.20470421171194,0.08728931760662374,192.5,0.17816986095885082,2.3517014764297364,0.0,210.41722222222222,0,22
1621,33.0,0.11787083776419288,0.23574167552838576,33452.04466508867,-0.013348164627363738,0.8721436628495218,33452.04466508867,211.9579077081653,0.12061159267364016,198.5,0.23630021622372527,2.004738582553022,0.0,210.41722222222222,0,22
1622,34.0,0.14764300206313588,0.29528600412627176,33717.625673792274,0.002224694104560623,0.9293390624312227,33717.625673792274,265.5810087036007,0.14726660437948844,204.5,0.29390079141102987,1.9906178234262024,0.017797552836484983,210.41722222222222,0,22
1623,35.0,0.0787512939526882,0.1575025879053764,33859.28098774905,-0.07230255839822025,0.9100402253334358,33859.28098774905,141.6553139567768,0.08788718147137352,210.5,0.16036700617767666,2.036372967713027,0.0,210.41722222222222,0,22
1624,36.0,0.05148234120619986,0.10296468241239971,33951.78344538466,-0.0055617352614015575,0.8224485985575947,33951.78344538466,92.50245763560815,0.06435542097830223,216.5,0.12469418207361307,2.4220767578183984,0.0,210.41722222222222,0,22
1625,37.0,0.05893718099161278,0.11787436198322555,34057.75249680755,0.00778642936596218,0.8789429711538759,34057.75249680755,105.96905142289324,0.07497627229166162,222.5,0.12400829639783427,2.10407580259873,0.0,210.41722222222222,0,22
1626,38.0,0.06135159984987905,0.1227031996997581,34168.09855535441,-0.004449388209121246,0.8265256264584474,34168.09855535441,110.34605854685651,0.07819519620240606,228.5,0.1402564589003188,2.2861092333942667,0.0,210.41722222222222,0,22
1627,39.0,0.22649162624468028,0.45298325248936055,34575.330499342446,-0.0011123470522803114,0.8074011392571666,34575.330499342446,407.23194398803753,0.2295974901015117,234.5,2.834464370760404,12.514654151930168,0.013348164627363738,210.41722222222222,0,22
1628,40.0,0.05399961477991962,0.10799922955983925,34672.44502531935,-0.00778642936596218,0.902092212269123,34672.44502531935,97.11452597690368,0.06621534100822937,240.5,0.11868192607483295,2.197829124495277,0.0,210.41722222222222,0,22
1629,41.0,0.05680084347268223,0.11360168694536446,34774.57294188321,0.002224694104560623,0.7357879857470513,34774.57294188321,102.12791656386253,0.07224188591436236,246.5,0.13034409676754488,2.2947563592120335,0.0,210.41722222222222,0,22
1630,42.0,0.050280128279811986,0.10056025655962397,34864.976612530365,-0.002224694104560623,0.7549699329806889,34864.976612530365,90.40367064715247,0.06281558433405776,252.5,0.11539914088187515,2.2951242335674222,0.0,210.41722222222222,0,22
1631,43.0,0.04726884414272691,0.09453768828545382,34949.965994298924,0.0011123470522803114,0.7444496139567603,34949.965994298924,84.98938176855881,0.06164449244873388,258.5,0.11394346367681601,2.4105405102093678,0.0,210.41722222222222,0,22
1632,44.0,0.0433579206433595,0.086715841286719,35027.92353561566,-0.0011123470522803114,0.8172693504308606,35027.92353561566,77.95754131673311,0.056068791825849354,264.5,0.09935806730098164,2.2915782359179824,0.0,210.41722222222222,0,22
1633,45.0,0.052818189448711556,0.10563637889742311,35122.89064024447,0.00778642936596218,0.778875030888619,35122.89064024447,94.9671046288131,0.06817744778658139,270.5,0.12971057677574208,2.455793697769514,0.0,210.41722222222222,0,22
1634,46.0,0.06726184033469126,0.13452368066938253,35243.86289343916,-0.00778642936596218,0.9738691927577989,35243.86289343916,120.97225319468998,0.08292274508774031,276.5,0.17564833500090085,2.6114113757055155,0.004449388209121246,210.41722222222222,0,22
1635,47.0,0.042784325927030784,0.08556865185406157,35320.48553446614,-0.0022346368715083797,0.7623132486324052,35320.48553446614,76.622641026981,0.05010084660159623,282.4977777777778,0.0916715280323922,2.1426428030849234,0.0,210.41722222222222,0,22
1636,0.0,1.3180358664904772,2.6360717329809544,2369.227811001364,-0.25361512791991103,1.4953690457189108,2369.227811001364,2369.227811001364,1.1647603490323266,0.5,2.522434968401092,1.9137832531959527,0.7352614015572859,432.1116666666667,0,23
1637,1.0,0.3287237325097321,0.6574474650194642,3016.4416751748245,-0.017797552836484983,1.3566417357596285,3016.4416751748245,647.2138641734605,0.29461522098715986,6.5,0.4323510089454353,1.315241238119719,0.10456062291434928,432.1116666666667,0,23
1638,2.0,0.18046410922612977,0.36092821845225953,3375.335718940942,-0.013348164627363738,1.394641770783538,3375.335718940942,358.89404376611765,0.20642284107243578,12.5,0.29133170504013606,1.6143470648509068,0.0055617352614015575,432.1116666666667,0,23
1639,3.0,0.8776389422082248,1.7552778844164496,4950.462703318067,0.05071521456436931,1.546044205365014,4950.462703318067,1575.1269843771247,0.7336763644725627,18.5,1.6485916440728945,1.8784394866582355,0.4265279583875163,432.1116666666667,0,23
1640,4.0,0.32750380149835584,0.6550076029967117,5596.304744057459,-0.021134593993325918,1.7046711524746005,5596.304744057459,645.8420407393924,0.3117907281819257,24.5,0.3990657695136528,1.2185072896494493,0.10122358175750834,432.1116666666667,0,23
1641,5.0,0.9276568022447915,1.855313604489583,7290.5574784491555,0.08342602892102335,1.1870019871444493,7290.5574784491555,1694.2527343916963,0.7272530102361457,30.5,1.4047416818155252,1.5142902832343375,0.42602892102335926,432.1116666666667,0,23
1642,6.0,0.24675191709279434,0.4935038341855887,7840.788888743806,-0.08453837597330367,1.4546735970478004,7840.788888743806,550.2314102946502,0.24105647752049544,36.5,0.31119775200341515,1.2611766330730678,0.011123470522803115,432.1116666666667,0,23
1643,7.0,0.28377336560855343,0.5675467312171069,8374.574437067466,-0.017797552836484983,1.6207048259543808,8374.574437067466,533.7855483236599,0.27857829528229167,42.5,0.343833627973336,1.2116486944995104,0.021134593993325918,432.1116666666667,0,23
1644,8.0,0.5855328338556465,1.171065667711293,9504.813517845718,0.0011123470522803114,1.3061232204284696,9504.813517845718,1130.2390807782522,0.5367880486941798,48.5,0.7797819936751844,1.3317476810658697,0.3437152391546162,432.1116666666667,0,23
1645,9.0,0.7601589973206689,1.5203179946413379,10990.266486875978,0.021134593993325918,1.4309614580132617,10990.266486875978,1485.4529690302606,0.8069671531659796,54.5,3.0940669172479747,4.0702891476041545,0.3114571746384872,432.1116666666667,0,23
1646,10.0,1.259739101382858,2.519478202765716,13296.297104451389,-0.02335928809788654,1.17697463865544,13296.297104451389,2306.0306175754104,1.2013619095195294,60.5,3.51742386997181,2.7921844023977784,0.5228031145717463,432.1116666666667,0,23
1647,11.0,0.7554058811022725,1.510811762204545,14669.165080784895,-0.002224694104560623,1.6226140229763344,14669.165080784895,1372.8679763335058,0.6641395533656644,66.5,2.362393705666588,3.127317068566414,0.2625139043381535,432.1116666666667,0,23
1648,12.0,0.5172547054357653,1.0345094108715307,15599.601694505262,0.0778642936596218,1.6919093438966788,15599.601694505262,930.436613720367,0.5096731519444704,72.5,1.5260442384916275,2.9502761839662712,0.1557285873192436,432.1116666666667,0,23
1649,13.0,0.4350532540012208,0.8701065080024416,16381.92243352024,-0.04004449388209121,1.4579251863239662,16381.92243352024,782.3207390149782,0.46916193954989754,78.5,1.348086634754245,3.098670386569416,0.08008898776418243,432.1116666666667,0,23
1650,14.0,0.34093774407472427,0.6818754881494485,16995.638795076426,0.0389321468298109,1.5816615304195618,16995.638795076426,613.7163615561858,0.31579393484988016,84.5,1.9998821321681524,5.8658279023804205,0.05339265850945495,432.1116666666667,0,23
1651,15.0,1.2066307667134641,2.4132615334269283,18799.753270025936,0.008445945945945946,1.2004561654241745,18799.753270025936,1804.1144749495106,1.4671175403761862,90.5,7.721498943479241,6.399222659066216,0.5033783783783784,432.1116666666667,0,23
1652,16.0,0.32067907978931287,0.6413581595786257,19376.46543521467,-0.0011123470522803114,1.393578808642549,19376.46543521467,576.7121651887355,0.38403618199495354,96.5,1.0168592890572241,3.1709561151457204,0.07007786429365963,432.1116666666667,0,23
1653,17.0,3.504016717532501,7.008033435065002,25677.03934648596,-0.067853170189099,1.396447970380276,25677.03934648596,6300.573911271287,4.236132234937201,102.5,20.32177857165815,5.799566671579289,0.30700778642936594,432.1116666666667,0,23
1654,18.0,0.5523266283603465,1.104653256720693,26670.69564503397,0.06674082313681869,1.7684826676808696,26670.69564503397,993.6562985480123,0.5661127428842254,108.5,1.7192584402009974,3.112756749217107,0.10901001112347053,432.1116666666667,0,23
1655,19.0,1.7223356894717559,3.4446713789435117,29767.639049667316,0.14349276974416017,1.2963924449806625,29767.639049667316,3096.9434046333445,1.9364245817119572,114.5,12.402981564499322,7.201256781889797,0.4883203559510567,432.1116666666667,0,23
1656,20.0,0.37347261177399094,0.7469452235479819,30439.275255602737,-0.1935483870967742,1.6395163834592403,30439.275255602737,671.6362059354215,0.46316445618933816,120.5,0.5255701629284733,1.4072522224106891,0.1724137931034483,432.1116666666667,0,23
1657,21.0,0.8080007763509937,1.6160015527019873,31892.42687747338,0.054505005561735265,1.4605726253214204,31892.42687747338,1453.151621870642,0.763280296408865,126.5,7.03450784744566,8.706065703567946,0.1846496106785317,432.1116666666667,0,23
1658,22.0,0.3754023061196885,0.750804612239377,32567.53713397775,-0.024471635150166853,1.2945523285087333,32567.53713397775,675.1102565043693,0.4328987602147285,132.5,0.8214392521402951,2.1881571816407486,0.12903225806451613,432.1116666666667,0,23
1659,23.0,0.24132431452752828,0.48264862905505657,33001.422288580776,0.48164627363737483,1.4258704303630954,33001.422288580776,433.88515460302733,0.2853098524896724,138.5,0.618634508913225,2.563498461082985,0.013348164627363738,432.1116666666667,0,23
1660,24.0,0.49768799964554605,0.9953759992910921,33896.71392655598,0.16129032258064516,1.4919274614429234,33896.71392655598,895.291637975206,0.5079306823223502,144.5,2.0661647246105295,4.151526108891623,0.20244716351501668,432.1116666666667,0,23
1661,25.0,0.3488424970430166,0.6976849940860332,34523.34533864313,-0.04449388209121246,1.4077498794914913,34523.34533864313,626.6314120871466,0.387373693741694,150.5,1.3772679003050114,3.948108134701195,0.060066740823136816,432.1116666666667,0,23
1662,26.0,0.3799857089222661,0.7599714178445321,35206.70703259134,0.45383759733036705,1.517201483233979,35206.70703259134,683.361693948209,0.48856506719062326,156.5,3.299742487587689,8.683859445521199,0.030033370411568408,432.1116666666667,0,23
1663,27.0,0.5223627739392714,1.0447255478785429,36147.16593083074,-0.25806451612903225,1.7242450359244472,36147.16593083074,940.4588982394052,0.5542905991845235,162.5,2.7951029599392965,5.350884671318956,0.20912124582869857,432.1116666666667,0,23
1664,28.0,0.35640795033770284,0.7128159006754057,36789.0476304041,0.1735261401557286,1.592429499979175,36789.0476304041,641.8816995733578,0.38268880410218176,168.5,1.3104744171393765,3.676894457314094,0.06562847608453838,432.1116666666667,0,23
1665,29.0,0.4457972326096951,0.8915944652193902,37590.7589062023,-0.17018909899888765,1.5307184329467964,37590.7589062023,801.7112757982031,0.5320143174317639,174.5,3.2278439889973245,7.240610198725415,0.09121245828698554,432.1116666666667,0,23
1666,30.0,0.49075319774714,0.98150639549428,38473.6150894555,0.15906562847608455,1.9574655254195963,38473.6150894555,882.8561832531996,0.4619817626127668,180.5,1.4780421717771766,3.011783068479843,0.18020022246941045,432.1116666666667,0,23
1667,31.0,1.1841115694910365,2.368223138982073,40608.97373787307,-0.2335928809788654,1.470119244312625,40608.97373787307,2135.3586484175685,1.2040654146140368,186.5,5.0851815174878485,4.294512146075558,0.7853170189098999,432.1116666666667,0,23
1668,32.0,0.431777574405366,0.863555148810732,41385.71122202367,0.2424916573971079,1.4709399682052464,41385.71122202367,776.7374841505953,0.5523086411209486,192.5,4.25542783385402,9.855601786902655,0.03781979977753059,432.1116666666667,0,23
1669,33.0,0.5344006612357807,1.0688013224715613,42347.66643963338,-0.12124582869855395,1.8691711400163324,42347.66643963338,961.9552176097131,0.5219768131037122,198.5,2.7626773760709096,5.169674322038311,0.1946607341490545,432.1116666666667,0,23
1670,34.0,0.4753968867858102,0.9507937735716204,43202.693426149475,-0.0867630700778643,1.7878377750037264,43202.693426149475,855.0269865160953,0.566819169872603,204.5,3.9554882118696826,8.32039149143992,0.14238042269187987,432.1116666666667,0,23
1671,35.0,0.3499319432153664,0.6998638864307328,43832.03904221081,-0.8053392658509455,1.6140337442506003,43832.03904221081,629.345616061335,0.38599472728235046,210.5,1.4817920115279348,4.234514854266855,0.07230255839822025,432.1116666666667,0,23
1672,36.0,0.3784817312844551,0.7569634625689102,44512.687577523,0.018909899888765295,1.7259167439564522,44512.687577523,680.6485353121898,0.41063068407721864,216.5,2.1089393195375634,5.572103341369864,0.03337041156840934,432.1116666666667,0,23
1673,37.0,0.3773151660282533,0.7546303320565066,45191.100246041766,-0.004449388209121246,1.3801215843953032,45191.100246041766,678.4126685187657,0.4242269772913433,222.5,2.083386488840947,5.5216081313968255,0.05561735261401557,432.1116666666667,0,23
1674,38.0,0.42786175484670186,0.8557235096934037,45960.58995147178,0.008898776418242492,1.7604734582199915,45960.58995147178,769.4897054300163,0.38775250085052076,228.5,1.3981846573540493,3.2678421044082415,0.05339265850945495,432.1116666666667,0,23
1675,39.0,0.6371598140262317,1.2743196280524633,47106.77225470721,0.09232480533926585,1.7570991776924036,47106.77225470721,1146.1823032354296,0.7077797715172098,234.5,3.8748704226897424,6.081473340580477,0.20467185761957732,432.1116666666667,0,23
1676,40.0,1.0615551440590405,2.123110288118081,49018.878185932575,-0.10122358175750834,1.5002791542748692,49018.878185932575,1912.1059312253637,1.0926701515936446,240.5,3.8504312553043647,3.627160846851132,0.7708565072302559,432.1116666666667,0,23
1677,41.0,2.1496961584193173,4.2993923168386345,52884.2854429036,-0.013348164627363738,1.9509695821823922,52884.2854429036,3865.407256971026,2.64823892458083,246.5,5.487505768159715,2.5526890145231995,0.4082313681868743,432.1116666666667,0,23
1678,42.0,0.4140783483456785,0.828156696691357,53629.48798591396,0.04338153503893215,2.011319277497442,53629.48798591396,745.2025430103604,0.39549467660569726,252.5,1.4378396890301415,3.4723855878352095,0.060066740823136816,432.1116666666667,0,23
1679,43.0,0.4638673984426832,0.9277347968853664,54463.486823406136,-0.0055617352614015575,1.737757351904137,54463.486823406136,833.9988374921741,0.4133099638197137,258.5,0.9416472856703173,2.0299923832363698,0.18020022246941045,432.1116666666667,0,23
1680,44.0,0.40034019935456255,0.8006803987091251,55183.695829195094,-0.025583982202447165,1.7603486928700547,55183.695829195094,720.2090057889582,0.4403839441531198,264.5,2.443540788600688,6.103660817824988,0.06229143492769744,432.1116666666667,0,23
1681,45.0,0.23846528019938587,0.47693056039877174,55612.486642999735,0.004449388209121246,1.6221046225373854,55612.486642999735,428.7908138046405,0.2482358592693686,270.5,0.9631358711673353,4.038893504169819,0.024471635150166853,432.1116666666667,0,23
1682,46.0,0.4775717393352332,0.9551434786704665,56472.059472038876,0.07119021134593993,1.8354035774670288,56472.059472038876,859.5728290391417,0.5960840946350351,276.5,5.109043028120492,10.697959295564976,0.02224694104560623,432.1116666666667,0,23
1683,47.0,0.7204768793001742,1.4409537586003485,57771.001984197,-0.008898776418242492,1.7942822442218298,57771.001984197,1298.9425121581226,0.9011669022751237,282.5,7.034033862481028,9.763025108194235,0.1646273637374861,432.1116666666667,0,23
1684,48.0,0.9931853778803102,1.9863707557606205,59557.04256155505,-0.048943270300333706,1.7710892106227625,59557.04256155505,1786.0405773580496,1.000849561095582,288.5,4.317447342461601,4.347070988576214,0.35706340378198,432.1116666666667,0,23
1685,49.0,0.4037177176172647,0.8074354352345294,60354.16073195514,-0.04265402843601896,1.2965613613508575,60354.16073195514,797.1181704000919,0.5729716457685128,294.5,4.54281176519458,11.252445872344122,0.04107424960505529,432.1116666666667,0,23
1686,50.0,0.28635195371250843,0.5727039074250169,60869.32329223196,0.0011123470522803114,1.4925016006273497,60869.32329223196,515.1625602768181,0.3158239902829364,300.5,1.56080575780072,5.450655172996435,0.035595105672969966,432.1116666666667,0,23
1687,51.0,0.4064082210001082,0.8128164420002164,61600.16365426762,0.013348164627363738,2.1082905638810905,61600.16365426762,730.8403620356621,0.47611848795460576,306.5,3.584108982449925,8.818987405397419,0.03114571746384872,432.1116666666667,0,23
1688,52.0,0.35614404798600363,0.7122880959720073,62240.54255157586,-0.014460511679644048,1.657245788318523,62240.54255157586,640.378897308241,0.43594150101557894,312.5,1.9679651446822464,5.525756097318204,0.09454949944382647,432.1116666666667,0,23
1689,53.0,0.20365130462117753,0.40730260924235506,62606.70759728481,0.020022246941045607,1.446649153433345,62606.70759728481,366.16504570894904,0.2245803804483044,318.5,0.9815597481090677,4.819805843792253,0.02335928809788654,432.1116666666667,0,23
1690,54.0,0.20757239522005652,0.41514479044011304,62980.75081066944,-0.028921023359288096,1.1984685051877713,62980.75081066944,374.04321338462614,0.22147704651801725,324.5,1.3696925939421292,6.598625951635132,0.028921023359288096,432.1116666666667,0,23
1691,55.0,0.14995198943102472,0.29990397886204945,63249.16487175104,-0.0033519553072625698,1.0515460808175705,63249.16487175104,268.414061081603,0.12244609025466609,330.4977777777778,0.300650235388244,2.004976636382259,0.03128491620111732,432.1116666666667,0,23
1692,57.0,0.025454871595211873,0.05090974319042375,63530.81068041058,0.0,0.4864787720289053,63530.81068041058,281.6458086595376,0.035818537498205225,342.5,0.07235071792254848,2.842313215053021,0.0,432.1116666666667,0,23
1693,58.0,1.344254735114878,2.688509470229756,65947.78069414716,0.010011123470522803,0.6545005064318122,65947.78069414716,2416.970013736587,1.8846296230173976,348.5,17.18523324637301,12.78420882401012,0.047830923248053395,432.1116666666667,0,23
1694,59.0,1.9010392558924734,3.8020785117849467,69365.84927624198,-0.010011123470522803,1.5099685487942718,69365.84927624198,3418.068582094813,2.073295424116971,354.5,3.633444060026072,1.9112935457612596,0.5461624026696329,432.1116666666667,0,23
1695,60.0,0.12806436155700357,0.25612872311400714,69596.0610790341,0.0033370411568409346,1.4203606540078875,69596.0610790341,230.21180279212422,0.15151379667079803,360.5,0.5972663387330402,4.663798198589286,0.011123470522803115,432.1116666666667,0,23
1696,61.0,0.09199957124246787,0.18399914248493573,69761.47630812813,-0.002224694104560623,1.2107228869040594,69761.47630812813,165.41522909402556,0.10966834994515885,366.5,0.5188574791644156,5.639781491991411,0.011123470522803115,432.1116666666667,0,23
1697,62.0,0.06627955433406041,0.13255910866812082,69880.74781604236,0.0,1.183858440846561,69880.74781604236,119.27150791423628,0.07314657857897693,372.5,0.13609614871923956,2.053365477282654,0.0011123470522803114,432.1116666666667,0,23
1698,63.0,0.25135429182685787,0.5027085836537157,70332.75652752434,-0.0011123470522803114,1.2254903115930231,70332.75652752434,452.0087114819762,0.2817826058231387,378.5,1.2578918369878946,5.004457365121806,0.07563959955506118,432.1116666666667,0,23
1699,64.0,0.668238095565862,1.336476191131724,71534.24862335184,0.024471635150166853,1.2406164571375429,71534.24862335184,1201.4920958275034,1.0290993519779845,384.5,8.517600525076357,12.746355799819643,0.18687430478309233,432.1116666666667,0,23
1700,65.0,0.4626571533053894,0.9253143066107788,72369.21815140048,-0.02335928809788654,1.185024527709959,72369.21815140048,834.969528048634,0.46646837385238504,390.5,1.43411066313216,3.0997265532076113,0.23025583982202447,432.1116666666667,0,23
1701,66.0,0.1771301706980184,0.3542603413960368,72389.05673051866,0.39285714285714285,0.7633196172328153,72389.05673051866,19.83857911817904,0.13186958720850403,396.0316666666667,0.2722006183840289,1.536726449883527,0.0,432.1116666666667,0,23
1702,68.0,0.18740290566474016,0.3748058113294803,72473.29031037762,-0.08947368421052632,1.0258168383247765,72473.29031037762,84.23357985896291,0.2223258492691258,408.13722222222225,0.5974958395233643,3.188295493092683,0.06315789473684211,432.1116666666667,0,23
1703,69.0,0.10179037388265444,0.20358074776530888,72643.22011813804,0.006578947368421052,1.1067052700441495,72643.22011813804,169.92980776041804,0.0904765227120103,414.5,0.15432393578116782,1.5160955785374648,0.0,432.1116666666667,0,23
1704,70.0,0.3600072618952809,0.7200145237905617,73290.54236437529,-0.010011123470522803,1.2022696103034318,73290.54236437529,647.3222462372505,0.3958716608411909,420.5,1.2460503169141188,3.461181061610281,0.1668520578420467,432.1116666666667,0,23
1705,71.0,0.38642726864877647,0.7728545372975529,73985.33859340576,0.0,1.0190838852566906,73985.33859340576,694.7962290304713,0.6746108390770774,426.5,8.577662410807783,22.197352792419043,0.02224694104560623,432.1116666666667,0,23
1706,72.0,0.051088267112156256,0.10217653422431251,74077.1952976734,0.002224694104560623,1.0067410243144188,74077.1952976734,91.85670426764409,0.05597834579429083,432.5,0.08588757923436617,1.6811605499519782,0.0,432.1116666666667,0,23
1707,73.0,0.04882596553160027,0.09765193106320054,74164.98438369924,0.014460511679644048,0.8829394036845025,74164.98438369924,87.78908602583397,0.05474620337088691,438.5,0.1041992417536556,2.134094853407817,0.0,432.1116666666667,0,23
1708,74.0,0.045080796911513385,0.09016159382302677,74246.08498493793,-0.020022246941045607,0.8603567919497128,74246.08498493793,81.10060123869334,0.052972244386422056,444.5,0.09128588219815868,2.0249394077336014,0.0,432.1116666666667,0,23
1709,75.0,0.05175557774639328,0.10351115549278656,74339.14151372592,0.0,0.9069265133737401,74339.14151372592,93.05652878798719,0.060749758972670174,450.5,0.10090201990394643,1.9495873545915163,0.0,432.1116666666667,0,23
1710,76.0,0.03799744555503679,0.07599489111007358,74407.46092083403,0.0,0.8657156042790645,74407.46092083403,68.31940710810886,0.0479191151389082,456.5,0.08064376647330597,2.12234704979046,0.0,432.1116666666667,0,23
1711,77.0,0.04250881990981253,0.08501763981962505,74483.89177903191,0.0011123470522803114,0.9445865461868916,74483.89177903191,76.43085819788394,0.054183756731770456,462.5,0.09123748634130971,2.146318964743806,0.0,432.1116666666667,0,23
1712,78.0,0.04443527091395638,0.08887054182791276,74563.78639613526,0.00778642936596218,0.9972351573736496,74563.78639613526,79.89461710334581,0.05325427296978091,468.5,0.09401130143062648,2.115690970190509,0.0,432.1116666666667,0,23
1713,79.0,0.058322010393885154,0.11664402078777031,74668.67741790136,0.002224694104560623,0.9907950860365784,74668.67741790136,104.89102176610322,0.06912445555465112,474.5,0.29194894792125786,5.0058107728033265,0.011123470522803115,432.1116666666667,0,23
1714,80.0,0.037748777706264,0.075497555412528,74736.63312904004,-0.011123470522803115,0.8583489611259673,74736.63312904004,67.95571113868209,0.044894453247631305,480.5,0.07543629968515198,1.9983772791836418,0.0,432.1116666666667,0,23
1715,81.0,0.04572192800275522,0.09144385600551044,74785.09837272296,0.013207547169811321,0.977594458400032,74785.09837272296,48.46524368292012,0.05138022691427989,486.295,0.08461684924112335,1.8506841889087509,0.0,432.1116666666667,0,23
1716,0.0,0.12512863005012562,0.25025726010025123,224.83033676495816,-0.03114571746384872,1.7649554016843283,224.83033676495816,224.83033676495816,0.12187571028563829,0.5,0.15749343550628742,1.2586522800033588,0.004449388209121246,360.00055555555554,0,24
1717,1.0,0.17069250372191086,0.3413850074438217,790.5155821196489,0.007900677200902935,1.5687247660638615,790.5155821196489,565.6852453546908,0.1727918239584646,6.5,0.23968552000045765,1.404194764117755,0.07562076749435666,360.00055555555554,0,24
1718,2.0,0.8283244150166905,1.656648830033381,2763.9063527924145,-0.007042253521126761,1.4392985790715291,2763.9063527924145,1973.3907706727655,0.9302522537457668,12.5,7.526194560133708,9.086046992810246,0.3732394366197183,360.00055555555554,0,24
1719,3.0,0.2654332679581604,0.5308665359163208,3247.7654432147824,0.00778642936596218,1.5876651772093369,3247.7654432147824,483.8590904223679,0.2839999337541866,18.5,1.0940174371289468,4.121628933496739,0.18131256952169078,360.00055555555554,0,24
1720,4.0,0.2773314890548943,0.5546629781097886,3981.5001761167596,0.002224694104560623,1.8084802034095482,3981.5001761167596,733.7347329019772,0.2457595633426309,24.5,0.32389479885569733,1.1678976662891187,0.24694104560622915,360.00055555555554,0,24
1721,5.0,0.3530036674632047,0.7060073349264094,4681.07514344633,0.060066740823136816,1.607702892130901,4681.07514344633,699.5749673295704,0.30992062235954526,30.5,0.4202757001581749,1.190570350666349,0.38375973303670746,360.00055555555554,0,24
1722,6.0,0.7951970948885199,1.5903941897770397,5870.223169420384,-0.05784204671857619,1.6510701474500253,5870.223169420384,1189.1480259740538,0.7356688350138609,36.5,6.0827750581302835,7.649392958337001,0.6129032258064516,360.00055555555554,0,24
1723,7.0,0.3100702792751201,0.6201405585502402,6531.016222259616,0.00778642936596218,1.6383114296455001,6531.016222259616,660.7930528392326,0.2654249754255976,42.5,0.42827225317241613,1.3812102668260489,0.26918798665183535,360.00055555555554,0,24
1724,8.0,0.883387202256009,1.766774404512018,8188.75875273261,0.04671857619577308,1.354059517905745,8188.75875273261,1657.742530472994,0.7375758219992123,48.5,1.572042192465034,1.7795618823210553,0.6863181312569522,360.00055555555554,0,24
1725,9.0,0.42743675914563706,0.8548735182912741,8927.879685095219,0.0249609984399376,1.7484838963291374,8927.879685095219,739.1209323626081,0.34177926536243586,54.5,0.5550298965748215,1.2985076381456249,0.4118564742589704,360.00055555555554,0,24
1726,10.0,0.2594064450335914,0.5188128900671828,9440.76715059261,-0.07341490545050056,1.5687935905230046,9440.76715059261,512.8874654973915,0.24251691188742977,60.5,0.3029879649993182,1.1680047693498259,0.15016685205784205,360.00055555555554,0,24
1727,11.0,0.33032056591761133,0.6606411318352227,10122.94881876589,0.0,1.6699530798592088,10122.94881876589,682.1816681732798,0.35707570857786003,66.5,2.1173194744271107,6.409892973346422,0.10122358175750834,360.00055555555554,0,24
1728,12.0,0.38231822626689155,0.7646364525337831,10811.362173582706,0.042269187986651836,1.6393481617017622,10811.362173582706,688.4133548168156,0.3983532852481081,72.5,1.9265464422256802,5.039117441606831,0.339265850945495,360.00055555555554,0,24
1729,13.0,1.11188004500275,2.2237600900055,12790.203831893388,0.03436426116838488,1.3605244052430996,12790.203831893388,1978.8416583106828,1.0086720740461788,78.5,3.95217145871439,3.5544944587117,0.8132875143184422,360.00055555555554,0,24
1730,14.0,0.8622377816473853,1.7244755632947706,14341.102906987713,-0.03781979977753059,1.632702139258277,14341.102906987713,1550.8990750943249,0.807526767004533,84.5,2.895219903883321,3.357797542055899,0.8175750834260289,360.00055555555554,0,24
1731,15.0,0.3545592753043444,0.7091185506086888,14959.020401092868,-0.008092485549132947,1.6694152542112861,14959.020401092868,617.9174941051551,0.42656885828341023,90.5,0.7402262506329371,2.0877362466333627,0.3086705202312139,360.00055555555554,0,24
1732,16.0,0.2066848101947545,0.413369620389509,15330.953629794436,0.041156840934371525,1.6282438200398832,15330.953629794436,371.9332287015677,0.23523963531078795,96.5,1.247583257442197,6.036163258764043,0.03225806451612903,360.00055555555554,0,24
1733,17.0,0.35103960498001474,0.7020792099600295,15876.837690539576,-0.09441489361702128,1.4814155857661582,15876.837690539576,545.8840607451402,0.3585512799675021,102.43944444444445,0.5090309001789823,1.4500668669791896,0.42021276595744683,360.00055555555554,0,24
1734,18.0,0.3597360332851091,0.7194720665702182,16427.83016910754,0.10432190760059612,1.395020553449284,16427.83016910754,550.9924785679632,0.3190750590346624,108.5,0.953822998407186,2.6514524822461496,0.3114754098360656,360.00055555555554,0,24
1735,19.0,0.2562765891032171,0.5125531782064342,16888.768619304406,-0.0200445434298441,1.4202114893724287,16888.768619304406,460.93845019686705,0.27033281518566665,114.49944444444445,0.4814594123194382,1.8786710639633462,0.14365256124721604,360.00055555555554,0,24
1736,20.0,1.8280950561983746,3.6561901123967493,20142.383733251332,-0.012062726176115802,1.591892535357498,20142.383733251332,3253.6151139469257,3.1742336716350334,120.5,23.183642259011034,12.681858189159325,0.6357056694813028,360.00055555555554,0,24
1737,21.0,0.9822342266459235,1.964468453291847,21908.545748701752,-0.012235817575083427,1.2891867105815886,21908.545748701752,1766.1620154504199,1.404062055177094,126.5,10.639597980851187,10.8320375041121,0.16796440489432704,360.00055555555554,0,24
1738,22.0,1.5651645778511758,3.1303291557023516,24725.637442205883,0.010011123470522803,1.7944463302641496,24725.637442205883,2817.0916935041314,1.8301746360800086,132.5,5.744785277935568,3.6704033296119056,0.40044493882091214,360.00055555555554,0,24
1739,23.0,0.6363702376216182,1.2727404752432363,25870.361612002784,0.7931034482758621,1.4324518073668546,25870.361612002784,1144.7241697969002,0.7406376279551241,138.5,2.7543443008587802,4.3282104316394765,0.6974416017797553,360.00055555555554,0,24
1740,24.0,0.2346005098042753,0.4692010196085506,26292.33764609664,-0.08231368186874305,1.4798516906013526,26292.33764609664,421.97603409385556,0.2550655934696579,144.5,0.9016948388989672,3.8435331604830765,0.0867630700778643,360.00055555555554,0,24
1741,25.0,0.44562468733870936,0.8912493746774187,27092.117612496128,-0.7324414715719063,1.7216711505674944,27092.117612496128,799.7799663994883,0.3585163434264779,150.4988888888889,0.46029926065910315,1.032930341916268,0.5496098104793757,360.00055555555554,0,24
1742,26.0,0.3879509788278895,0.775901957655779,27837.843427557404,0.441340782122905,1.3638955906685655,27837.843427557404,745.7258150612761,0.4729592692892804,156.5,3.3833376388705663,8.721044213092577,0.17541899441340783,360.00055555555554,0,24
1743,27.0,0.44959001953648026,0.8991800390729605,28646.285829415545,0.492769744160178,1.7239856272159615,28646.285829415545,808.4424018581412,0.407110784556826,162.5,1.1781743230671975,2.6205526632505665,0.5472747497219133,360.00055555555554,0,24
1744,28.0,0.41684767863756866,0.8336953572751373,29397.17436425821,-0.25361512791991103,1.4944766956616737,29397.17436425821,750.8885348426666,0.3316208636379796,168.5,2.0257931300657273,4.859792278769215,0.39043381535038935,360.00055555555554,0,24
1745,29.0,0.5013387594876388,1.0026775189752777,30319.178122281995,-0.34652114597544337,0.9498719617611406,30319.178122281995,922.003758023784,0.7344931065496701,174.5,4.527218212632765,9.030257738818197,0.04638472032742155,360.00055555555554,0,24
1746,30.0,0.35377869196818706,0.7075573839363741,30955.207038448814,0.6863181312569522,1.544655373918123,30955.207038448814,636.0289161668188,0.35724029912035876,180.5,1.5999508604733685,4.52246247950185,0.27474972191323693,360.00055555555554,0,24
1747,31.0,0.3702468739135493,0.7404937478270986,31620.745060708334,0.30589543937708563,1.472102784819463,31620.745060708334,665.5380222595195,0.3086684175770412,186.5,0.5601009173032064,1.5127768977030904,0.4783092324805339,360.00055555555554,0,24
1748,32.0,0.36694737548297685,0.7338947509659537,32280.363249312188,-0.7519466073414905,1.4404290019493298,32280.363249312188,659.6181886038539,0.34965992200692003,192.5,0.8960529106388927,2.441911212635071,0.3359288097886541,360.00055555555554,0,24
1749,33.0,0.588097955882832,1.176195911765664,33139.27493405851,0.002936857562408223,1.6772744238887514,33139.27493405851,858.9116847463192,0.6543097678223833,198.5,3.596275114972678,6.115095417351139,0.6020558002936858,360.00055555555554,0,24
1750,34.0,0.3504015866711097,0.7008031733422194,33770.710740918425,0.864293659621802,1.5439837942776462,33770.710740918425,631.4358068599176,0.3209113272553687,204.5,1.3797907156010023,3.9377410607905925,0.25361512791991103,360.00055555555554,0,24
1751,35.0,0.4035195457930602,0.8070390915861204,34468.593204732984,-1.685138539042821,1.5086352513679442,34468.593204732984,697.8824638145597,0.4228429274599046,210.5,2.6875803708078796,6.660347432553293,0.27455919395465994,360.00055555555554,0,24
1752,36.0,0.6674617550814458,1.3349235101628916,35663.12376622042,0.058056872037914695,1.8599685359183902,35663.12376622042,1194.5305614874378,0.7696222388613941,216.5,4.271831853931767,6.400114795207261,0.4324644549763033,360.00055555555554,0,24
1753,37.0,0.46292963799986825,0.9258592759997365,36493.07238359175,-0.07477678571428571,1.6928773801167019,36493.07238359175,829.9486173713303,0.39450494538006525,222.49833333333333,0.7736187379704177,1.671136765649552,0.5602678571428571,360.00055555555554,0,24
1754,38.0,0.225617532213214,0.451235064426428,36893.988809859315,0.05054151624548736,1.1456196780179417,36893.988809859315,400.9164262675622,0.34865501056400255,228.5,2.106839939968654,9.338103822435391,0.03429602888086643,360.00055555555554,0,24
1755,39.0,0.3044261971998383,0.6088523943996766,37441.42286414052,0.03781979977753059,1.2111871540376813,37441.42286414052,547.434054281206,0.3470672429000379,234.5,1.796434545890825,5.901051100117934,0.15016685205784205,360.00055555555554,0,24
1756,40.0,0.5561253687976878,1.1122507375953756,38438.416537024874,-0.04017857142857143,1.5476811951341094,38438.416537024874,996.9936728843531,0.5158548786592643,240.49833333333333,1.440702727483067,2.5906078167190727,0.6774553571428571,360.00055555555554,0,24
1757,41.0,0.9761097594881947,1.9522195189763893,39047.27966456236,-0.13989637305699482,1.7414328865037167,39047.27966456236,608.8631275374864,1.4710171555935743,246.5,8.158367938517205,8.358043610582172,0.5751295336787565,360.00055555555554,0,24
1758,42.0,0.5943471520220657,1.1886943040441313,40116.01822841124,0.09899888765294772,1.3772311611395196,40116.01822841124,1068.7385638488777,0.6404347253683947,252.5,2.4724548908737365,4.159950766924756,0.36262513904338156,360.00055555555554,0,24
1759,43.0,0.34240964784829403,0.6848192956965881,40732.72173198958,-0.09454949944382647,1.7343955588972106,40732.72173198958,616.703503578341,0.33453802125486576,258.5,1.4149328656096216,4.13228095207327,0.29588431590656283,360.00055555555554,0,24
1760,44.0,0.45078150204591944,0.9015630040918389,41543.41614337484,0.014460511679644048,1.3528779144149121,41543.41614337484,810.6944113852587,0.4776201660546475,264.5,1.8335349513169437,4.06745827633843,0.2992213570634038,360.00055555555554,0,24
1761,45.0,0.32847277094184985,0.6569455418836997,42134.054383417504,0.021134593993325918,1.4083513339942573,42134.054383417504,590.6382400426664,0.41183647589992356,270.5,2.7859256097074536,8.481450689867536,0.08008898776418243,360.00055555555554,0,24
1762,46.0,0.4084064773196173,0.8168129546392346,42868.30228683244,-0.04560622914349277,1.9109901789936472,42868.30228683244,734.2479034149364,0.4870327846623107,276.5,3.08590068177384,7.555954308136074,0.3426028921023359,360.00055555555554,0,24
1763,47.0,0.2605785958125058,0.5211571916250116,43337.025731896225,-0.0033370411568409346,1.1136787393241503,43337.025731896225,468.7234450637843,0.33849308788758753,282.5,1.8642589346812646,7.154305705226285,0.1067853170189099,360.00055555555554,0,24
1764,48.0,0.18013152636222918,0.36026305272445835,43660.937531866024,0.14794215795328142,1.6044323918733037,43660.937531866024,323.9117999697992,0.22288489016722152,288.5,1.3292289455906225,7.379213247311613,0.067853170189099,360.00055555555554,0,24
1765,49.0,0.12706971087701935,0.2541394217540387,43889.89237875296,-0.135706340378198,1.2940835118420146,43889.89237875296,228.9548468869325,0.1730677035011477,294.5,1.283046580228945,10.097186586587133,0.021134593993325918,360.00055555555554,0,24
1766,50.0,0.13804461410835955,0.2760892282167191,44137.80860503662,-0.018909899888765295,1.560878666004316,44137.80860503662,247.91622628366167,0.16453616898343879,300.5,0.7839461744083612,5.678933433744793,0.011123470522803115,360.00055555555554,0,24
1767,51.0,0.1010465037284986,0.2020930074569972,44319.49021874042,0.03670745272525028,1.3699048649899017,44319.49021874042,181.68161370380403,0.12123715701539788,306.5,0.5790070307832166,5.730104550068828,0.011123470522803115,360.00055555555554,0,24
1768,52.0,0.12550672422523415,0.2510134484504683,44545.424207720396,-0.030033370411568408,1.2807855830588795,44545.424207720396,225.93398897997395,0.15437579502267315,312.5,1.0126687119767983,8.06864108857996,0.011123470522803115,360.00055555555554,0,24
1769,53.0,0.1167916067623343,0.2335832135246686,44755.51414865199,-0.006674082313681869,1.3050089911214968,44755.51414865199,210.08994093159708,0.14445644742302258,318.5,0.7422235933495482,6.355110730345033,0.04004449388209121,360.00055555555554,0,24
1770,54.0,0.09024045991082862,0.18048091982165723,44917.76649557174,0.0055617352614015575,1.4583259459226754,44917.76649557174,162.25234691974765,0.11342944786436282,324.5,0.41222962810722885,4.568124193012478,0.011123470522803115,360.00055555555554,0,24
1771,55.0,0.08205243474738798,0.16410486949477596,45065.28801195614,0.002224694104560623,1.3118539631797557,45065.28801195614,147.52151638439682,0.10534549477597199,330.5,0.5837012179872483,7.113758656696406,0.011123470522803115,360.00055555555554,0,24
1772,56.0,0.086285769428576,0.172571538857152,45220.4298253887,-0.006674082313681869,1.3293619466671085,45220.4298253887,155.14181343256496,0.11112112154769363,336.5,0.6215064242980525,7.20288442015356,0.011123470522803115,360.00055555555554,0,24
1773,57.0,0.09076618935073576,0.18153237870147151,45383.62743384127,0.026696329254727477,1.2642388232449986,45383.62743384127,163.19760845256678,0.11773781586346739,342.5,0.48312460435469856,5.32273755029887,0.011123470522803115,360.00055555555554,0,24
1774,58.0,0.0656251502665635,0.131250300533127,45501.726606408476,-0.03337041156840934,1.2366278706579028,45501.726606408476,118.09917256720655,0.07091261273358183,348.5,0.11402574858083936,1.7375312379122478,0.002224694104560623,360.00055555555554,0,24
1775,59.0,0.043374908686948106,0.08674981737389621,45579.71469222766,0.002224694104560623,1.0566023943400502,45579.71469222766,77.98808581918274,0.05170746291637246,354.5,0.08517532352746701,1.9637003536354884,0.0,360.00055555555554,0,24
1776,60.0,0.03398327700257078,0.06796655400514157,45640.78681457326,-0.0011123470522803114,1.0963955216667562,45640.78681457326,61.07212234559847,0.04060608062326151,360.5,0.07347864705803352,2.162200162523319,0.0,360.00055555555554,0,24
1777,61.0,0.034952666235290544,0.06990533247058109,45703.63170846428,-0.002224694104560623,0.9192038913828013,45703.63170846428,62.844893891022366,0.041255558559559015,366.5,0.0711875306003162,2.0366838432611623,0.0,360.00055555555554,0,24
1778,62.0,0.03346093237059314,0.06692186474118628,45763.79446486662,0.0011123470522803114,0.8663449177675473,45763.79446486662,60.1627564023438,0.03967482782775752,372.5,0.06959995378584222,2.0800362947151334,0.0,360.00055555555554,0,24
1779,63.0,0.035309368107607875,0.07061873621521575,45827.335065255196,-0.0011123470522803114,0.9358106304183497,45827.335065255196,63.540600388572784,0.04140663373154682,378.5,0.07268479497583416,2.0585130482743828,0.0,360.00055555555554,0,24
1780,64.0,0.034633137574925636,0.06926627514985127,45889.655824211026,0.021134593993325918,0.8440474431916755,45889.655824211026,62.32075895582966,0.0407577898719239,384.5,0.07150742748816359,2.0647112128799705,0.0,360.00055555555554,0,24
1781,65.0,0.03740877840091627,0.07481755680183254,45955.60019236389,-0.021134593993325918,0.8467533510065657,45955.60019236389,65.94436815286463,0.045560258107914496,390.5,0.07868208700241668,2.103305437006451,0.0,360.00055555555554,0,24
1782,66.0,0.040992601249805506,0.08198520249961101,46029.30488941096,0.0,0.9429642808863182,46029.30488941096,73.7046970470692,0.047779734906291456,396.5,0.0743575388514715,1.8139258447723978,0.0,360.00055555555554,0,24
1783,67.0,0.040798867737601954,0.08159773547520391,46102.66125360319,0.0,0.9455729025170249,46102.66125360319,73.3563641922301,0.044243257534134155,402.5,0.0728675205559025,1.7860182058127245,0.0,360.00055555555554,0,24
1784,68.0,0.04087897691657694,0.08175795383315387,46176.300479860576,0.011123470522803115,0.9118370938283655,46176.300479860576,73.63922625738633,0.04440961536140041,408.5,0.07513768230148375,1.8380519271512024,0.0,360.00055555555554,0,24
1785,69.0,0.040775451753241966,0.08155090350648393,46249.817855723486,-0.010011123470522803,0.9103407561990704,46249.817855723486,73.51737586290983,0.048023574579295576,414.5,0.08249742967214978,2.0232131374385225,0.0,360.00055555555554,0,24
1786,70.0,0.05026384681744556,0.10052769363489111,46340.192252301276,-0.0011123470522803114,0.9991288817193512,46340.192252301276,90.37439657779032,0.05942412150093367,420.5,0.10046520594732247,1.9987568065015877,0.0,360.00055555555554,0,24
1787,71.0,0.04776868450418084,0.09553736900836168,46426.08314974629,0.0,0.921962522375855,46426.08314974629,85.89089744501689,0.054813774434052914,426.5,0.09581516471043937,2.005815435467003,0.0,360.00055555555554,0,24
1788,72.0,0.03511580210204221,0.07023160420408442,46489.25981165641,0.028921023359288096,1.0134948824467216,46489.25981165641,63.17666191011813,0.04130684631007474,432.5,0.06792765594352848,1.934389986198779,0.0,360.00055555555554,0,24
1789,73.0,0.03494586108803705,0.0698917221760741,46552.19047685562,-0.028921023359288096,0.8730507700553093,46552.19047685562,62.930665199208306,0.04248929605226067,438.5,0.07313261648340565,2.092740433528507,0.0,360.00055555555554,0,24
1790,74.0,0.04206039107286586,0.08412078214573172,46627.93916877169,0.0,0.8727401461537412,46627.93916877169,75.74869191607286,0.049359451423077474,444.5,0.09730474994400236,2.313453286143502,0.0,360.00055555555554,0,24
1791,75.0,0.043418256513979604,0.08683651302795921,46706.04003860267,0.0,0.8973835985968428,46706.04003860267,78.10086983097426,0.05178346217776026,450.5,0.09360124680223442,2.1558039018010113,0.0,360.00055555555554,0,24
1792,76.0,0.04190020929333338,0.08380041858666676,46781.435732574064,0.0,0.9217004653269482,46781.435732574064,75.39569397139712,0.049616922111042794,456.5,0.09241353112532955,2.2055625182768046,0.0,360.00055555555554,0,24
1793,77.0,0.03628147272465838,0.07256294544931675,46846.669820532996,0.0,0.8056064658002371,46846.669820532996,65.23408795893192,0.04305355725242682,462.5,0.07941944142408584,2.188980641078253,0.0,360.00055555555554,0,24
1794,78.0,0.04474918296955285,0.0894983659391057,46927.17141707369,0.0011123470522803114,0.9243545839189841,46927.17141707369,80.50159654069284,0.05358239622491982,468.5,0.10540949349033225,2.355562414671401,0.0,360.00055555555554,0,24
1795,79.0,0.046808429345526745,0.09361685869105349,47011.35055498934,-0.0011123470522803114,0.9313567432633661,47011.35055498934,84.17913791564933,0.05908913960533844,474.5,0.1437904803161025,3.0718928690104375,0.008898776418242492,360.00055555555554,0,24
1796,80.0,0.06519458745780173,0.13038917491560345,47128.57042323845,0.0,0.8554574291089502,47128.57042323845,117.21986824911437,0.0884596519308468,480.5,0.14324961550079235,2.197262396874787,0.0,360.00055555555554,0,24
1797,81.0,0.06629366669392779,0.13258733338785558,47247.76643595405,0.0,1.0165652775407412,47247.76643595405,119.19601271559804,0.08065309949349449,486.5,0.13371071080900643,2.0169454712218196,0.0,360.00055555555554,0,24
1798,82.0,0.058598044630011475,0.11719608926002295,47353.1763697302,0.0011123470522803114,1.0790404885111529,47353.1763697302,105.40993377615087,0.07117304585899766,492.5,0.11304844809512507,1.9292187786966934,0.0,360.00055555555554,0,24
1799,83.0,0.054395881536501135,0.10879176307300227,47450.218622391345,-0.0011210762331838565,0.9379856243681146,47450.218622391345,97.04225266114372,0.06747574577476684,498.49611111111113,0.10978687441628558,2.0182938729031457,0.0,360.00055555555554,0,24
1800,0.0,0.14741496892622327,0.29482993785244654,264.68930944492416,-0.18909899888765294,1.3990167155068878,264.68930944492416,264.68930944492416,0.16148800003322714,0.5,0.409783927277069,2.779798620601097,0.024471635150166853,366.05611111111114,2,25
1801,1.0,0.7875222931682052,1.5750445863364104,1692.983385608755,-0.020022246941045607,1.0905739417869724,1692.983385608755,1428.2940761638308,0.8988366040255583,6.5,3.176320958875903,4.033309261757596,0.3325917686318131,366.05611111111114,2,25
1802,2.0,0.3793482283805718,0.7586964567611436,2392.349596466621,0.036011080332409975,1.225945651639604,2392.349596466621,699.3662108578658,0.35655771658326707,12.5,1.0761276439170577,2.8367804655659525,0.29085872576177285,366.05611111111114,2,25
1803,3.0,0.20063067829640788,0.40126135659281575,2688.131491593388,-0.07738095238095238,1.2831738487032505,2688.131491593388,295.78189512676727,0.17475493932320615,18.5,0.2363243169459019,1.1779071822543556,0.011904761904761904,366.05611111111114,2,25
1804,4.0,0.8235066370770089,1.6470132741540178,3828.7513670307662,0.09026128266033254,1.2798675291836878,3828.7513670307662,1140.6198754373781,0.6644223280198056,24.491666666666667,1.639832871366586,1.9912806983403093,0.5201900237529691,366.05611111111114,2,25
1805,5.0,0.4024504076864168,0.8049008153728336,4472.01166370367,-0.05516014234875445,1.3342822821186078,4472.01166370367,643.2602966729037,0.36541199951550946,30.5,0.6355288982890214,1.57914835256973,0.3096085409252669,366.05611111111114,2,25
1806,6.0,0.5525001501718759,1.1050003003437519,5521.4029784817885,0.01839080459770115,1.3791045142500251,5521.4029784817885,1049.3913147781186,0.5929972006456441,36.5,2.3260259944081847,4.210000655537536,0.30689655172413793,366.05611111111114,2,25
1807,7.0,0.475208162580862,0.950416325161724,6180.7948964846,0.019880715705765408,1.2919352947677243,6180.7948964846,659.3919180028115,0.4002372070139926,42.5,0.8762896682971514,1.8440122398950605,0.4274353876739563,366.05611111111114,2,25
1808,8.0,1.4141888561513871,2.8283777123027742,7637.599546964047,0.013215859030837005,1.3506872214995387,7637.599546964047,1456.8046504794465,1.2321615647582485,48.38777777777778,4.5913448036924525,3.246627763838746,0.5462555066079295,366.05611111111114,2,25
1809,9.0,0.31339148726107124,0.6267829745221425,8072.058162674588,-0.03583617747440273,1.389158439759711,8072.058162674588,434.4586157105414,0.27830835636046425,54.5,0.43822828062438557,1.3983413667497575,0.2440273037542662,366.05611111111114,2,25
1810,10.0,0.19521586037139968,0.39043172074279936,8453.691808988617,-0.021134593993325918,1.285615575728818,8453.691808988617,381.63364631402874,0.18613587119708372,60.5,0.3683280830506724,1.8867733510480418,0.041156840934371525,366.05611111111114,2,25
1811,11.0,0.3629461273313522,0.7258922546627044,9189.555466303853,0.006674082313681869,1.5297184143911207,9189.555466303853,735.8636573152362,0.30771551326994057,66.5,0.8749349906544595,2.410646993501838,0.23804226918798665,366.05611111111114,2,25
1812,12.0,0.6843313332730134,1.3686626665460269,10419.443705481006,0.13793103448275862,1.3405875759148695,10419.443705481006,1229.888239177153,0.6203555580625635,72.5,6.688856948502568,9.774295905042322,0.21913236929922136,366.05611111111114,2,25
1813,13.0,2.059641887900953,4.119283775801906,14123.668023934635,-0.13236929922135707,0.7665700598964517,14123.668023934635,3704.224318453629,1.7419156745844868,78.5,4.048944277367557,1.9658486755160947,0.8186874304783093,366.05611111111114,2,25
1814,14.0,0.7370318236946184,1.4740636473892368,15442.884049211325,0.0259009009009009,1.2888722842541243,15442.884049211325,1319.2160252766898,0.8264232345876397,84.5,7.160970732126791,9.71595866272101,0.1677927927927928,366.05611111111114,2,25
1815,15.0,0.5401845197891787,1.0803690395783574,16413.500866575956,0.07897664071190211,1.6847932417354912,16413.500866575956,970.6168173646311,0.5885216372624416,90.5,3.5156914601398213,6.508315827917307,0.40266963292547275,366.05611111111114,2,25
1816,16.0,0.5734457084869926,1.1468914169739852,17444.806874676076,0.027808676307007785,1.4922073466892842,17444.806874676076,1031.3060081001204,0.6032414071880655,96.5,2.713822816073366,4.732484306550397,0.45050055617352613,366.05611111111114,2,25
1817,17.0,1.639904762043285,3.27980952408657,20373.7120232134,-0.019296254256526674,1.2691488652955671,20373.7120232134,2928.905148537324,1.4258031581080368,102.5,3.8484230438289835,2.3467356964278423,0.8637911464245176,366.05611111111114,2,25
1818,18.0,1.0865720072467637,2.1731440144935275,22332.190691428634,0.011123470522803115,1.6648294398614474,22332.190691428634,1958.4786682152335,1.0915107985603159,108.5,5.608192772034114,5.1613631997059874,0.7230255839822024,366.05611111111114,2,25
1819,19.0,0.06832567533907648,0.13665135067815296,22710.33410424159,-0.11674528301886793,1.1092848212339763,22710.33410424159,378.1434128129549,0.083917306280847,114.5,0.13317063545836025,1.9490569950092826,0.00589622641509434,366.05611111111114,2,25
1820,20.0,0.8536165684142909,1.7072331368285818,24245.322684462215,0.10789766407119021,1.5773570894851914,24245.322684462215,1534.9885802206263,1.0181102758003857,120.5,9.878334729077343,11.572332467055666,0.16017797552836485,366.05611111111114,2,25
1821,21.0,0.533019286459432,1.066038572918864,25207.508408493934,-0.05228031145717464,1.7029843693202276,25207.508408493934,962.1857240317186,0.442610776968194,126.5,0.8215637567480397,1.5413396430835695,0.5650723025583982,366.05611111111114,2,25
1822,22.0,0.42863570289878816,0.8572714057975763,25979.959065894684,-0.025583982202447165,1.4526951142184041,25979.959065894684,772.4506574007501,0.3862333621171626,132.5,0.5692860344327723,1.3281348953966983,0.43492769744160176,366.05611111111114,2,25
1823,23.0,0.4619819196509367,0.9239638393018734,27008.187791248576,0.5962180200222469,1.583584116955803,27008.187791248576,1028.2287253538925,0.5092872170539506,138.5,3.5236755317607527,7.627301809610133,0.27586206896551724,366.05611111111114,2,25
1824,24.0,0.521207775464283,1.042415550928566,27945.478090593417,0.1446051167964405,1.7742866542983209,27945.478090593417,937.2902993448406,0.6552528859187003,144.5,5.269397195537712,10.109974262843302,0.27697441601779754,366.05611111111114,2,25
1825,25.0,0.48019063339662066,0.9603812667932413,28808.732190298946,0.0,1.786858814002954,28808.732190298946,863.2540997055294,0.5648179868761966,150.5,4.694597398900103,9.776528470980253,0.1546162402669633,366.05611111111114,2,25
1826,26.0,0.953649648365987,1.907299296731974,30523.27368276791,-0.05561735261401557,1.3692990366140863,30523.27368276791,1714.5414924689649,1.0415709389486567,156.5,6.4159279011395105,6.727762037277276,0.7563959955506118,366.05611111111114,2,25
1827,27.0,1.3509601994417824,2.7019203988835647,32966.18086195825,1.0276497695852536,1.150694643249644,32966.18086195825,2442.9071791903407,1.3262686193566648,162.5,7.22540326820547,5.348346510275441,0.8421658986175116,366.05611111111114,2,25
1828,28.0,0.48628823903245477,0.9725764780649095,33840.74258671071,-1.0756395995550612,1.6474522801623976,33840.74258671071,874.5617247524569,0.5801809570658655,168.5,4.478665958370708,9.209899806093814,0.26362625139043383,366.05611111111114,2,25
1829,29.0,0.29924831616454034,0.5984966323290807,34379.47554279272,0.08898776418242492,1.5755108025445752,34379.47554279272,538.7329560820144,0.3714717731766385,174.5,2.794057938760048,9.336921171592316,0.08565072302558398,366.05611111111114,2,25
1830,30.0,0.29099422771427214,0.5819884554285443,34894.49456408763,-0.7317073170731707,1.8265778576849656,34894.49456408763,515.0190212949092,0.24819218669709756,180.49944444444444,0.35261602115112184,1.211762940869591,0.13356562137049943,366.05611111111114,2,25
1831,31.0,0.4742997191435019,0.9485994382870038,36097.418627036226,0.8416107382550335,1.249699537455209,36097.418627036226,1202.924062948594,0.6940939742401719,186.5,5.093101208121294,10.73814932321381,0.1704697986577181,366.05611111111114,2,25
1832,32.0,0.5120426552238491,1.0240853104476981,36812.00588661496,-0.6447166921898928,1.5354467768929116,36812.00588661496,714.5872595787368,0.5864027137467924,192.5,2.608097081439556,5.09351526641736,0.18223583460949463,366.05611111111114,2,25
1833,33.0,0.5719265013516668,1.1438530027033336,37840.81900146903,0.08120133481646273,1.229672052080716,37840.81900146903,1028.8131148540706,0.6854854476789743,198.5,3.4621342923674177,6.053460163474077,0.2424916573971079,366.05611111111114,2,25
1834,34.0,0.28605474301023803,0.5721094860204761,38359.3154282228,0.525027808676307,1.675987907475336,38359.3154282228,518.4964267537653,0.3453359300840529,204.5,2.5484604710643577,8.908995684693636,0.10011123470522804,366.05611111111114,2,25
1835,35.0,0.4233633942791842,0.8467267885583684,39120.92120311639,-0.8609566184649611,1.5255124944598606,39120.92120311639,761.6057748935928,0.45678401460989165,210.5,2.076545921662419,4.904878290665477,0.22914349276974416,366.05611111111114,2,25
1836,36.0,0.3052589068105002,0.6105178136210004,39636.08225512553,0.08902439024390243,1.7076214650075086,39636.08225512553,515.1610520091417,0.26434484563473837,216.5,0.8454641164403428,2.769662399941677,0.12560975609756098,366.05611111111114,2,25
1837,37.0,0.28295837423008074,0.5659167484601615,40084.48211703371,-0.10240202275600506,1.3476909554719076,40084.48211703371,448.3998619081758,0.20471908447457438,222.44,0.3174322721435703,1.1218338139215414,0.1390644753476612,366.05611111111114,2,25
1838,38.0,0.21134063761376473,0.42268127522752946,40543.90589819853,0.008353221957040573,1.5800916328108667,40543.90589819853,459.42378116481996,0.18998815197015645,228.49833333333333,0.2653416207675397,1.2555163255088895,0.05250596658711217,366.05611111111114,2,25
1839,39.0,0.15488700700690058,0.30977401401380117,40909.7054803303,0.020887728459530026,1.310054983774085,40909.7054803303,365.7995821317745,0.16318211962307913,234.48833333333334,0.2672867175627504,1.725688440418002,0.020887728459530026,366.05611111111114,2,25
1840,40.0,0.3991557530630617,0.7983115061261234,41731.34850388032,0.03737259343148358,1.5594786327986443,41731.34850388032,821.6430235500156,0.5084273784371311,240.5,4.389553084793783,10.997093367962274,0.09399773499433749,366.05611111111114,2,25
1841,41.0,0.4215739378333206,0.8431478756666412,42489.30446965157,-0.03225806451612903,1.6582664144401495,42489.30446965157,757.9559657712525,0.4017756145291781,246.5,1.2944962219920224,3.070626776989788,0.25806451612903225,366.05611111111114,2,25
1842,42.0,0.5464982075826121,1.0929964151652243,43472.183927005375,-0.01557285873192436,1.5622377000450192,43472.183927005375,982.8794573538034,0.5004483568248774,252.5,1.5722871571800925,2.8770216175730376,0.4682981090100111,366.05611111111114,2,25
1843,43.0,0.4356780079079972,0.8713560158159944,44257.04306781334,0.0967741935483871,1.8089766714646864,44257.04306781334,784.8591408079665,0.5227831334126457,258.5,3.846046690920745,8.827727406734105,0.1846496106785317,366.05611111111114,2,25
1844,44.0,0.532889076147697,1.065778152295394,45215.88779500975,-0.004449388209121246,1.7644282153728181,45215.88779500975,958.8447271964105,0.6007724288544906,264.5,4.422332301991362,8.298785807284322,0.3581757508342603,366.05611111111114,2,25
1845,45.0,0.46165584222820194,0.9233116844564039,46045.750448598825,-0.067853170189099,1.7380842643658,46045.750448598825,829.8626535890726,0.4989687801940458,270.5,2.9941628973450833,6.485703468829997,0.24694104560622915,366.05611111111114,2,25
1846,46.0,0.4062874451301425,0.812574890260285,46726.77618339247,-0.018427518427518427,1.4304795820710747,46726.77618339247,681.0257347936422,0.4219170515413484,276.5,1.8464427070366751,4.54467084614249,0.24078624078624078,366.05611111111114,2,25
1847,47.0,0.41149385342328615,0.8229877068465723,47466.617385357276,0.020022246941045607,1.6476596559520997,47466.617385357276,739.8412019648094,0.4254570932806518,282.5,2.3570422558743465,5.7280132771503585,0.22691879866518352,366.05611111111114,2,25
1848,48.0,1.0915843297715704,2.1831686595431408,49420.93200643132,-0.053631284916201116,1.5321108078391068,49420.93200643132,1954.3146210740451,1.127734420087393,288.4977777777778,4.028207152483972,3.6902390796750737,0.4681564245810056,366.05611111111114,2,25
1849,49.0,0.5532977345948674,1.1065954691897348,50469.16502667694,0.04489337822671156,1.232598589026737,50469.16502667694,1048.2330202456214,1.0264641743673968,294.5,8.017903562443504,14.491119448219553,0.019079685746352413,366.05611111111114,2,25
1850,50.0,0.697649279868161,1.395298559736322,51728.60864997428,-0.034482758620689655,1.4286746352966873,51728.60864997428,1259.4436232973385,0.6814534529771069,300.5,3.5075032435784785,5.0276024713181275,0.6484983314794216,366.05611111111114,2,25
1851,51.0,0.23921307191460428,0.47842614382920856,52158.75207446965,0.021134593993325918,1.1761742959410302,52158.75207446965,430.1434244953707,0.34205927960516364,306.5,3.1205041007729215,13.044872823199636,0.042269187986651836,366.05611111111114,2,25
1852,52.0,0.44757541683235774,0.8951508336647155,52963.94576215688,-0.024471635150166853,1.0566606184230345,52963.94576215688,805.1936876872278,0.6652070898163731,312.5,4.46618128358132,9.97861168334488,0.08898776418242492,366.05611111111114,2,25
1853,53.0,0.18663015352801723,0.37326030705603447,53299.81211231798,-0.0033370411568409346,1.217438196509169,53299.81211231798,335.86635016110085,0.22853157833879467,318.5,1.992690347861616,10.677215392005076,0.027808676307007785,366.05611111111114,2,25
1854,54.0,0.07847352397011177,0.15694704794022354,53440.90750841622,0.002224694104560623,1.327863942650254,53440.90750841622,141.09539609823696,0.08878360675187257,324.5,0.12927749290310525,1.6474026698781006,0.0,366.05611111111114,2,25
1855,55.0,0.1381579643806953,0.2763159287613906,53689.38879309828,0.002224694104560623,1.2191424149235663,53689.38879309828,248.48128468206414,0.17835253457643552,330.5,1.3747953291941744,9.950894509461037,0.008898776418242492,366.05611111111114,2,25
1856,56.0,0.061298181799366046,0.12259636359873209,53799.62338464794,-0.006674082313681869,1.1140273105969871,53799.62338464794,110.2345915496553,0.07323911889225408,336.5,0.12101410250292885,1.9741874709924985,0.0033370411568409346,366.05611111111114,2,25
1857,57.0,0.059089122003040076,0.11817824400608015,53905.91060311287,-0.002224694104560623,1.0920560495776814,53905.91060311287,106.28721846493136,0.06561783552101211,342.5,0.13251484112458292,2.2426266736162566,0.0,366.05611111111114,2,25
1858,58.0,0.06684192691896161,0.13368385383792322,54026.14763902394,0.002224694104560623,1.1080851000970413,54026.14763902394,120.23703591107187,0.07538282134378982,348.5,0.12826957038765838,1.9189986928888352,0.0,366.05611111111114,2,25
1859,59.0,0.06706170338671778,0.13412340677343557,54146.72458171326,0.0,1.1188954641839743,54146.72458171326,120.57694268931664,0.07638104163513938,354.5,0.13173883354311564,1.9644421016780762,0.0,366.05611111111114,2,25
1860,60.0,0.038142594630185434,0.07628518926037087,54215.30496685826,0.008898776418242492,1.0431134518886103,54215.30496685826,68.58038514500367,0.04386963976212722,360.5,0.07607676130724501,1.9945355591263079,0.0,366.05611111111114,2,25
1861,61.0,0.04075500738805639,0.08151001477611278,54288.627468949635,-0.011123470522803115,0.9957959314704254,54288.627468949635,73.32250209137419,0.043716215541989754,366.5,0.07137585653207065,1.7513395557128024,0.0,366.05611111111114,2,25
1862,62.0,0.03819761915684979,0.07639523831369958,54357.30678819369,0.0,1.0048061478072265,54357.30678819369,68.67931924405275,0.0448941459355209,372.5,0.07376456321937006,1.931129867452543,0.0,366.05611111111114,2,25
1863,63.0,0.042937117762773785,0.08587423552554757,54434.507725931166,0.0,0.967760417599523,54434.507725931166,77.20093773747794,0.052148622238415,378.5,0.08824733585703284,2.0552692042487943,0.0,366.05611111111114,2,25
1864,64.0,0.05467431635783936,0.10934863271567873,54532.812146742624,0.0,0.9711727846973636,54532.812146742624,98.30442081145884,0.06882949165796393,384.5,0.10990401844273927,2.010158073553688,0.0,366.05611111111114,2,25
1865,65.0,0.036938139574335754,0.07387627914867151,54597.44339166351,0.0011123470522803114,1.025682679695239,54597.44339166351,64.63124492088536,0.04194794573981969,390.5,0.074845284904256,2.026233204128606,0.0,366.05611111111114,2,25
1866,66.0,0.04636032270324768,0.09272064540649536,54680.96317252146,0.0,1.082237020890759,54680.96317252146,83.5197808579469,0.05437889759452029,396.5,0.08634341527291195,1.8624420676619522,0.0,366.05611111111114,2,25
1867,67.0,0.04989018697211719,0.09978037394423438,54770.697199990085,-0.0011123470522803114,0.9263367059884934,54770.697199990085,89.73402746862848,0.05954139991124057,402.5,0.10279207270927697,2.060366555986767,0.0,366.05611111111114,2,25
1868,68.0,0.05155484621397741,0.10310969242795481,54863.4352662606,0.024471635150166853,1.0502624009308354,54863.4352662606,92.73806627051817,0.06312874481622763,408.5,0.10485399627295754,2.033833945266038,0.0,366.05611111111114,2,25
1869,69.0,0.04324093679797359,0.08648187359594718,54941.25911187794,-0.02224694104560623,1.094737047185233,54941.25911187794,77.82384561733488,0.05051707163083969,414.5,0.07410544503483585,1.7137798235284456,0.0,366.05611111111114,2,25
1870,70.0,0.03991688310729734,0.07983376621459468,55013.07863425303,-0.0011123470522803114,0.996252576169819,55013.07863425303,71.81952237508813,0.04688710917691571,420.5,0.0747010131494968,1.8714139816152244,0.0,366.05611111111114,2,25
1871,71.0,0.036127835084704775,0.07225567016940955,55078.03648173528,0.0,1.2089744113159662,55078.03648173528,64.9578474822556,0.04094809478493335,426.5,0.06948995596229667,1.9234464450851143,0.0,366.05611111111114,2,25
1872,72.0,0.03900782315299057,0.07801564630598114,55148.17254776441,-0.0011123470522803114,1.0606175634966004,55148.17254776441,70.13606602912478,0.04964221275726724,432.5,0.08368014173487723,2.1452143434582256,0.0,366.05611111111114,2,25
1873,73.0,0.04227075337547023,0.08454150675094046,55224.175362333495,0.004449388209121246,0.9931397019092622,55224.175362333495,76.00281456908851,0.04876394538073152,438.5,0.08323802583429124,1.969163527674299,0.0,366.05611111111114,2,25
1874,74.0,0.05061863435384229,0.10123726870768458,55315.18766690165,-0.0033370411568409346,0.9936105627743169,55315.18766690165,91.01230456815392,0.05546772700395946,444.5,0.09765825577258648,1.9292945576113427,0.0,366.05611111111114,2,25
1875,75.0,0.05386802524622045,0.1077360504924409,55412.10341707901,-0.0011123470522803114,1.0144504258255207,55412.10341707901,96.91575017735886,0.0607449065868433,450.5,0.1044133797753105,1.9383183121723304,0.0,366.05611111111114,2,25
1876,76.0,0.05452162144484013,0.10904324288968026,55510.133292436774,0.0,0.9840800828245593,55510.133292436774,98.02987535776629,0.06253944378069204,456.5,0.10185196526954281,1.868102278883747,0.0,366.05611111111114,2,25
1877,77.0,0.059041865664585975,0.11808373132917195,55616.29056690171,0.002224694104560623,1.1144334595357497,55616.29056690171,106.15727446493838,0.06866764502830168,462.5,0.09939998316205544,1.6835508506242334,0.0,366.05611111111114,2,25
1878,78.0,0.05537237724200189,0.11074475448400378,55715.863472135046,0.006674082313681869,0.9649088644904223,55715.863472135046,99.57290523333359,0.06609629555298083,468.5,0.1091548138772427,1.9712863943006755,0.0,366.05611111111114,2,25
1879,79.0,0.060737742903211364,0.12147548580642273,55825.06993387506,-0.006674082313681869,0.9857629617290605,55825.06993387506,109.20646174001013,0.07785470406936335,474.5,0.2989834407142525,4.922531302993883,0.011123470522803115,366.05611111111114,2,25
1880,80.0,0.048910284932344894,0.09782056986468979,55913.01062618342,0.0055617352614015575,1.2073864733594726,55913.01062618342,87.94069230836612,0.06063594727912698,480.5,0.09707273010463563,1.9847099692612995,0.0,366.05611111111114,2,25
1881,81.0,0.05206600345156676,0.10413200690313353,56006.64640513387,0.0011123470522803114,1.27570597024099,56006.64640513387,93.63577895044727,0.0624767262287751,486.5,0.09789641038555216,1.8802366975721136,0.0,366.05611111111114,2,25
1882,82.0,0.05211303863894188,0.10422607727788376,56100.3707440945,-0.008898776418242492,1.193120088666464,56100.3707440945,93.72433896063012,0.061155050569121454,492.5,0.13398132450325648,2.5709750957246595,0.011123470522803115,366.05611111111114,2,25
1883,83.0,0.04777281224367469,0.09554562448734938,56185.597441137266,0.002242152466367713,1.2435671805023427,56185.597441137266,85.22669704276632,0.05660791712547973,498.49611111111113,0.10674635377591594,2.234458236024185,0.0,366.05611111111114,2,25
1884,0.0,0.22540952772833928,0.45081905545667855,404.4963928103056,-0.3437152391546162,1.656534592840364,404.4963928103056,404.4963928103056,0.16514789680213282,0.5,0.32381516691229506,1.4365637964627345,0.10901001112347053,360.00055555555554,2,26
1885,1.0,0.16008427060449393,0.32016854120898786,772.2241402942681,-0.004449388209121246,1.1948870823923774,772.2241402942681,367.72774748396245,0.13379036609925105,6.5,0.24262175768605768,1.5155877386947143,0.012235817575083427,360.00055555555554,2,26
1886,2.0,0.5911967968637513,1.1823935937275025,1836.1723506120622,0.0055617352614015575,1.0998521493502942,1836.1723506120622,1063.9482103177943,0.6621952208142767,12.5,3.722651360537092,6.296805700378353,0.07675194660734148,360.00055555555554,2,26
1887,3.0,0.16960727472080003,0.33921454944160007,2142.278502711098,0.002224694104560623,1.0839450060745277,2142.278502711098,306.10615209903585,0.1207948349570856,18.5,0.2137050995898819,1.2599996075738717,0.014460511679644048,360.00055555555554,2,26
1888,4.0,0.7440609329957315,1.488121865991463,3111.961341030269,-0.01639344262295082,1.2662662431220528,3111.961341030269,969.682838319171,0.4194723262377408,24.5,1.3816792733937444,1.8569437153901356,0.3185011709601874,360.00055555555554,2,26
1889,5.0,0.1657225331165308,0.3314450662330616,3133.415271529586,0.5555555555555556,1.424116910035322,3133.415271529586,21.45393049931681,0.09866928049641176,30.035555555555554,0.2214347432198126,1.3361776401529342,0.015873015873015872,360.00055555555554,2,26
1890,6.0,0.4404439096262942,0.8808878192525884,4067.3128357054475,0.01002227171492205,1.3627020456200571,4067.3128357054475,933.8975641758616,0.35455333852908805,36.5,0.40659911598557635,0.9231575396979962,0.44097995545657015,360.00055555555554,2,26
1891,7.0,0.10826826583870199,0.21653653167740397,4262.767722558508,-0.048943270300333706,1.1065985055793948,4262.767722558508,195.4548868530601,0.09118297436606153,42.5,0.1707492195231558,1.5770938806532462,0.010011123470522803,360.00055555555554,2,26
1892,8.0,0.32978305494269655,0.6595661098853931,4910.291205089901,0.01668520578420467,1.770502109091709,4910.291205089901,647.5234825313937,0.2764533334313048,48.5,0.3551886280508028,1.0770372301649058,0.19132369299221358,360.00055555555554,2,26
1893,9.0,0.39570133147718106,0.7914026629543621,5718.612841358932,0.047830923248053395,1.5066438636001156,5718.612841358932,808.3216362690309,0.32007628964566737,54.5,0.48998545456463904,1.2382709270537167,0.3014460511679644,360.00055555555554,2,26
1894,10.0,0.9144797662928551,1.8289595325857102,7657.4218759551295,0.021839080459770115,1.4669784915319943,7657.4218759551295,1938.8090345961973,0.6356016143858747,60.5,1.8628323061253513,2.0370404844242267,0.5367816091954023,360.00055555555554,2,26
1895,11.0,0.46030277728627955,0.9206055545725591,8770.166237567368,-0.058954393770856504,1.6290954357494076,8770.166237567368,1112.7443616122382,0.4106733850507245,66.5,1.3180029967463276,2.863339223188332,0.339265850945495,360.00055555555554,2,26
1896,12.0,0.374481650044123,0.748963300088246,9443.93722442126,0.04560622914349277,1.9066623175314068,9443.93722442126,673.7709868538932,0.3795899738534852,72.5,0.7660611517215026,2.045657381693448,0.28809788654060065,360.00055555555554,2,26
1897,13.0,0.9569733091576522,1.9139466183153044,11201.65887210434,-0.029511918274687854,1.4248048931042403,11201.65887210434,1757.72164768308,0.7664854778622376,78.5,3.5527488695162015,3.712484805499335,0.5005675368898979,360.00055555555554,2,26
1898,14.0,0.9127277321423497,1.8254554642846994,12842.91560416102,0.05561735261401557,1.5711774518616468,12842.91560416102,1641.2567320566795,0.8451405959395585,84.5,6.07226798039176,6.652879896767204,0.560622914349277,360.00055555555554,2,26
1899,15.0,0.6047255526872496,1.2094511053744992,15404.26526471393,-0.06257378984651712,1.6623838977612528,15404.26526471393,2561.349660552909,0.728449391423282,90.5,0.7141307164587488,1.1809170511901308,0.628099173553719,360.00055555555554,2,26
1900,16.0,0.05936907553874183,0.11873815107748366,15416.770839729834,-0.3163265306122449,0.5737294880902282,15416.770839729834,12.50557501590447,0.1064228277860232,96.055,0.11515256536548091,1.9396051617872516,0.05102040816326531,360.00055555555554,2,26
1901,17.0,1.4405709418289327,2.8811418836578655,18116.82399602569,0.28192161820480405,1.4087819445458596,18116.82399602569,2700.0531562958568,1.0218211854366472,102.5,4.520707017676421,3.1381356422037654,0.8103666245259166,360.00055555555554,2,26
1902,18.0,0.5851779928183363,1.1703559856366725,19170.401696631994,-0.1757508342602892,1.720217964893488,19170.401696631994,1053.5777006063036,0.6473733908527339,108.5,3.682302053313774,6.29261882453757,0.36262513904338156,360.00055555555554,2,26
1903,19.0,0.7272266296243816,1.4544532592487631,20471.339405967734,0.05902383654937571,1.9426949201397394,20471.339405967734,1300.9377093357398,0.7516850235468305,114.5,4.932785102672453,6.783009452253249,0.5584562996594779,360.00055555555554,2,26
1904,20.0,0.90920241146358,1.81840482292716,22106.14579289647,-0.047830923248053395,1.4618621303701407,22106.14579289647,1634.8063869287362,0.899646494970934,120.5,2.1753258564932776,2.392564987802405,0.7408231368186874,360.00055555555554,2,26
1905,21.0,0.3489887921561252,0.6979775843122504,22733.509333593298,-0.08685968819599109,1.755490165128336,22733.509333593298,627.3635406968278,0.36711275018121037,126.49944444444445,0.38168619635891865,1.0936918460927703,0.2806236080178174,360.00055555555554,2,26
1906,22.0,0.44278663778737354,0.8855732755747471,23352.368061370664,0.016877637130801686,1.6000328046873955,23352.368061370664,618.8587277773659,0.523434316687585,132.42555555555555,1.8151742942934754,4.099433314799177,0.3080168776371308,360.00055555555554,2,26
1907,23.0,0.554190163084409,1.108380326168818,24430.300719865634,1.0945494994438265,1.8537612659447618,24430.300719865634,1077.9326584949704,0.5496726941630502,138.5,2.102475722159315,3.793780298188161,0.44382647385984425,360.00055555555554,2,26
1908,24.0,0.5161040874476406,1.0322081748952812,25358.452351541888,0.0867630700778643,1.7127037150931823,25358.452351541888,928.1516316762536,0.6337236690849931,144.5,5.396706906124839,10.45662500526571,0.21690767519466073,360.00055555555554,2,26
1909,25.0,0.7836575897719011,1.5673151795438023,26769.0724409821,0.13014460511679643,1.910826488844734,26769.0724409821,1410.6200894402136,0.7972181243155992,150.5,3.02979534079045,3.866223437805702,0.5383759733036707,360.00055555555554,2,26
1910,26.0,1.0991816518249045,2.198363303649809,28705.532601451607,-0.2241183162684869,1.3967033378674398,28705.532601451607,1936.4601604695054,0.951777499722597,156.5,2.2613583073603674,2.057310821742677,0.9249146757679181,360.00055555555554,2,26
1911,27.0,0.3671036904887977,0.7342073809775954,29365.580433829433,-0.08120133481646273,1.6023943282718744,29365.580433829433,660.0478323778261,0.4000849855069917,162.5,2.6361284967951373,7.180882581935197,0.18242491657397109,360.00055555555554,2,26
1912,28.0,0.7392247238199077,1.4784494476398153,30695.351440439623,-0.017797552836484983,1.8665242430221514,30695.351440439623,1329.77100661019,0.7713770516289543,168.5,4.587805768555798,6.206239619325143,0.6262513904338154,360.00055555555554,2,26
1913,29.0,0.486195212459411,0.972390424918822,31566.893444402907,-0.9933035714285714,1.3381568457509103,31566.893444402907,871.5420039632845,0.3953215311347619,174.49833333333333,0.8924548793219292,1.8355896077369005,0.3939732142857143,360.00055555555554,2,26
1914,30.0,0.43845920947677713,0.8769184189535543,32395.612405524018,1.3406720741599072,1.712772499373259,32395.612405524018,828.7189611211106,0.5001962010812712,180.5,2.905362682903083,6.626300965077493,0.19466975666280417,360.00055555555554,2,26
1915,31.0,0.2548446402646753,0.5096892805293506,32854.28955922127,-0.917686318131257,1.8913353822884333,32854.28955922127,458.67715369725556,0.22326155681969273,186.5,0.40779041383393694,1.6001529928603402,0.11568409343715239,360.00055555555554,2,26
1916,32.0,0.48824021930782546,0.9764804386156509,34018.796702944106,0.3127317676143387,1.08092525222018,34018.796702944106,1164.5071437228326,0.9158810425949439,192.5,9.115079091852825,18.66925077326732,0.030902348578491966,360.00055555555554,2,26
1917,33.0,0.33312726888082106,0.6662545377616421,34618.073096404805,0.10011123470522804,1.6067715260362552,34618.073096404805,599.2763934606992,0.39429226405900153,198.5,2.6562356022689317,7.9736360556518155,0.13793103448275862,360.00055555555554,2,26
1918,34.0,0.4971676229973296,0.9943352459946592,35512.03912905466,0.6040044493882091,1.8604070764691913,35512.03912905466,893.9660326498561,0.5192873500520729,204.5,2.1830427035166284,4.390959110240279,0.43159065628476084,360.00055555555554,2,26
1919,35.0,0.4733108776888036,0.9466217553776072,36363.05589228286,-1.2936596218020022,1.6561030733096849,36363.05589228286,851.0167632281955,0.5418391178372438,210.5,3.253496807849201,6.873910913977213,0.28698553948832034,360.00055555555554,2,26
1920,36.0,0.3176043120022149,0.6352086240044298,36946.511951838416,0.038636363636363635,1.6078800289901716,36946.511951838416,583.4560595555595,0.261368770031481,216.5,0.6552380252589347,2.0630640092013777,0.1965909090909091,360.00055555555554,2,26
1921,37.0,0.44126204896133064,0.8825240979226613,37739.52928474873,-0.08314087759815242,1.487818372028339,37739.52928474873,793.0173329103127,0.44457078146285184,222.5,1.1725652631350614,2.6572991398084573,0.2806004618937644,360.00055555555554,2,26
1922,38.0,0.3458333742130374,0.6916667484260748,38361.441808067764,0.01557285873192436,1.5724497563997046,38361.441808067764,621.9125233190352,0.4249430007028328,228.5,3.5496133037066113,10.263940869743845,0.07341490545050056,360.00055555555554,2,26
1923,39.0,0.258914188898682,0.517828377797364,38827.08393594041,0.060066740823136816,1.769267601329103,38827.08393594041,465.6421278726484,0.2858320213149821,234.5,1.82559714047377,7.050973715419516,0.08898776418242492,360.00055555555554,2,26
1924,40.0,0.5902144153205438,1.1804288306410875,40064.46637753656,-0.0775462962962963,1.3360529831451917,40064.46637753656,1237.3824415961499,0.7672452854497375,240.5,4.222114344419731,7.153526303024492,0.16782407407407407,360.00055555555554,2,26
1925,41.0,0.3353239617706463,0.6706479235412925,40668.02310237091,0.08565072302558398,1.3453367411347334,40668.02310237091,603.5567248343505,0.4380321631775986,246.5,2.8857253373267167,8.60578326132412,0.06117908787541713,360.00055555555554,2,26
1926,42.0,0.25269640262729226,0.5053928052545845,41123.84456581438,-0.03781979977753059,1.5376884708640024,41123.84456581438,455.82146344346984,0.35618548124796195,252.5,3.243734356859955,12.83648806684523,0.03781979977753059,360.00055555555554,2,26
1927,43.0,0.1593285298234421,0.3186570596468842,41410.37030608267,-0.054505005561735265,1.493202327496979,41410.37030608267,286.5257402682837,0.1809712102167262,258.5,0.6691482703652807,4.199801950766689,0.042269187986651836,360.00055555555554,2,26
1928,44.0,0.16176382712292886,0.3235276542458577,41701.487119664496,0.008898776418242492,1.5237385931706764,41701.487119664496,291.1168135818298,0.21843155306687667,264.5,1.3256941923289047,8.195244980952834,0.03670745272525028,360.00055555555554,2,26
1929,45.0,0.16804558874006376,0.3360911774801275,42004.79821188996,-0.020022246941045607,1.5259670950773205,42004.79821188996,303.31109222546365,0.24484181994103918,270.5,2.1235634347805155,12.636829390774936,0.027808676307007785,360.00055555555554,2,26
1930,46.0,0.1847679951654945,0.369535990330989,42337.10468348451,0.014460511679644048,1.5607261036582916,42337.10468348451,332.3064715945511,0.21011483677020745,276.5,0.9618126348494564,5.205515349062332,0.0778642936596218,360.00055555555554,2,26
1931,47.0,0.06287441978327174,0.12574883956654348,42449.64989489661,-0.02569832402234637,1.4877537485756018,42449.64989489661,112.54521141209989,0.06906424886941562,282.4977777777778,0.09463597830700907,1.5051586739602447,0.0033519553072625698,360.00055555555554,2,26
1932,48.0,0.6270012358770166,1.2540024717540332,42533.66072681591,16.5,0.9060882224396812,42533.66072681591,84.01083191930229,0.8814069399915689,288.5,0.5354272152032407,0.8539492182249259,0.0,360.00055555555554,2,26
1933,49.0,0.12725856960026805,0.2545171392005361,42762.840154976475,-0.034482758620689655,0.6501901171288691,42762.840154976475,229.17942816056166,0.18044404229621794,294.5,1.2100006830128431,9.508205905610733,0.02335928809788654,360.00055555555554,2,26
1934,50.0,0.06770369408049047,0.13540738816098094,42884.57139693324,-0.002224694104560623,0.6578247396661032,42884.57139693324,121.73124195676792,0.0893052458931367,300.5,0.19615069622992926,2.897193408630448,0.0,360.00055555555554,2,26
1935,51.0,0.1986617268921462,0.3973234537842924,43118.461001260075,0.0,0.6357406447155235,43118.461001260075,233.88960432683234,0.3377288630244238,306.4111111111111,2.261200170046106,11.382163063918778,0.026455026455026454,360.00055555555554,2,26
1936,52.0,0.4777977077793246,0.9555954155586492,44049.059912809265,0.002347417840375587,1.1573566652673417,44049.059912809265,930.5989115491902,0.34887849561754636,312.5,4.867725028123417,10.187836711790215,0.02464788732394366,360.00055555555554,2,26
1937,53.0,0.7785444120339172,1.5570888240678344,45448.88276564625,-0.002224694104560623,1.1691569593255917,45448.88276564625,1399.8228528369873,1.2225075266268268,318.5,6.337566206963073,8.14027576205502,0.05672969966629588,360.00055555555554,2,26
1938,54.0,0.060259602355273535,0.12051920471054707,45557.37351901456,0.0,0.593124215740664,45557.37351901456,108.4907533683072,0.08300852480382184,324.5,0.16030843788128077,2.6602969753458985,0.0,360.00055555555554,2,26
1939,55.0,0.3957127864432797,0.7914255728865593,46268.865109039536,0.0,0.8863776177884759,46268.865109039536,711.4915900249762,0.628497496861429,330.5,4.025882166754783,10.173747992679132,0.04004449388209121,360.00055555555554,2,26
1940,56.0,0.05588886617496912,0.11177773234993824,46369.35329042221,0.010011123470522803,1.0992700831185627,46369.35329042221,100.48818138267234,0.06621089893628304,336.5,0.10896126775842488,1.9496059808639532,0.0,360.00055555555554,2,26
1941,57.0,0.15494412639780572,0.30988825279561144,46647.97394338484,-0.0033370411568409346,1.220773611638595,46647.97394338484,278.6206529626288,0.11942328988698592,342.5,0.2194602517506491,1.4163831624517587,0.020022246941045607,360.00055555555554,2,26
1942,58.0,0.3876734851484761,0.7753469702969522,47345.055012280085,-0.006674082313681869,0.811877652400779,47345.055012280085,697.0810688952479,0.6862572885802527,348.5,5.005084874007807,12.910567954088725,0.020022246941045607,360.00055555555554,2,26
1943,59.0,0.20031132891429182,0.40062265782858364,47705.214781667986,0.0,0.6370313893896226,47705.214781667986,360.1597693879012,0.35553221178954525,354.5,3.010057219434884,15.026894563326529,0.026696329254727477,360.00055555555554,2,26
1944,60.0,0.05277268601112863,0.10554537202225726,47800.16119848213,0.010011123470522803,1.1697558557136545,47800.16119848213,94.94641681414214,0.059492732339949644,360.5,0.10526286177913091,1.9946466578739848,0.0011123470522803114,360.00055555555554,2,26
1945,61.0,0.044549561089441074,0.08909912217888215,47880.52103569548,-0.010011123470522803,1.0438357569664896,47880.52103569548,80.35983721334924,0.04709017528009325,366.5,0.07235015340639953,1.624037400977843,0.0,360.00055555555554,2,26
1946,62.0,0.05089337198105458,0.10178674396210916,47972.02731851734,0.002224694104560623,1.0818224094604576,47972.02731851734,91.50628282186517,0.05754253920968817,372.5,0.09078503304715241,1.783828217964174,0.0,360.00055555555554,2,26
1947,63.0,0.06266684696370929,0.12533369392741858,48084.702309358065,0.0,0.9634341744256393,48084.702309358065,112.67499084072188,0.07321651679009991,378.5,0.12593070167984735,2.009526692044591,0.0,360.00055555555554,2,26
1948,64.0,0.0662916595210657,0.1325833190421314,48203.89471317685,-0.002224694104560623,1.1190778161252146,48203.89471317685,119.19240381878626,0.07804124376017649,384.5,0.12258413670091708,1.849163795061778,0.0,360.00055555555554,2,26
1949,65.0,0.054722832286511744,0.10944566457302349,48302.485132393085,0.0,1.056274059877448,48302.485132393085,98.5904192162343,0.06444195911896027,390.5,0.10332761165378773,1.888199264116968,0.0,360.00055555555554,2,26
1950,66.0,0.050082046992694036,0.10016409398538807,48392.64096130946,0.0,1.1941144877016598,48392.64096130946,90.15582891637314,0.05504404049316387,396.5,0.08240657068115514,1.6454313597280998,0.0,360.00055555555554,2,26
1951,67.0,0.06715100387210779,0.13430200774421558,48513.400036906154,0.0,1.1154829746806065,48513.400036906154,120.75907559669577,0.07707378522381302,402.5,0.11287966722826488,1.6809825724012921,0.0,360.00055555555554,2,26
1952,68.0,0.05435713030597077,0.10871426061194155,48611.13415719624,0.00778642936596218,1.1398413805463126,48611.13415719624,97.73412029008614,0.063057609845811,408.5,0.08984031422479989,1.6527788299179496,0.0,360.00055555555554,2,26
1953,69.0,0.05239218458217247,0.10478436916434494,48705.54971250673,-0.00778642936596218,1.1829115885962294,48705.54971250673,94.41555531048652,0.05751965306909851,414.5,0.08857166111997478,1.6905510206595418,0.0,360.00055555555554,2,26
1954,70.0,0.04768240507528928,0.09536481015057856,48791.15294864803,0.0033370411568409346,1.1321498490370387,48791.15294864803,85.60323614130175,0.05426642749840497,420.5,0.08197820728105709,1.7192548729791552,0.0,360.00055555555554,2,26
1955,71.0,0.04401532291975935,0.0880306458395187,48869.76431538269,-0.0033594624860022394,1.1483736258947235,48869.76431538269,78.61136673465808,0.04611777301328421,426.49666666666667,0.07150470945736499,1.6245412895804319,0.0,360.00055555555554,2,26
1956,0.0,0.8302843874262533,1.6605687748525066,1484.9259072712555,-0.3381535038932147,2.0335523195601737,1484.9259072712555,1484.9259072712555,0.6026922098625653,0.5,0.7400245371344972,0.8912904401688836,0.7563959955506118,330.2783333333333,2,27
1957,1.0,0.2506569945411401,0.5013139890822802,1907.4441995981524,-0.017797552836484983,1.411790097658269,1907.4441995981524,422.5182923268969,0.4036407471294788,6.5,4.430734864096948,17.67648603705625,0.01557285873192436,330.2783333333333,2,27
1958,2.0,0.4616704850567025,0.923340970113405,2850.979846491939,0.014925373134328358,1.0603037203236556,2850.979846491939,943.5356468937866,0.5228507858395733,12.5,3.0870384898558125,6.686670666149823,0.15958668197474168,330.2783333333333,2,27
1959,3.0,0.42988741242468465,0.8597748248493693,3629.16424496034,0.03670745272525028,1.6700622093622746,3629.16424496034,778.184398468401,0.5795602690657191,18.5,5.377339331933772,12.508715483442703,0.14238042269187987,330.2783333333333,2,27
1960,4.0,0.20990565858918808,0.41981131717837616,4052.1874759764482,-0.042269187986651836,1.6391675317475476,4052.1874759764482,423.0232310161082,0.19108229503035437,24.5,0.2590786685657833,1.2342624315470838,0.04338153503893215,330.2783333333333,2,27
1961,5.0,1.4831210876308407,2.9662421752616814,6569.436855491225,0.08267716535433071,1.1304523726077016,6569.436855491225,2517.249379514777,1.0096405975811795,30.5,1.8616200053173986,1.2552043260953005,0.8779527559055118,330.2783333333333,2,27
1962,6.0,0.41236516884877994,0.8247303376975599,7116.704078372821,-0.07897664071190211,1.292223992104534,7116.704078372821,547.2672228815954,0.41975070869357534,36.5,4.818299558445435,11.68454545250977,0.07119021134593993,330.2783333333333,2,27
1963,7.0,0.9690312976356971,1.9380625952713941,8854.857717156834,0.10456062291434928,1.9314821134196405,8854.857717156834,1738.1536387840133,1.0825126150106494,42.5,9.34515193676939,9.643808161377526,0.4638487208008899,330.2783333333333,2,27
1964,8.0,0.5629361146162087,1.1258722292324175,9989.973682264106,-0.05228031145717464,1.5950424122465403,9989.973682264106,1135.1159651072721,0.5242439859719306,48.5,1.8563716997664574,3.2976596305818298,0.4082313681868743,330.2783333333333,2,27
1965,9.0,0.22684863304274677,0.45369726608549354,10572.270910931142,-0.04449388209121246,1.2465899298550085,10572.270910931142,582.2972286670356,0.22498108204403494,54.5,0.7261549394742257,3.201054948994958,0.09121245828698554,330.2783333333333,2,27
1966,10.0,0.9860003110669756,1.9720006221339512,12360.102941676832,0.008898776418242492,1.3637860390467846,12360.102941676832,1787.8320307456906,0.8430359422365883,60.5,3.398946284292857,3.4472060973436935,0.5272525027808677,330.2783333333333,2,27
1967,11.0,0.24518598243159703,0.49037196486319407,12894.56531019699,-0.014460511679644048,1.6450388176938084,12894.56531019699,534.4623685201568,0.21712184564339354,66.5,0.372522581064627,1.519346976406185,0.1635150166852058,330.2783333333333,2,27
1968,12.0,0.4582886183040884,0.9165772366081768,13718.61866284242,0.05561735261401557,1.5853485080452552,13718.61866284242,824.053352645431,0.4701557476013801,72.5,2.228152019878184,4.861896915798458,0.289210233592881,330.2783333333333,2,27
1969,13.0,0.46242244055931087,0.9248448811186217,14550.024931419455,0.10233592880978866,1.6229573216332434,14550.024931419455,831.406268577035,0.46147459115223427,78.5,2.911219689927375,6.295584804245628,0.3125695216907675,330.2783333333333,2,27
1970,14.0,1.0683689578129254,2.136737915625851,16472.609741546195,-0.047830923248053395,1.5751566927845957,16472.609741546195,1922.5848101267402,1.264772902657947,84.5,3.6114776245647358,3.3803655545719407,0.3325917686318131,330.2783333333333,2,27
1971,15.0,0.6962929953280763,1.3925859906561526,17726.343521796796,-0.03225806451612903,1.7136197477855177,17726.343521796796,1253.7337802506008,0.6860023769765433,90.5,6.191744417878663,8.892441054876997,0.5550611790878754,330.2783333333333,2,27
1972,16.0,1.1326829502597147,2.2653659005194293,19928.430357390687,-0.04338153503893215,1.4747457651765885,19928.430357390687,2202.086835593891,1.2400561438773825,96.5,3.8439025907119304,3.3936262480428048,0.41268075639599555,330.2783333333333,2,27
1973,17.0,0.3684494973330842,0.7368989946661684,20591.290125073545,0.025583982202447165,1.7020818344931246,20591.290125073545,662.8597676828576,0.371428976778153,102.5,3.5550559643446773,9.648692670439038,0.11234705228031146,330.2783333333333,2,27
1974,18.0,0.3350531245495329,0.6701062490990658,21194.416353047098,0.008898776418242492,1.7579409021740708,21194.416353047098,603.1262279735529,0.4262588718884603,108.5,3.081860488281015,9.198124901609162,0.13348164627363737,330.2783333333333,2,27
1975,19.0,0.30380337388480255,0.6076067477696051,21740.74421853774,0.034482758620689655,1.6893984354935823,21740.74421853774,546.3278654906426,0.35804631568575856,114.5,1.0990059433804025,3.6174909097524646,0.10344827586206896,330.2783333333333,2,27
1976,20.0,1.5725598300315389,3.1451196600630777,24548.09289017541,-0.06981981981981981,1.1094339067432597,24548.09289017541,2807.3486716376683,1.1888647770617604,120.5,2.8473407262345325,1.8106406330991087,0.6779279279279279,330.2783333333333,2,27
1977,21.0,0.6599592396102156,1.3199184792204313,25736.299583598116,0.04671857619577308,1.902744739043096,25736.299583598116,1188.2066934227078,0.7045242323603678,126.5,3.6430685171665926,5.520141697414916,0.3192436040044494,330.2783333333333,2,27
1978,22.0,0.9123007055077706,1.8246014110155413,27375.906133100656,0.06562847608453838,1.678997775025198,27375.906133100656,1639.6065495025396,0.8597412217550593,132.5,4.340561205840246,4.75781853465121,0.8587319243604005,330.2783333333333,2,27
1979,23.0,0.5620629737601176,1.1241259475202352,28387.226409654664,1.3481646273637375,1.5565612856773035,28387.226409654664,1011.3202765540082,0.7211199440698586,138.5,2.0979546986256143,3.7325972294360716,0.5639599555061179,330.2783333333333,2,27
1980,24.0,0.711291118689999,1.422582237379998,29666.837007584658,-0.10122358175750834,1.6451263020504465,29666.837007584658,1279.6105979299937,0.6304634386495219,144.5,1.8596914348386357,2.6145292496603525,0.8131256952169077,330.2783333333333,2,27
1981,25.0,0.22079726275333164,0.4415945255066633,30064.76983566481,-0.9488320355951056,1.655850149449912,30064.76983566481,397.93282808015283,0.18631697464755978,150.5,0.287397467359502,1.3016351007963998,0.12347052280311457,330.2783333333333,2,27
1982,26.0,0.5663467841142712,1.1326935682285424,31282.841741507247,0.06385404789053592,1.36033754818788,31282.841741507247,1218.0719058424365,0.5635885237157482,156.5,2.393993424735161,4.227080460038645,0.15621436716077536,330.2783333333333,2,27
1983,27.0,0.41990525985231175,0.8398105197046235,32038.071332372547,0.5550611790878754,1.6546352007949263,32038.071332372547,755.2295908652995,0.5652995179587559,162.5,3.6498314486573675,8.692035555689584,0.1468298109010011,330.2783333333333,2,27
1984,28.0,0.48408915674486874,0.9681783134897375,32908.62604491631,0.5372636262513905,1.7816795373212597,32908.62604491631,870.5547125437624,0.4565334252791793,168.5,1.2707871178728103,2.625109652151448,0.5205784204671857,330.2783333333333,2,27
1985,29.0,0.5202078317155914,1.0404156634311827,33845.10982323947,-0.23136818687430477,1.7436706669403799,33845.10982323947,936.4837783231633,0.5240534776746566,174.5,2.14660210680217,4.126431737336401,0.4872080088987764,330.2783333333333,2,27
1986,30.0,0.773061658450868,1.546123316901736,35692.06184332511,-1.362130177514793,1.3567211525072678,35692.06184332511,1846.952020085635,0.8157333032540894,180.47944444444445,4.1218952524233705,5.33191008422692,0.6923076923076923,330.2783333333333,2,27
1987,31.0,0.5858342347103728,1.1716684694207455,37206.889652305545,1.0556173526140156,1.9640128762264522,37206.889652305545,1514.827808980437,0.5584013006795159,186.5,1.576875362784937,2.691674998414047,0.6473859844271412,330.2783333333333,2,27
1988,32.0,0.5556857582791347,1.1113715165582694,38206.36165646714,0.40155728587319245,1.8610826916961538,38206.36165646714,999.4720041615947,0.5572593917492732,192.5,3.0181765670937977,5.431444880719244,0.6173526140155728,330.2783333333333,2,27
1989,33.0,0.3155349356807181,0.6310698713614362,38773.84177617055,-0.22803114571746386,1.7609197412660058,38773.84177617055,567.4801197034103,0.31621514854893545,198.5,1.6752714835434064,5.309305861581589,0.1546162402669633,330.2783333333333,2,27
1990,34.0,0.40105738115081757,0.8021147623016351,39495.10857678552,-0.11345939933259176,1.8009915922831043,39495.10857678552,721.2668006149688,0.4004586858788595,204.5,1.9993301602436273,4.985147398376342,0.1735261401557286,330.2783333333333,2,27
1991,35.0,0.4530805719876712,0.9061611439753424,40310.24391130926,-1.1668520578420467,1.560149533957279,40310.24391130926,815.135334523744,0.4529928249919627,210.5,2.1610573232739054,4.769697614252835,0.4738598442714127,330.2783333333333,2,27
1992,36.0,0.34523217536438494,0.6904643507287699,40931.17316220072,-0.013348164627363738,1.8649771977293181,40931.17316220072,620.9292508914587,0.37427667996029823,216.5,2.3682619896591937,6.85991097776314,0.1757508342602892,330.2783333333333,2,27
1993,37.0,0.21568710673546612,0.43137421347093224,41318.9839861799,0.02335928809788654,1.8788765113099932,41318.9839861799,387.81082397917635,0.24293582279992829,222.5,1.7892761256139735,8.295702755234544,0.024471635150166853,330.2783333333333,2,27
1994,38.0,0.5004106062304948,1.0008212124609897,42218.76449432393,-0.0055617352614015575,1.7151559755030452,42218.76449432393,899.780508144031,0.5251220124100362,228.5,2.6512225778607044,5.29809429466713,0.41268075639599555,330.2783333333333,2,27
1995,39.0,0.2987147187771328,0.5974294375542656,42755.2601147958,0.006674082313681869,1.5426790614955073,42755.2601147958,536.4956204718692,0.4121735710508527,234.5,3.836346962245027,12.842845434433634,0.07119021134593993,330.2783333333333,2,27
1996,40.0,0.44597289128692136,0.8919457825738427,43557.222346378345,0.0055617352614015575,1.7364233122497759,43557.222346378345,801.9622315825472,0.4523651738828133,240.5,2.3820126564796373,5.3411601983384775,0.3381535038932147,330.2783333333333,2,27
1997,41.0,0.395737228435269,0.791474456870538,44269.19370021298,0.01557285873192436,1.8314929088745506,44269.19370021298,711.9713538346332,0.3220831451068034,246.5,0.4816646180076176,1.217132438896645,0.44382647385984425,330.2783333333333,2,27
1998,42.0,0.36377133870815315,0.7275426774163063,44923.78615564061,-0.05116796440489433,1.6342020930517787,44923.78615564061,654.5924554276353,0.4348804192292242,252.5,3.160623853637875,8.688490590990687,0.20133481646273638,330.2783333333333,2,27
1999,43.0,0.37291659001651606,0.7458331800330321,45594.260327429256,0.017797552836484983,1.8884758822225325,45594.260327429256,670.4741717886427,0.4267806638881144,258.5,2.5428546638224345,6.818829550355521,0.1668520578420467,330.2783333333333,2,27
2000,44.0,0.5094960847122646,1.0189921694245292,46510.24225373827,0.11790878754171301,1.8374900574377848,46510.24225373827,915.9819263090176,0.5732408471638082,264.5,3.031142790839938,5.9492955525885165,0.25139043381535037,330.2783333333333,2,27
2001,45.0,0.2258231432368234,0.4516462864736468,46916.61997659359,-0.13681868743047831,1.688749209701327,46916.61997659359,406.37772285531537,0.2297416693276962,270.5,0.9710227839970879,4.299925906968555,0.13348164627363737,330.2783333333333,2,27
2002,46.0,0.28593830178119617,0.5718766035623923,47430.74088759173,0.01668520578420467,1.7861754389389621,47430.74088759173,514.1209109981428,0.27397520753990345,276.5,1.2660494057662761,4.427701353332769,0.21579532814238042,330.2783333333333,2,27
2003,47.0,0.1955790054732536,0.3911580109465072,47782.55255274084,-0.00778642936596218,1.6305775765258683,47782.55255274084,351.8116651491073,0.19924324787270004,282.5,0.5671239423296941,2.899717896393798,0.11012235817575083,330.2783333333333,2,27
2004,48.0,0.1991820972800918,0.3983641945601836,48140.68245476666,0.09121245828698554,1.6825167087321058,48140.68245476666,358.12990202582296,0.22351102975438367,288.5,1.3081176324062487,6.567445821030597,0.06229143492769744,330.2783333333333,2,27
2005,49.0,0.11766096454647211,0.23532192909294422,48352.41780609559,-0.07341490545050056,1.491373675602908,48352.41780609559,211.7353513289272,0.12104861680364012,294.5,0.30017193472052145,2.551159901480866,0.011123470522803115,330.2783333333333,2,27
2006,50.0,0.18273264194543623,0.36546528389087246,48681.42246356383,0.020022246941045607,1.2651561914480112,48681.42246356383,329.00465746824193,0.1914436888675196,300.5,0.6786227819360389,3.713746896620008,0.04338153503893215,330.2783333333333,2,27
2007,51.0,0.14590432972321463,0.29180865944642925,48944.367176248066,-0.05005561735261402,1.5755198570167865,48944.367176248066,262.9447126842351,0.16221938629970184,306.5,0.7958568876167365,5.454648872494075,0.030033370411568408,330.2783333333333,2,27
2008,52.0,0.07767911746894854,0.15535823493789708,49084.021329407566,-0.014460511679644048,1.343731818653263,49084.021329407566,139.6541531594994,0.08335819523447488,312.5,0.12011321336331329,1.5462741760850638,0.002224694104560623,330.2783333333333,2,27
2009,53.0,0.07001975227502033,0.14003950455004066,49209.916843998115,0.0011123470522803114,1.1624665645988552,49209.916843998115,125.89551459054928,0.07844696460391216,318.5,0.11513641313433129,1.6443419091530607,0.0,330.2783333333333,2,27
2010,54.0,0.07170637689853422,0.14341275379706844,49338.9512137675,0.0,1.2881944829182308,49338.9512137675,129.03436976938247,0.08171860786389036,324.5,0.11425271368716186,1.59334104760071,0.0,330.2783333333333,2,27
2011,55.0,0.061439267089964576,0.12287853417992915,49449.41901599528,-0.002224694104560623,1.2263110986273464,49449.41901599528,110.46780222778034,0.07079203392358377,330.5,0.10041647575002255,1.6344022399060236,0.0,330.2783333333333,2,27
2012,56.0,0.07818922089173885,0.1563784417834777,49590.00323515854,0.002224694104560623,1.15517710309996,49590.00323515854,140.58421916326188,0.09720846733126687,336.5,0.14283036610773014,1.8267270664519566,0.0,330.2783333333333,2,27
2013,57.0,0.08638375649560519,0.17276751299121038,49745.3212293378,0.0011123470522803114,1.309811562046585,49745.3212293378,155.3179941792623,0.09507585138101646,342.5,0.13816041763384104,1.5993795967980393,0.0055617352614015575,330.2783333333333,2,27
2014,58.0,0.08645062234024127,0.17290124468048254,49900.77891767823,-0.0011123470522803114,1.168425040659764,49900.77891767823,155.45768834042974,0.1090688967353617,348.5,0.17889954428840663,2.069384111363788,0.0,330.2783333333333,2,27
2015,59.0,0.07204447238324918,0.14408894476649836,50030.65468647077,0.012235817575083427,1.2091268063986698,50030.65468647077,129.87576879253902,0.0845975969472656,354.5,0.1230338435786998,1.707748554590095,0.0,330.2783333333333,2,27
2016,60.0,0.06330956822880152,0.12661913645760303,50144.56094358081,-0.004449388209121246,1.3136970508205033,50144.56094358081,113.90625711003668,0.06816069110558481,360.5,0.09757245177706307,1.5411959756925697,0.0,330.2783333333333,2,27
2017,61.0,0.05919810389738633,0.11839620779477265,50251.22279694761,-0.010011123470522803,1.181929376800202,50251.22279694761,106.66185336680064,0.06451974892955623,366.5,0.09962319186345947,1.6828780873817475,0.0,330.2783333333333,2,27
2018,62.0,0.0578697241429535,0.115739448285907,50355.42186145856,0.0,1.1194528722870232,50355.42186145856,104.19906451095449,0.06646525590295262,372.5,0.1028793366508013,1.7777747893987221,0.0,330.2783333333333,2,27
2019,63.0,0.061738073306558075,0.12347614661311615,50466.63626481938,0.0,1.233692486501395,50466.63626481938,111.21440336082014,0.07000691552787715,378.5,0.09978294727528657,1.6162303410379866,0.0,330.2783333333333,2,27
2020,64.0,0.06453721499109012,0.12907442998218024,50582.817464809246,0.0,1.3240454943607687,50582.817464809246,116.18119998986367,0.06665136725447841,384.5,0.09362841424241361,1.4507662633929859,0.0,330.2783333333333,2,27
2021,65.0,0.052415270166953125,0.10483054033390625,50677.30668727927,0.0011123470522803114,1.145536813623991,50677.30668727927,94.48922247002338,0.05897409519721516,390.5,0.08983806757007212,1.7139674618468987,0.0,330.2783333333333,2,27
2022,66.0,0.06382141547832533,0.12764283095665066,50792.2285243813,0.017797552836484983,1.08529712534945,50792.2285243813,114.92183710203244,0.07646248905898832,396.5,0.11083658181380987,1.7366675587358535,0.0,330.2783333333333,2,27
2023,67.0,0.06880403543903361,0.13760807087806723,50915.9458781509,-0.018909899888765295,1.26231217314126,50915.9458781509,123.71735376959987,0.07655297094217522,402.5,0.10362887664399677,1.506145329743355,0.0,330.2783333333333,2,27
2024,68.0,0.06138583360948275,0.1227716672189655,51026.427537975906,0.006674082313681869,1.1809354346425625,51026.427537975906,110.48165982500359,0.07114723675812891,408.5,0.09878253139505817,1.609207297297311,0.0,330.2783333333333,2,27
2025,69.0,0.07717732975324797,0.15435465950649593,51165.18092748417,-0.006674082313681869,1.275793091170238,51165.18092748417,138.753389508267,0.0911858607510302,414.5,0.11941048738319461,1.5472223224744217,0.0,330.2783333333333,2,27
2026,70.0,0.06522103932186511,0.13044207864373022,51282.505889583714,0.002224694104560623,1.1248627527864001,51282.505889583714,117.32496209954115,0.07757406843832039,420.5,0.1103669050203097,1.692197888409141,0.0,330.2783333333333,2,27
2027,71.0,0.06677154035817208,0.13354308071634416,51402.81363994681,-0.0011123470522803114,1.20986469828917,51402.81363994681,120.30775036309933,0.06731767282466576,426.5,0.09638615581872344,1.4435215258131582,0.0,330.2783333333333,2,27
2028,72.0,0.04944891718904715,0.0988978343780943,51491.722793052795,0.017797552836484983,1.1577860109301288,51491.722793052795,88.90915310598211,0.055012948146429846,432.5,0.08620796580848743,1.7433741871213784,0.0,330.2783333333333,2,27
2029,73.0,0.04199118313666218,0.08398236627332437,51567.31483928523,-0.012235817575083427,1.0268278166722897,51567.31483928523,75.59204623243568,0.04869180821159801,438.5,0.0718169874604611,1.7102873054738539,0.0,330.2783333333333,2,27
2030,74.0,0.05490188830166495,0.1098037766033299,51666.0284344516,-0.0033370411568409346,1.0155976170005898,51666.0284344516,98.71359516636585,0.06455270638496156,444.5,0.10724786780763645,1.9534458854739256,0.0,330.2783333333333,2,27
2031,75.0,0.05413156332363625,0.1082631266472725,51763.49323899401,0.004449388209121246,1.0993218345626155,51763.49323899401,97.464804542411,0.059325588290775395,450.5,0.10207675925283881,1.885716077375278,0.0,330.2783333333333,2,27
2032,76.0,0.057584987762511516,0.11516997552502303,51867.05278491022,0.0033370411568409346,1.2047617017765782,51867.05278491022,103.55954591621412,0.06130849612140209,456.5,0.0871899286285788,1.514108659502754,0.0,330.2783333333333,2,27
2033,77.0,0.0543471781572473,0.1086943563144946,51964.76901123695,-0.011123470522803115,1.0072478883008773,51964.76901123695,97.71622632673098,0.06166573776595379,462.5,0.10851522023340206,1.9967038568115858,0.0,330.2783333333333,2,27
2034,78.0,0.057339888370658974,0.11467977674131795,52067.9007824954,0.012235817575083427,1.072412910462709,52067.9007824954,103.13177125844959,0.06339777940300916,468.5,0.08760787401570436,1.5278696297660324,0.0,330.2783333333333,2,27
2035,79.0,0.0715825452372924,0.1431650904745848,52196.66597990277,-0.012235817575083427,1.0670777980097341,52196.66597990277,128.76519740736694,0.09282732416555732,474.5,0.25452325524135866,3.5556608723205825,0.011123470522803115,330.2783333333333,2,27
2036,80.0,0.08681295817973717,0.17362591635947433,52352.75567870992,0.0011123470522803114,1.1786941531013202,52352.75567870992,156.08969880714722,0.10311104775156638,480.5,0.150616272565879,1.7349515063643348,0.0,330.2783333333333,2,27
2037,81.0,0.08831296359135625,0.1766259271827125,52511.5423872472,-0.0011123470522803114,1.268265708203077,52511.5423872472,158.78670853728545,0.10337156530410785,486.5,0.13824519732675547,1.5654009525311232,0.0,330.2783333333333,2,27
2038,82.0,0.0987805314000476,0.1975610628000952,52689.08886968147,0.0,1.240698984422538,52689.08886968147,177.54648243427073,0.11179314219051666,492.5,0.152124969135852,1.5400298720784031,0.0,330.2783333333333,2,27
2039,83.0,0.08878959851295677,0.17757919702591354,52847.94964202835,0.010089686098654708,1.1409543931001882,52847.94964202835,158.860772346874,0.10098027625218889,498.49611111111113,0.15007659725541378,1.6902497563778667,0.0,330.2783333333333,2,27
2040,0.0,0.18436604469737922,0.36873208939475843,329.6893998748669,-0.3236929922135706,1.40466118520154,329.6893998748669,329.6893998748669,0.18208461075140692,0.5,0.31097436939032935,1.6867225735669855,0.06674082313681869,264.22277777777776,2,28
2041,1.0,0.5123826638671795,1.024765327734359,1381.3873198582921,0.020022246941045607,1.8838634349585206,1381.3873198582921,1051.6979199834252,0.39963164845876153,6.5,0.5209163560990678,1.0166549199137238,0.42491657397107896,264.22277777777776,2,28
2042,2.0,0.3818388329865876,0.7636776659731752,2149.78690584993,-0.024471635150166853,1.573718773912898,2149.78690584993,768.3995859916379,0.3286818783668273,12.5,0.41609114985806134,1.0897035972050462,0.26362625139043383,264.22277777777776,2,28
2043,3.0,0.4348522876931783,0.8697045753863566,3086.9725071748508,0.05228031145717464,1.8404172409764639,3086.9725071748508,937.1856013249208,0.38308852236130864,18.5,0.48249665545207265,1.1095644868551573,0.3581757508342603,264.22277777777776,2,28
2044,4.0,0.8279728292610288,1.6559456585220576,4751.365090301462,-0.017797552836484983,1.380511084954597,4751.365090301462,1664.3925831266115,0.6342540561787912,24.5,1.2683177757505257,1.5318350203381768,0.6473859844271412,264.22277777777776,2,28
2045,5.0,0.33489878362678566,0.6697975672535713,5412.451966114054,0.0011123470522803114,1.7717108323526467,5412.451966114054,661.0868758125916,0.2900944261207786,30.5,0.34678291359166347,1.035485736425133,0.15239154616240266,264.22277777777776,2,28
2046,6.0,0.45027996826356403,0.9005599365271281,6267.9421955033895,-0.004449388209121246,1.5185967157572693,6267.9421955033895,855.4902293893356,0.39415368296803727,36.5,0.42620582681639585,0.9465351711291834,0.38487208008898777,264.22277777777776,2,28
2047,7.0,0.374084508606022,0.748169017212044,6955.037807190883,-0.014460511679644048,1.361626608686576,6955.037807190883,687.0956116874931,0.31998925779118187,42.5,0.38351233226724096,1.025202389952876,0.25695216907675195,264.22277777777776,2,28
2048,8.0,0.4608120733404955,0.921624146680991,7841.135078950264,0.017797552836484983,1.6611770132368409,7841.135078950264,886.0972717593813,0.3889168919864328,48.5,0.4562368916176665,0.9900714803549681,0.39154616240266965,264.22277777777776,2,28
2049,9.0,0.43630237630453345,0.8726047526090669,8698.580024522465,-0.012235817575083427,1.7354401526024446,8698.580024522465,857.4449455722015,0.36593581367751227,54.5,0.42769384702049057,0.9802693504514992,0.3503893214682981,264.22277777777776,2,28
2050,10.0,1.238930969435034,2.477861938870068,11043.637023557943,0.067816091954023,1.077070302945453,11043.637023557943,2345.056999035478,0.8928775048395734,60.5,3.2997311728110024,2.663369674515212,0.6954022988505747,264.22277777777776,2,28
2051,11.0,0.33631890720861213,0.6726378144172243,11831.862588500908,-0.02335928809788654,1.4768927006915518,11831.862588500908,788.2255649429644,0.29096615897421696,66.5,1.3471488837867802,4.005569877019045,0.09232480533926585,264.22277777777776,2,28
2052,12.0,0.25952717022063615,0.5190543404412723,12298.403351321833,0.008898776418242492,1.8109741736725287,12298.403351321833,466.540762820925,0.26514684846662423,72.5,0.8260445776691345,3.182882844084785,0.11568409343715239,264.22277777777776,2,28
2053,13.0,0.9576848473092752,1.9153696946185503,14021.481092497168,0.07563959955506118,1.5380770539471749,14021.481092497168,1723.0777411753352,0.8024268904620312,78.5,2.3909012502265505,2.4965428417752045,0.5127919911012235,264.22277777777776,2,28
2054,14.0,0.8983327461238932,1.7966654922477865,15642.934877294254,-0.03670745272525028,1.4972571584145355,15642.934877294254,1621.453784797086,0.7944215892091152,84.5,2.083873389964709,2.3197121544952704,0.489432703003337,264.22277777777776,2,28
2055,15.0,1.449144903585703,2.898289807171406,18248.773034552418,0.16907675194660735,1.5097866595079348,18248.773034552418,2605.838157258164,1.213162775509148,90.5,4.767505746502074,3.2898751082142024,0.7719688542825361,264.22277777777776,2,28
2056,16.0,2.159377821075997,4.318755642151994,22139.833339853558,-0.17018909899888765,1.1900206234518487,22139.833339853558,3891.06030530114,1.6177606068180201,96.5,3.0164513713300933,1.3969076378801673,0.7908787541713015,264.22277777777776,2,28
2057,17.0,1.2544629184476312,2.5089258368952625,24366.384573183266,-0.01580135440180587,1.412881532837545,24366.384573183266,2226.5512333297083,1.02245540286222,102.5,2.1304206597896167,1.698273124267366,0.7042889390519187,264.22277777777776,2,28
2058,18.0,0.9072491237562024,1.8144982475124047,25997.640322278054,0.05005561735261402,1.3696729469990603,25997.640322278054,1631.2557490947875,0.7658468984409526,108.5,2.7945975459053543,3.0802978726891816,0.5895439377085651,264.22277777777776,2,28
2059,19.0,0.6000115196300403,1.2000230392600806,27086.68089280278,0.0446927374301676,1.7253416396385626,27086.68089280278,1089.040570524725,0.5895880951224373,114.5,2.209098942789636,3.6817608837772635,0.4983240223463687,264.22277777777776,2,28
2060,20.0,0.45266042959432257,0.9053208591886451,27901.665401312144,-0.12235817575083426,1.5571019568475857,27901.665401312144,814.9845085093657,0.4660417601790276,120.5,1.9317429748348736,4.267532235071034,0.303670745272525,264.22277777777776,2,28
2061,21.0,0.719356154559627,1.438712309119254,29197.321203521085,-0.01557285873192436,1.5352405445263277,29197.321203521085,1295.6558022089412,0.6332975524889178,126.5,0.9468971184075593,1.3163119720400913,0.5005561735261401,264.22277777777776,2,28
2062,22.0,0.3909068594633165,0.781813718926633,29902.493097223567,0.021134593993325918,1.6512900195321152,29902.493097223567,705.1718937024816,0.36928689396878495,132.5,1.7546541023440831,4.488675652182418,0.1735261401557286,264.22277777777776,2,28
2063,23.0,0.5694259037979424,1.138851807595885,30926.37881351348,0.8453837597330367,1.580907046674322,30926.37881351348,1023.8857162899112,0.5398213272851105,138.5,1.207730577633905,2.1209617784835815,0.4860956618464961,264.22277777777776,2,28
2064,24.0,0.4549330917658059,0.9098661835316117,31745.185230597323,0.6006674082313682,1.6071101680408812,31745.185230597323,818.8064170838443,0.42168608491428555,144.5,1.3331004814313905,2.930322074960541,0.3292547274749722,264.22277777777776,2,28
2065,25.0,0.5305175162148927,1.0610350324297855,32698.625823905004,-0.25917686318131256,1.7710307050790768,32698.625823905004,953.4405933076814,0.5384408825593396,150.5,2.789591934459389,5.258246616176628,0.35372636262513907,264.22277777777776,2,28
2066,26.0,0.33558161016327615,0.6711632203265523,33301.47675221303,-1.2396878483835005,1.8609510336682247,33301.47675221303,602.8509283080239,0.2847185740706882,156.4988888888889,0.3850203198234026,1.147322463933802,0.22408026755852842,264.22277777777776,2,28
2067,27.0,0.5229587322021415,1.045917464404283,34325.11732504041,1.4939467312348669,1.585523469855432,34325.11732504041,1023.6405728273821,0.44396748645123374,162.5,0.7670351675763775,1.4667221720277004,0.44188861985472155,264.22277777777776,2,28
2068,28.0,1.290313825542541,2.580627651085082,36640.165921006206,-1.1337792642140467,1.315153373272504,36640.165921006206,2315.0485959657963,1.0409886106824837,168.4988888888889,2.195987735088505,1.7019020424470406,0.9085841694537347,264.22277777777776,2,28
2069,29.0,0.317459616754311,0.634919233508622,37313.14950355926,-0.3870967741935484,1.370198300125902,37313.14950355926,672.9835825530536,0.2897229852903154,174.48722222222221,0.8732854096263792,2.7508551120762994,0.17025089605734767,264.22277777777776,2,28
2070,30.0,0.6453563253926153,1.2907126507852307,38707.23633965826,0.5617352614015573,1.8031760070926994,38707.23633965826,1394.086836098999,0.6202573471788856,180.5,3.334449513983502,5.166834789997485,0.5339265850945495,264.22277777777776,2,28
2071,31.0,0.3233852705126722,0.6467705410253444,39289.17099455045,0.9076751946607341,1.576059171265409,39289.17099455045,581.9346548921894,0.3341678561893764,186.5,1.5629862311860845,4.8332016752285485,0.12347052280311457,264.22277777777776,2,28
2072,32.0,0.5513702233706299,1.1027404467412598,40200.43609977449,-0.523117569352708,1.7826850720986642,40200.43609977449,911.2651052240399,0.5032631156906493,192.5,1.320903591611875,2.395674513463826,0.46895640686922063,264.22277777777776,2,28
2073,33.0,0.3973241718226263,0.7946483436452526,40915.099741766295,0.21913236929922136,1.9925061792099716,40915.099741766295,714.6636419918068,0.5058847215181519,198.5,4.000831226164029,10.069438282124155,0.1468298109010011,264.22277777777776,2,28
2074,34.0,0.473694693668337,0.947389387336674,41767.441798412765,-0.3125695216907675,1.964444086034218,41767.441798412765,852.3420566464702,0.46723736528702325,204.5,2.5802107123162417,5.446990955999197,0.26362625139043383,264.22277777777776,2,28
2075,35.0,0.38794496892479574,0.7758899378495915,42465.44204107686,-0.9454949944382648,1.810591905784486,42465.44204107686,698.0002426640931,0.4276406846423922,210.5,3.046900036273322,7.853949091588741,0.15016685205784205,264.22277777777776,2,28
2076,36.0,0.32077218340594515,0.6415443668118903,43042.21564633871,0.07897664071190211,1.7268046424759589,43042.21564633871,576.7736052618493,0.36357234964616053,216.5,2.3443601506563003,7.308489550945427,0.10344827586206896,264.22277777777776,2,28
2077,37.0,0.21250647725663785,0.4250129545132757,43424.970525409466,0.002224694104560623,1.347720342003082,43424.970525409466,382.75487907075876,0.20952411589230863,222.5,0.6364032772490135,2.994747668234356,0.05116796440489433,264.22277777777776,2,28
2078,38.0,0.24205541441604062,0.48411082883208123,43860.329480668996,-0.06674082313681869,1.3198201192051031,43860.329480668996,435.35895525952947,0.2487247131296933,228.5,1.2313963072823049,5.087249588087307,0.03670745272525028,264.22277777777776,2,28
2079,39.0,0.2456855632507908,0.4913711265015816,44301.95284140541,0.020022246941045607,1.6695581617612454,44301.95284140541,441.623360736412,0.32101906474517755,234.5,2.572218434257649,10.469554662566726,0.04004449388209121,264.22277777777776,2,28
2080,40.0,0.19981748844248703,0.39963497688497407,44661.170722666175,-0.013348164627363738,1.4689063190094223,44661.170722666175,359.2178812607672,0.2430715044872766,240.5,1.6070505002972697,8.042591831294201,0.05672969966629588,264.22277777777776,2,28
2081,41.0,0.15948578789699044,0.3189715757939809,44947.89550733082,0.014460511679644048,1.6327639435124888,44947.89550733082,286.72478466464236,0.17785144905704986,246.5,0.8176170236468677,5.12658233958097,0.041156840934371525,264.22277777777776,2,28
2082,42.0,2.098570939100939,4.197141878201878,48721.51394814815,0.06674082313681869,1.392323833894483,48721.51394814815,3773.618440817336,2.8144736534710653,252.5,5.228916619296609,2.491655879661023,0.5194660734149055,264.22277777777776,2,28
2083,43.0,0.08981474025215537,0.17962948050431074,48865.78185237768,0.15317559153175592,1.5298452615631837,48865.78185237768,144.26790422952763,0.08853137357038202,258.44666666666666,0.2738050521163498,3.0485536265833497,0.009962640099626401,264.22277777777776,2,28
2084,44.0,0.1585010367857789,0.3170020735715578,49160.52580413792,-0.20070011668611434,1.5014786066859853,49160.52580413792,294.7439517602397,0.16217644244982382,264.5,0.5234467669516905,3.302481659215591,0.03150525087514586,264.22277777777776,2,28
2085,45.0,0.149257901108313,0.298515802216626,49429.180106482905,-0.03670745272525028,1.475776414125301,49429.180106482905,268.6543023449849,0.17302236030176063,270.5,0.9077488727270336,6.081747538901149,0.02335928809788654,264.22277777777776,2,28
2086,46.0,0.13963202579557168,0.27926405159114337,49680.66766130216,0.06674082313681869,1.6285702651405884,49680.66766130216,251.48755481925764,0.16859234100186604,276.5,0.5421708971328639,3.8828549112839585,0.011123470522803115,264.22277777777776,2,28
2087,47.0,0.09123437870100329,0.18246875740200658,49844.91349718503,-0.09010011123470522,1.4848249233134883,49844.91349718503,164.24583588286623,0.10000732591696168,282.5,0.239353723981869,2.623503633057972,0.012235817575083427,264.22277777777776,2,28
2088,48.0,0.090209195591448,0.180418391182896,50006.94954074234,0.14015572858731926,1.3671306700555361,50006.94954074234,162.0360435573093,0.11143015396375629,288.5,0.3518894735677537,3.9008160006374504,0.011123470522803115,264.22277777777776,2,28
2089,49.0,0.12852658244495407,0.25705316488990815,50238.42467106876,-0.12235817575083426,1.4993537891833952,50238.42467106876,231.47513032642019,0.1450687886578399,294.5,0.7785569794260238,6.057556068290134,0.02335928809788654,264.22277777777776,2,28
2090,50.0,0.14253702403155133,0.28507404806310266,50494.78279545665,-0.020022246941045607,1.5147086405810344,50494.78279545665,256.35812438789435,0.16326092463654437,300.5,0.5745121056616285,4.0306166735630535,0.02224694104560623,264.22277777777776,2,28
2091,51.0,0.13167969538364943,0.26335939076729886,50731.5711465689,-0.0055617352614015575,1.4860130845895922,50731.5711465689,236.78835111224907,0.13183373825995803,306.5,0.21761409829632608,1.6526017748013948,0.024471635150166853,264.22277777777776,2,28
2092,52.0,0.0654357180727886,0.1308714361455772,50849.24385584258,0.0,1.389713187621787,50849.24385584258,117.67270927367645,0.07555364255965442,312.5,0.12633889652404054,1.9307329428784628,0.0,264.22277777777776,2,28
2093,53.0,0.07555080019239123,0.15110160038478246,50985.13516924759,0.004449388209121246,1.4270109374286706,50985.13516924759,135.891313405009,0.08852591301924755,318.5,0.13774380097392955,1.8231944681348566,0.0,264.22277777777776,2,28
2094,54.0,0.0751644755091311,0.1503289510182622,51120.80244608938,0.017797552836484983,1.5130115151408687,51120.80244608938,135.66727684179205,0.08039408108332456,324.5,0.11245671235429167,1.4961417823055285,0.0,264.22277777777776,2,28
2095,55.0,0.0952904599687573,0.1905809199375146,51292.17945147227,-0.0055617352614015575,1.5126885266708092,51292.17945147227,171.3770053828921,0.10348275611163683,330.5,0.16130792117305914,1.6928024193182283,0.0,264.22277777777776,2,28
2096,56.0,0.08581926732664517,0.17163853465329035,51446.53064517687,-0.011123470522803115,1.6034613986427992,51446.53064517687,154.3511937045987,0.0971025819848296,336.5,0.1447756333420108,1.6869828635446862,0.0,264.22277777777776,2,28
2097,57.0,0.15608112474817068,0.31216224949634136,51722.32476458908,0.014994232987312572,1.508886966285558,51722.32476458908,275.7941194122104,0.17546162591392309,342.5,0.7973049290557586,5.108272575189162,0.03806228373702422,264.22277777777776,2,28
2098,58.0,0.0655577964331051,0.1311155928662102,51840.25501810603,-0.0033370411568409346,1.5485518166519971,51840.25501810603,117.93025351694814,0.07211650079676578,348.5,0.11390901991713091,1.7375358250999666,0.0,264.22277777777776,2,28
2099,59.0,0.06753403243475495,0.1350680648695099,51961.66400677869,-0.013348164627363738,1.3224798607787485,51961.66400677869,121.40898867265787,0.06831116324666256,354.5,0.10121835091394349,1.4987754657139891,0.0,264.22277777777776,2,28
2100,60.0,0.07071023026147571,0.14142046052295143,52088.998465568235,-0.006674082313681869,1.199815527981146,52088.998465568235,127.33445878954808,0.07145663083155618,360.5,0.10857402804085159,1.5354783549616695,0.0,264.22277777777776,2,28
2101,61.0,0.06519344383949217,0.13038688767898435,52206.26302675018,-0.002224694104560623,1.0449885913863506,52206.26302675018,117.26456118194619,0.06461412491992609,366.5,0.10280968078344067,1.576994168870118,0.0,264.22277777777776,2,28
2102,62.0,0.0692967991071828,0.1385935982143656,52330.85867154487,0.002224694104560623,1.1550734644656093,52330.85867154487,124.59564479468827,0.07022265717776183,372.5,0.10721015991362044,1.5471156142117946,0.0,264.22277777777776,2,28
2103,63.0,0.06366397940074611,0.12732795880149222,52445.51365194593,-0.0033370411568409346,1.1233457790842936,52445.51365194593,114.6549804010574,0.06751579324498812,378.5,0.10330958009409873,1.6227320545546668,0.0,264.22277777777776,2,28
2104,64.0,0.058768734184457584,0.11753746836891517,52551.35423760714,0.0033370411568409346,1.1388978808209136,52551.35423760714,105.8405856612153,0.06394379260791817,384.5,0.09354711691580657,1.5917837641727994,0.0,264.22277777777776,2,28
2105,65.0,0.0658153880501145,0.131630776100229,52669.06752864023,-0.004449388209121246,1.1585030328245265,52669.06752864023,117.71329103309108,0.07501110153514598,390.5,0.1198624361187096,1.8211916645912882,0.0,264.22277777777776,2,28
2106,66.0,0.07086370657390577,0.14172741314781154,52796.48047306008,0.006674082313681869,1.1551935481263687,52796.48047306008,127.41294441984792,0.08249257769943691,396.5,0.1264950245579589,1.7850466857252756,0.0,264.22277777777776,2,28
2107,67.0,0.07609077815431006,0.15218155630862013,52933.28045848842,-0.004449388209121246,1.0746730389363317,52933.28045848842,136.79998542834073,0.08807368538704802,402.5,0.13107592744019564,1.7226256666001911,0.0,264.22277777777776,2,28
2108,68.0,0.061492964345390866,0.12298592869078173,53043.88068686156,0.0033370411568409346,1.1475857251448487,53043.88068686156,110.6002283731359,0.07349014647126863,408.5,0.11683763981135668,1.9000163848844296,0.0,264.22277777777776,2,28
2109,69.0,0.06740238660594933,0.13480477321189865,53165.267196989924,-0.004449388209121246,1.0860155260453754,53165.267196989924,121.38651012836635,0.08536689878315326,414.5,0.13174676728291754,1.9546305986632349,0.0,264.22277777777776,2,28
2110,70.0,0.07231542581973728,0.14463085163947456,53295.329092372376,-0.0011123470522803114,1.0220858934608705,53295.329092372376,130.06189538245235,0.09317881243360436,420.5,0.14798983066851962,2.0464489974437554,0.0,264.22277777777776,2,28
2111,71.0,0.06938256634019994,0.1387651326803999,53419.24635585596,0.0,1.045779645388805,53419.24635585596,123.91726348358497,0.07350633050614795,426.49666666666667,0.11475446368196672,1.653938009719864,0.0,264.22277777777776,2,28
2112,0.0,0.5964104066516349,1.1928208133032698,1072.1147339783931,0.1724137931034483,1.8639002352808292,1072.1147339783931,1072.1147339783931,0.5319718632526557,0.5,1.9390701709598586,3.251234635301183,0.17797552836484984,366.05611111111114,2,29
2113,1.0,0.9956320566728352,1.9912641133456703,2778.7399866104383,-0.20912124582869857,1.3182747009418199,2778.7399866104383,1706.6252526320452,1.2429658626133655,6.5,12.088350477415997,12.141383351810086,0.05672969966629588,366.05611111111114,2,29
2114,2.0,0.6658476457313033,1.3316952914626066,3977.0689400422284,0.08008898776418243,1.3684188374178612,3977.0689400422284,1198.32895343179,0.7381220556619171,12.5,3.3237889020979265,4.99181595580682,0.08120133481646273,366.05611111111114,2,29
2115,3.0,0.12898977419682392,0.25797954839364784,4218.507268950897,-0.07452725250278086,1.531178409024102,4218.507268950897,241.4383289086686,0.11492175556611861,18.5,0.15433167425326655,1.1964644113398768,0.0,366.05611111111114,2,29
2116,4.0,0.08270628829607404,0.1654125765921481,4370.950752477723,-0.004449388209121246,1.4316646587021598,4370.950752477723,152.44348352682573,0.09192527720173765,24.5,0.12542851833898894,1.5165535888876644,0.0,366.05611111111114,2,29
2117,5.0,0.09742188526635387,0.19484377053270774,4546.848998657512,0.0011123470522803114,1.4625086386861208,4546.848998657512,175.89824617978957,0.10363177026863875,30.5,0.15206293490015182,1.5608703781948785,0.0,366.05611111111114,2,29
2118,6.0,2.2556000860321457,4.511200172064291,8920.389360605915,-0.0023148148148148147,1.2174233202198226,8920.389360605915,4373.540361948403,1.8217597910301433,36.5,7.556152547348347,3.349952234059571,0.3819444444444444,366.05611111111114,2,29
2119,7.0,1.8640457618401594,3.7280915236803187,9628.040662629717,0.08092485549132948,0.8282630883573516,9628.040662629717,707.6513020238017,1.3288652615893748,42.5,4.448269271467083,2.3863519676018123,0.6416184971098265,366.05611111111114,2,29
2120,8.0,3.0075373748067324,6.015074749613465,12132.732836224632,0.08860759493670886,1.150591932912858,12132.732836224632,2504.6921735949145,2.4316538616256054,48.31722222222222,7.9176842377084204,2.6326137470584947,0.6936708860759494,366.05611111111114,2,29
2121,9.0,1.4187195278319968,2.8374390556639937,14866.40517493437,0.0066815144766146995,1.317152418003166,14866.40517493437,2733.672338709739,1.2071077896584397,54.5,3.1561804692697595,2.2246683769080473,0.6202672605790646,366.05611111111114,2,29
2122,12.0,0.4508694417436342,0.9017388834872684,15767.600405960768,-0.00813953488372093,1.6636031152568693,15767.600405960768,901.1952310263969,0.3913378749750482,72.5,1.744405742392012,3.8689819732424597,0.14651162790697675,366.05611111111114,2,29
2123,13.0,0.31846843079961135,0.6369368615992227,16340.12490696182,0.025583982202447165,1.3899713867401042,16340.12490696182,572.5245010010531,0.39436920717080787,78.5,2.4061116300987155,7.555259477548353,0.05672969966629588,366.05611111111114,2,29
2124,14.0,0.45293704021284914,0.9058740804256983,17153.6744735085,0.011123470522803115,1.6156538426916893,17153.6744735085,813.5495665466806,0.4915336728996298,84.5,1.2809386677208785,2.8280722352027685,0.25139043381535037,366.05611111111114,2,29
2125,15.0,0.37464493922474157,0.7492898784494831,17828.339647366724,-0.013348164627363738,1.4051665002851557,17828.339647366724,674.6651738582223,0.3768559951041419,90.5,1.1595938387937714,3.0951808429424843,0.16907675194660735,366.05611111111114,2,29
2126,16.0,0.5038832109436003,1.0077664218872007,18734.63904037749,0.05228031145717464,1.8239312432387662,18734.63904037749,906.2993930107659,0.4727969751805231,96.5,1.5849044463885509,3.1453805405037585,0.20244716351501668,366.05611111111114,2,29
2127,17.0,0.5196528232643203,1.0393056465286405,19669.008142836457,-0.04004449388209121,1.4033689230384971,19669.008142836457,934.369102458968,0.5063968120379734,102.5,2.7652775448144196,5.321394248266919,0.15127919911012236,366.05611111111114,2,29
2128,18.0,0.5513633608013462,1.1027267216026924,20485.758199898875,-0.025034770514603615,1.4988887870960073,20485.758199898875,816.7500570624179,0.6493979706785937,108.5,1.9213606343687069,3.4847448542395343,0.19471488178025034,366.05611111111114,2,29
2129,19.0,1.09031152811245,2.1806230562249,21621.996056651522,0.038461538461538464,1.2264421997439763,21621.996056651522,1136.2378567526466,0.8763675040199568,114.485,1.4309553979544438,1.3124280181020531,0.6266968325791855,366.05611111111114,2,29
2130,20.0,0.4190393979803231,0.8380787959606462,22642.412363868672,0.0389321468298109,1.5233239020975284,22642.412363868672,1020.4163072171505,0.38444773324335985,120.5,3.198831144440676,7.63372408384112,0.09232480533926585,366.05611111111114,2,29
2131,21.0,0.9263103620216876,1.8526207240433752,24020.146294259568,-0.149519890260631,1.4286598020878816,24020.146294259568,1377.7339303908957,0.9761386632587866,126.40555555555555,2.790440944135484,3.0124254877655696,0.4609053497942387,366.05611111111114,2,29
2132,22.0,0.41197626596105336,0.8239525319221067,25144.075881918976,0.07007786429365963,1.5865177251247762,25144.075881918976,1123.9295876594078,0.34506781980759416,132.5,0.9220286224129544,2.238062477366401,0.12458286985539488,366.05611111111114,2,29
2133,23.0,0.3738346196068816,0.7476692392137632,25816.441877786066,0.40378197997775306,1.4486024652192921,25816.441877786066,672.3659958670905,0.3788499143784399,138.5,1.154215859037472,3.0875039348983426,0.10344827586206896,366.05611111111114,2,29
2134,24.0,0.4534347247099843,0.9068694494199686,26632.338778549616,0.6329254727474972,1.2359853449211324,26632.338778549616,815.8969007635496,0.5218043574036955,144.5,3.8875629518496333,8.573588964400793,0.08453837597330367,366.05611111111114,2,29
2135,25.0,1.5173467217624172,3.0346934435248345,29363.474825027417,0.2925472747497219,1.061759963405464,29363.474825027417,2731.136046477801,1.3580465433806168,150.5,6.439488285739376,4.243913532340077,0.917686318131257,366.05611111111114,2,29
2136,26.0,1.0504188139068371,2.1008376278136742,31252.704445199965,-0.23136818687430477,1.5394905596227422,31252.704445199965,1889.2296201725476,1.0956828920272592,156.5,5.632417120000476,5.362068010807755,0.27697441601779754,366.05611111111114,2,29
2137,27.0,0.741355646899592,1.482711293799184,32502.17871500753,-1.5721153846153846,1.3946711206795124,32502.17871500753,1249.4742698075643,0.698652337266232,162.5,2.450537111991143,3.3054811442247503,0.3349358974358974,366.05611111111114,2,29
2138,28.0,0.04876530932251165,0.0975306186450233,32506.842245928783,-1.425531914893617,0.7256479483486958,32506.842245928783,4.663530921254278,0.043018304367335475,168.02666666666667,0.07650046119490692,1.5687475842502616,0.0425531914893617,366.05611111111114,2,29
2139,29.0,0.2796353648873339,0.5592707297746679,33221.669335521285,-0.009762900976290097,1.0711619271171056,33221.669335521285,714.8270895925016,0.22453322706518428,174.39888888888888,0.45464395142761904,1.6258456851864809,0.21617852161785217,366.05611111111114,2,29
2140,30.0,0.68207539063512,1.36415078127024,34566.35226204438,1.3359288097886541,1.446089798858764,34566.35226204438,1344.6829265230917,0.6717976697922506,180.5,3.079913584575728,4.515503164111876,0.40489432703003336,366.05611111111114,2,29
2141,31.0,0.3453018491446254,0.6906036982892508,35187.279785862316,-0.14794215795328142,1.5409506818747833,35187.279785862316,620.9275238179398,0.3735725398271899,186.5,2.3378183724204065,6.7703615784612845,0.07563959955506118,366.05611111111114,2,29
2142,32.0,0.14712059036288772,0.29424118072577543,35451.26021511607,-1.1705685618729098,1.6430953163266642,35451.26021511607,263.98042925375194,0.1277144428073415,192.4988888888889,0.22029685181415404,1.497389667012413,0.027870680044593088,366.05611111111114,2,29
2143,33.0,0.17196858535336973,0.34393717070673946,36058.64617068172,-0.02057142857142857,1.3033179278507638,36058.64617068172,607.3859555656527,0.1506804051136561,198.4988888888889,0.2662455223559119,1.5482218558047518,0.021714285714285714,366.05611111111114,2,29
2144,34.0,0.7188146720946782,1.4376293441893564,36559.16542784807,4.12280701754386,1.3999394313928202,36559.16542784807,500.51925716635014,0.9993789484656791,204.5,6.397300587945995,8.899791331893375,0.08771929824561403,366.05611111111114,2,29
2145,35.0,0.31652099513870585,0.6330419902774117,37130.00456401651,-1.2780867630700778,1.3612469412682426,37130.00456401651,570.8391361684407,0.32530832715384655,210.5,0.790260773425854,2.4967088615386976,0.10122358175750834,366.05611111111114,2,29
2146,36.0,0.20100025606879474,0.40200051213758947,37491.85503657427,0.09010011123470522,1.3761017672591813,37491.85503657427,361.8504725577586,0.25430500511791304,216.5,1.3859085683785544,6.895058720244668,0.020022246941045607,366.05611111111114,2,29
2147,37.0,0.44013171107182397,0.8802634221436479,38283.37567634933,-0.042269187986651836,1.623828004543512,38283.37567634933,791.520639775059,0.4278550869792847,222.5,4.872706717446651,11.071019412758211,0.04338153503893215,366.05611111111114,2,29
2148,38.0,1.7480124219183215,3.496024843836643,41426.45867097985,-0.03225806451612903,1.1801717345922875,41426.45867097985,3143.082994630524,2.0504498418679145,228.5,13.657176908271785,7.812974746074166,0.0389321468298109,366.05611111111114,2,29
2149,39.0,0.2249230721070963,0.4498461442141926,41831.12973238331,-0.021134593993325918,1.295390438093369,41831.12973238331,404.67106140346004,0.2019864171107255,234.5,0.6119938629650343,2.7209030057780628,0.07007786429365963,366.05611111111114,2,29
2150,40.0,0.4728757330814562,0.9457514661629124,42681.80921560277,0.1167964404894327,1.291089298763866,42681.80921560277,850.6794832194573,0.46170517210541484,240.5,6.662864167383004,14.090095349078272,0.027808676307007785,366.05611111111114,2,29
2151,41.0,1.379370698774026,2.758741397548052,45162.957775952586,-0.030033370411568408,1.3604333827576514,45162.957775952586,2481.148560349815,1.783709785033225,246.5,6.209247332071701,4.501507345045413,0.26807563959955505,366.05611111111114,2,29
2152,42.0,0.18315800968838084,0.36631601937676167,45492.26436777509,-0.09232480533926585,1.1616121322983963,45492.26436777509,329.30659182250383,0.21204979688144912,252.5,1.0440918041576153,5.700497651912682,0.011123470522803115,366.05611111111114,2,29
2153,43.0,0.11768917570999347,0.23537835141998695,45703.86950570166,0.01668520578420467,1.425595275289346,45703.86950570166,211.60513792657002,0.1568808462807632,258.5,0.9716453993222955,8.256030288771825,0.011123470522803115,366.05611111111114,2,29
2154,44.0,0.18057000918579022,0.36114001837158044,46028.633359547,0.010011123470522803,1.6227147839003915,46028.633359547,324.7638538453393,0.18462966736804579,264.5,0.8159671455125954,4.518840914899877,0.011123470522803115,366.05611111111114,2,29
2155,45.0,0.21264881646698333,0.42529763293396666,46410.978453595984,0.024471635150166853,1.1110144144364509,46410.978453595984,382.34509404898563,0.19249345999072412,270.5,0.8095999213335999,3.807215740884697,0.011123470522803115,366.05611111111114,2,29
2156,46.0,3.5045674040406922,7.0091348080813844,52712.42893617425,-0.041156840934371525,1.37428126385759,52712.42893617425,6301.450482578264,3.729684445931768,276.5,8.79964511830927,2.510907653870051,0.3281423804226919,366.05611111111114,2,29
2157,47.0,0.05751263682685252,0.11502527365370505,52815.91984920329,-0.020022246941045607,1.3691341652579099,52815.91984920329,103.4909130290398,0.06655523773275775,282.5,0.09663772565549048,1.6802868202066252,0.0033370411568409346,366.05611111111114,2,29
2158,48.0,0.04881874255283797,0.09763748510567594,52903.764963778034,0.04004449388209121,1.3233198258490655,52903.764963778034,87.84511457474582,0.052555140719633804,288.5,0.10052264906726596,2.0590995140537944,0.0,366.05611111111114,2,29
2159,49.0,0.05910690459935506,0.11821380919871012,53010.23217809249,-0.04671857619577308,1.4399186256903642,53010.23217809249,106.46721431445621,0.06500916722829127,294.5,0.09918194843120545,1.6780095168828664,0.0,366.05611111111114,2,29
2160,50.0,0.05272738526695575,0.1054547705339115,53105.10647493066,0.002224694104560623,1.4228248278601192,53105.10647493066,94.87429683817027,0.06025849153918536,300.5,0.07999749118762746,1.5171905601350173,0.0,366.05611111111114,2,29
2161,51.0,0.05106611961620888,0.10213223923241777,53197.20605088869,0.0011123470522803114,1.2582648683330797,53197.20605088869,92.0995759580328,0.05227824323167694,306.5,0.08760107091319023,1.715444047277577,0.0,366.05611111111114,2,29
2162,52.0,0.05910477503341336,0.11820955006682672,53303.766658399414,0.0055617352614015575,1.220885574508732,53303.766658399414,106.56060751072073,0.07778821859437304,312.5,0.4496300121406507,7.607338186914069,0.008898776418242492,366.05611111111114,2,29
2163,53.0,0.40420888876064026,0.8084177775212805,54030.501115318206,-0.00778642936596218,1.3340586311192069,54030.501115318206,726.7344569187917,0.5259922960118758,318.5,1.7395410963488669,4.3035696262953,0.1468298109010011,366.05611111111114,2,29
2164,54.0,0.3114072281302182,0.6228144562604364,54590.41131149634,0.0033370411568409346,1.3332488194991712,54590.41131149634,559.9101961781344,0.43907899227812774,324.5,1.5622609449991693,5.016778044554231,0.11457174638487208,366.05611111111114,2,29
2165,55.0,0.6409528865248405,1.281905773049681,55742.865292593364,0.04671857619577308,1.3487623258286978,55742.865292593364,1152.4539810970236,0.640012291903262,330.5,2.6082462184483273,4.069325957154018,0.16017797552836485,366.05611111111114,2,29
2166,56.0,1.1407788515717516,2.2815577031435033,57862.64530869957,-0.03114571746384872,1.210660586938727,57862.64530869957,2119.780016106204,1.3750191068270425,336.5,5.980870534293236,5.242795767166321,0.08565072302558398,366.05611111111114,2,29
2167,57.0,0.07725298676712539,0.15450597353425077,58001.62787891893,-0.0055617352614015575,1.3875658228945955,58001.62787891893,138.98257021936297,0.09294891491488047,342.5,0.1442688989962874,1.8674863592158262,0.0,366.05611111111114,2,29
2168,58.0,0.882022514673629,1.764045029347258,59587.554207044916,-0.011123470522803115,1.3620295657326413,59587.554207044916,1585.9263281259846,0.8809073068967722,348.5,5.240604765105743,5.941577088930548,0.08453837597330367,366.05611111111114,2,29
2169,59.0,0.08938535382396375,0.1787707076479275,59748.55277232664,-0.0011123470522803114,1.3869440491379899,59748.55277232664,160.99856528172677,0.09642302331369149,354.5,0.42716916687808604,4.778961525613654,0.012235817575083427,366.05611111111114,2,29
2170,60.0,0.05747486190696471,0.11494972381392941,59851.949287067706,-0.0011123470522803114,1.1328066505117989,59851.949287067706,103.39651474106358,0.06540839685710567,360.5,0.09975033660893748,1.735547216631936,0.0,366.05611111111114,2,29
2171,61.0,0.05044132289994137,0.10088264579988274,59942.642785641765,-0.0011123470522803114,1.0811446357623284,59942.642785641765,90.69349857405905,0.05604102064911546,366.5,0.08457813512341618,1.6767628258122962,0.0,366.05611111111114,2,29
2172,62.0,0.050802097230844535,0.10160419446168907,60033.98495646289,-0.0011123470522803114,1.1582627472821494,60033.98495646289,91.34217082112445,0.05849816599600515,372.5,0.08049300178380692,1.5844424968923434,0.0,366.05611111111114,2,29
2173,63.0,0.0604205024056107,0.1208410048112214,60142.62101978819,0.0,1.0899889673790353,60142.62101978819,108.63606332529889,0.06958797197263858,378.5,0.1064869624031362,1.7624309326042236,0.0,366.05611111111114,2,29
2174,64.0,0.058927887557721964,0.11785577511544393,60248.779743039246,0.0,1.1937501867144527,60248.779743039246,106.15872325105738,0.07047978309710656,384.5,0.10980731203758803,1.8634184354568601,0.0,366.05611111111114,2,29
2175,65.0,0.057109060355494574,0.11421812071098915,60351.48414910662,0.008898776418242492,1.0941550503562332,60351.48414910662,102.70440606737247,0.06908246876761849,390.5,0.0968346108399324,1.6956085468251931,0.0,366.05611111111114,2,29
2176,66.0,0.05536427400892349,0.11072854801784698,60451.02911377469,0.0055617352614015575,1.1188458571274418,60451.02911377469,99.54496466807177,0.06370472706253456,396.5,0.09600706068066225,1.7340977083017117,0.0,366.05611111111114,2,29
2177,67.0,0.04946656416529406,0.09893312833058812,60540.04063085374,-0.014460511679644048,1.0799682717855446,60540.04063085374,89.01151707905228,0.05964130428791243,402.5,0.08681109613581932,1.754944933020562,0.0,366.05611111111114,2,29
2178,68.0,0.05719880351375269,0.11439760702750539,60642.884079571464,0.012235817575083427,1.1727659483556758,60642.884079571464,102.84344871772191,0.0668864073063098,408.5,0.09866881435529366,1.7250153551126302,0.0,366.05611111111114,2,29
2179,69.0,0.05999890440246188,0.11999780880492376,60750.90538664479,0.0011123470522803114,1.184410256998568,60750.90538664479,108.02130707332253,0.07189066609215046,414.5,0.1033113469882542,1.7218872247276422,0.0,366.05611111111114,2,29
2180,70.0,0.060068181682849844,0.12013636336569969,60858.90354734225,-0.013348164627363738,1.0981217032031192,60858.90354734225,107.99816069746157,0.07472142760991263,420.5,0.1095431021016125,1.8236460474196161,0.0,366.05611111111114,2,29
2181,71.0,0.07503990899334463,0.15007981798668926,60992.97458063716,0.0,1.0946119676201147,60992.97458063716,134.07103329490928,0.0827098014511518,426.49666666666667,0.12507838676890745,1.6668248728819859,0.0,366.05611111111114,2,29
2182,0.0,1.419865096504121,2.839730193008242,2552.572568522779,-0.18798665183537264,1.5746520938905275,2552.572568522779,2552.572568522779,1.7280264431144239,0.5,5.545788024015803,3.9058555898516,0.3515016685205784,312.25055555555554,2,30
2183,1.0,0.18821900753962864,0.3764380150792573,2986.1969084998905,-0.030033370411568408,1.7877536260351496,2986.1969084998905,433.6243399771115,0.18513288098017053,6.5,0.2266821688546521,1.2043532256269347,0.002224694104560623,312.25055555555554,2,30
2184,2.0,0.5289647940792006,1.0579295881584012,4103.143423485184,0.030033370411568408,1.6648042808980805,4103.143423485184,1116.9465149852936,0.4577498130705488,12.5,0.9984460416187726,1.8875472485022844,0.3325917686318131,312.25055555555554,2,30
2185,3.0,0.4621463798831569,0.9242927597663138,4992.854729315703,-0.02224694104560623,1.7154297935239302,4992.854729315703,889.7113058305185,0.3772449349432997,18.5,0.5123583301059635,1.1086494504955369,0.3225806451612903,312.25055555555554,2,30
2186,4.0,0.9196244888992692,1.8392489777985384,6679.7745852745875,0.06797235023041474,1.5734288427362053,6679.7745852745875,1686.919855958885,0.6677908056413349,24.5,1.713751408341992,1.8635338978339313,0.5506912442396313,312.25055555555554,2,30
2187,5.0,1.796271686998493,3.592543373996986,10067.319721058835,0.050790067720090294,1.3848470798482369,10067.319721058835,3387.5451357842476,1.1838441404565572,30.5,6.402440861336835,3.56429425886854,0.5981941309255079,312.25055555555554,2,30
2188,6.0,0.3715883146952389,0.7431766293904778,10893.225902179276,-0.07230255839822025,1.7403386785050168,10893.225902179276,825.906181120441,0.29665238201515964,36.5,0.38980159657046715,1.0490146787585772,0.21690767519466073,312.25055555555554,2,30
2189,7.0,0.5343826207398784,1.0687652414797568,11939.01955038178,0.010011123470522803,1.923790389225135,11939.01955038178,1045.7936482025034,0.4413577623839541,42.5,0.5634957785123972,1.0544799861421583,0.4549499443826474,312.25055555555554,2,30
2190,8.0,0.6759158248449891,1.3518316496899783,13247.43107105315,-0.05333333333333334,1.5778879719312944,13247.43107105315,1308.4115206713705,0.5560812419527026,48.5,0.7345614756648944,1.0867647252279597,0.623030303030303,312.25055555555554,2,30
2191,9.0,0.4692740971284586,0.9385481942569172,14135.690712069501,-0.012235817575083427,1.5823316505854599,14135.690712069501,888.2596410163515,0.3944806801691301,54.5,0.4713543700075705,1.0044329590996848,0.3259176863181313,312.25055555555554,2,30
2192,10.0,0.28733683754464556,0.5746736750892911,14718.046884801317,0.020022246941045607,1.5868155333183844,14718.046884801317,582.3561727318156,0.2594693326537855,60.5,0.3921979896966015,1.3649415544766792,0.12124582869855395,312.25055555555554,2,30
2193,11.0,0.7815131999264527,1.5630263998529055,16230.72879717458,-0.0011123470522803114,1.4354692527394326,16230.72879717458,1512.681912373264,0.6246683753853629,66.5,2.3705132049883924,3.0332350179260934,0.4549499443826474,312.25055555555554,2,30
2194,12.0,0.5873621149056588,1.1747242298113176,17287.037168304436,0.04004449388209121,1.7996881222309653,17287.037168304436,1056.308371129855,0.5753587602813528,72.5,1.8362243582100397,3.126221987444613,0.389321468298109,312.25055555555554,2,30
2195,13.0,0.5974561327282112,1.1949122654564224,18360.911931575498,-0.026696329254727477,1.5724770721413044,18360.911931575498,1073.874763271062,0.5584720404872671,78.5,1.6798896411135573,2.8117372123080306,0.3503893214682981,312.25055555555554,2,30
2196,14.0,0.6654830653113515,1.330966130622703,19558.563860455197,0.058954393770856504,1.8341578685019635,19558.563860455197,1197.651928879699,0.64842422173484,84.5,2.4089933358062585,3.619916811375496,0.29588431590656283,312.25055555555554,2,30
2197,15.0,0.5123578819684692,1.0247157639369384,20472.257579454366,-0.02927927927927928,1.5886247843991805,20472.257579454366,913.6937189991695,0.5050055716984823,90.5,2.715375722820572,5.2997637362153,0.2702702702702703,312.25055555555554,2,30
2198,16.0,0.5802943282722607,1.1605886565445214,21515.386019056008,-0.03337041156840934,1.6464417744917743,21515.386019056008,1043.1284396016417,0.60569193209535,96.5,1.4204387594697043,2.447790182094055,0.3781979977753059,312.25055555555554,2,30
2199,17.0,0.5351200873171484,1.0702401746342969,22480.627084770407,0.017797552836484983,1.5747202027598906,22480.627084770407,965.2410657143992,0.4842285844653979,102.5,1.699020724231736,3.175026997677964,0.3481646273637375,312.25055555555554,2,30
2200,18.0,0.5059619936408847,1.0119239872817694,23391.778852221458,0.02224694104560623,1.5864614420439127,23391.778852221458,911.1517674510505,0.4942387069715534,108.5,2.3788950642012363,4.701726797862407,0.25583982202447164,312.25055555555554,2,30
2201,19.0,0.3331472624404943,0.6662945248809886,23991.267426396684,-0.004449388209121246,1.6272114564938704,23991.267426396684,599.488574175226,0.34932368780242345,114.5,0.3666710250058105,1.1006274592194918,0.10233592880978866,312.25055555555554,2,30
2202,20.0,0.7256234787492818,1.4512469574985636,25296.663818707875,0.04338153503893215,1.5198222563988384,25296.663818707875,1305.3963923111914,0.7495657090230962,120.5,2.1895277063571568,3.0174433028698684,0.3381535038932147,312.25055555555554,2,30
2203,21.0,0.46986795468298426,0.9397359093659685,26281.24161913788,-0.03467561521252797,1.5427693096320139,26281.24161913788,984.5778004300046,0.413055046390567,126.5,1.1578553500127482,2.464214336119055,0.2539149888143177,312.25055555555554,2,30
2204,22.0,0.5635369461087256,1.1270738922174512,27294.2659180589,0.017797552836484983,1.7142181081454484,27294.2659180589,1013.0242989210201,0.52682474877658,132.5,2.6572160339507254,4.715247247405953,0.3325917686318131,312.25055555555554,2,30
2205,23.0,0.43519952377388704,0.8703990475477741,28076.7522001679,0.5528364849833148,1.528555043268672,28076.7522001679,782.4862821089991,0.570421081289849,138.5,2.1432060225313228,4.9246515803745465,0.13681868743047831,312.25055555555554,2,30
2206,24.0,0.5027596234182561,1.0055192468365122,28981.332901392063,0.4671857619577308,1.5684213319237292,28981.332901392063,904.5807012241639,0.455009930406657,144.5,1.5868614491853292,3.1563024858604973,0.289210233592881,312.25055555555554,2,30
2207,25.0,0.6094471353856208,1.2188942707712416,30077.60173931622,-0.23915461624026696,1.6809500473858856,30077.60173931622,1096.2688379241554,0.5415696425031228,150.5,1.897379554899536,3.113279962664835,0.42936596218020023,312.25055555555554,2,30
2208,26.0,0.5286772230234642,1.0573544460469284,31028.706702592215,0.054505005561735265,1.3376913400261812,31028.706702592215,951.1049632759969,0.6207955409722985,156.5,3.689789805951823,6.979286500844882,0.1646273637374861,312.25055555555554,2,30
2209,27.0,0.852835930151539,1.705671860303078,32562.701802123735,0.39599555061179087,1.6076650717134022,32562.701802123735,1533.9950995315194,0.8831848881118991,162.5,3.4706957382595984,4.069593711469094,0.40266963292547275,312.25055555555554,2,30
2210,28.0,0.9175507991624929,1.8351015983249859,34203.80414421466,-0.5308641975308642,1.6637558904955625,34203.80414421466,1641.1023420909223,0.8941702641638894,168.5,2.8701908467151207,3.12810020909461,0.67003367003367,312.25055555555554,2,30
2211,29.0,3.7953085171448326,7.590617034289665,41031.50875032805,-0.021134593993325918,1.714130592063104,41031.50875032805,6827.704606113395,4.000093585023313,174.5,7.0708826079814875,1.8630587147368014,0.7419354838709677,312.25055555555554,2,30
2212,30.0,0.9675663778607777,1.9351327557215554,42771.550773042945,0.1757508342602892,1.5400590995731647,42771.550773042945,1740.0420227148934,1.084291129662194,180.5,5.854461568507298,6.050707943625643,0.2925472747497219,312.25055555555554,2,30
2213,31.0,0.33628123264170057,0.6725624652834011,43376.26874218742,-0.018909899888765295,1.816474578543509,43376.26874218742,604.7179691444762,0.40115964110512947,186.5,2.835497993493036,8.431924586508787,0.05116796440489433,312.25055555555554,2,30
2214,32.0,3.7659352092922056,7.531870418584411,50148.301253196136,-0.13681868743047831,1.7994034188532337,50148.301253196136,6772.032511008714,3.7119351254882202,192.5,7.410100717644017,1.9676654817002865,0.6829810901001112,312.25055555555554,2,30
2215,33.0,0.1841819984456447,0.3683639968912894,50479.56927145318,-0.067853170189099,1.6206269739488155,50479.56927145318,331.2680182570475,0.2858153981371628,198.5,2.7875320519328235,15.13466069136758,0.011123470522803115,312.25055555555554,2,30
2216,34.0,0.5378985250919157,1.0757970501838314,51446.76647550285,0.7085650723025584,1.5660179262779839,51446.76647550285,967.1972040496694,0.560355399420548,204.5,2.56842101951719,4.774917386282664,0.1446051167964405,312.25055555555554,2,30
2217,35.0,0.26859477512420427,0.5371895502484085,51930.186716952354,-1.4082313681868743,1.7076751462861897,51930.186716952354,483.4202414495012,0.20956622213489098,210.5,0.3053123375371301,1.1367024447737184,0.06896551724137931,312.25055555555554,2,30
2218,36.0,0.11506592080618566,0.23013184161237132,52136.86108679495,0.006674082313681869,1.6985683951976094,52136.86108679495,206.67436984259257,0.11451947334007537,216.5,0.29575309717199955,2.570292707865773,0.011123470522803115,312.25055555555554,2,30
2219,37.0,0.09711112179616645,0.1942222435923329,52311.60080905908,-0.025583982202447165,1.475683706699903,52311.60080905908,174.73972226413025,0.10247309545833012,222.5,0.1466478992174996,1.5101040591963244,0.0033370411568409346,312.25055555555554,2,30
2220,38.0,0.08778029761948485,0.1755605952389697,52469.64438042691,0.006674082313681869,1.401170487656369,52469.64438042691,158.04357136783074,0.08957439179177593,228.5,0.13857185151178722,1.5786213452189073,0.0,312.25055555555554,2,30
2221,39.0,0.09830770057746586,0.19661540115493173,52646.269640563194,0.00778642936596218,1.527522408023169,52646.269640563194,176.62526013628667,0.10833725765482648,234.5,0.23621477199824573,2.402810467651107,0.011123470522803115,312.25055555555554,2,30
2222,40.0,0.1333363273321,0.2666726546642,52886.15277530481,-0.008898776418242492,1.3300072128751697,52886.15277530481,239.8831347416126,0.13336157706507726,240.5,0.2027410766610969,1.5205239316074073,0.0033370411568409346,312.25055555555554,2,30
2223,41.0,0.11012342514444978,0.22024685028889956,53084.3863477291,-0.0011123470522803114,1.364368433931703,53084.3863477291,198.23357242429483,0.11277167500212444,246.5,0.18305520635479156,1.6622730914396875,0.0,312.25055555555554,2,30
2224,42.0,0.09616984171702013,0.19233968343404026,53257.50682075241,-0.01668520578420467,1.1688157920511824,53257.50682075241,173.12047302330757,0.10263980722172006,252.5,0.1582905993236964,1.6459484230978219,0.0,312.25055555555554,2,30
2225,43.0,0.09084005901207037,0.18168011802414075,53420.86729433398,0.024471635150166853,1.0498173197357874,53420.86729433398,163.36047358156793,0.10366312850512455,258.5,0.16896695094598685,1.8600488901436685,0.0,312.25055555555554,2,30
2226,44.0,0.1262469545479779,0.2524939090959558,53648.02870352038,-0.02224694104560623,1.1049148041538066,53648.02870352038,227.16140918640303,0.13010011769445515,264.5,0.521413752806809,4.1301095513448995,0.012235817575083427,312.25055555555554,2,30
2227,45.0,0.09269678400275594,0.18539356800551188,53814.697521157206,0.004449388209121246,1.1538380042185303,53814.697521157206,166.66881763682613,0.09805805943602681,270.5,0.1586017769871141,1.7109738886129942,0.0,312.25055555555554,2,30
2228,46.0,0.11156982287303557,0.22313964574607115,54015.36429196566,0.00778642936596218,1.151457386043988,54015.36429196566,200.66677080845693,0.11958829260613835,276.5,0.18135128473386827,1.6254510410063367,0.0,312.25055555555554,2,30
2229,47.0,0.07090845860014439,0.14181691720028877,54143.146209395214,-0.012235817575083427,0.8170001671783326,54143.146209395214,127.78191742955096,0.08214399319970773,282.5,0.14355118613225498,2.024457856879189,0.0,312.25055555555554,2,30
2230,48.0,0.07369848869807052,0.14739697739614105,54275.61884713026,0.06117908787541713,1.1586802883580174,54275.61884713026,132.47263773504528,0.07829888864581303,288.5,0.38366455674135785,5.2058673592773745,0.012235817575083427,312.25055555555554,2,30
2231,49.0,0.06707926528396144,0.13415853056792287,54396.36256092441,-0.06340378197997776,1.0202897246852634,54396.36256092441,120.74371379415243,0.07295760697500157,294.5,0.12498660752323086,1.8632673896193521,0.0,312.25055555555554,2,30
2232,50.0,0.09433945590652844,0.18867891181305688,54565.984902644406,-0.0011123470522803114,1.0698016943464266,54565.984902644406,169.62234171999444,0.10530028532841257,300.5,0.5732499583509844,6.076460298000453,0.024471635150166853,312.25055555555554,2,30
2233,51.0,0.16119830012009015,0.3223966002401803,54855.89159206435,-0.0011123470522803114,1.0766492172053488,54855.89159206435,289.90668941994227,0.20442358491248191,306.5,0.9343162165225061,5.796067426433502,0.07452725250278086,312.25055555555554,2,30
2234,52.0,0.05344780897858833,0.10689561795717666,54951.99075260776,0.0,1.1473075135730995,54951.99075260776,96.09916054341011,0.0605192418712192,312.5,0.0944881519962117,1.7678582864652974,0.0,312.25055555555554,2,30
2235,53.0,0.052835642961014284,0.10567128592202857,55046.98923865165,-0.0011123470522803114,1.0310459550264344,55046.98923865165,94.99848604389263,0.057940766711810296,318.5,0.09176843914341551,1.7368661380940984,0.0,312.25055555555554,2,30
2236,54.0,0.04806061202748277,0.09612122405496554,55133.402219076896,0.0033370411568409346,1.0731306068984872,55133.402219076896,86.41298042524431,0.057371928675140495,324.5,0.08916240041673264,1.855207344545392,0.0,312.25055555555554,2,30
2237,55.0,0.04587426939840441,0.09174853879680882,55215.91845478472,-0.0033370411568409346,1.133415042147694,55215.91845478472,82.51623570782249,0.05487460958552764,330.5,0.08593557345216181,1.8732848409167429,0.0,312.25055555555554,2,30
2238,56.0,0.04876429945226058,0.09752859890452116,55303.59666519986,0.006674082313681869,1.083830730206179,55303.59666519986,87.67821041514253,0.049906852329049685,336.5,0.07934636181376946,1.6271404019952793,0.0,312.25055555555554,2,30
2239,57.0,0.04762069739477574,0.09524139478955149,55389.21867911573,-0.006674082313681869,1.0595066616778976,55389.21867911573,85.62201391586859,0.050935030786950254,342.5,0.0831429683278976,1.7459418462237566,0.0,312.25055555555554,2,30
2240,58.0,0.049822800796151576,0.09964560159230315,55478.844247557565,0.0033370411568409346,1.0307460586761532,55478.844247557565,89.62556844183564,0.05579537507472829,348.5,0.08723075646063798,1.7508200074407676,0.0,312.25055555555554,2,30
2241,59.0,0.06081230733063079,0.12162461466126158,55588.18477613804,0.0033370411568409346,1.0499415069742406,55588.18477613804,109.34052858047653,0.06787181180588142,354.5,0.10287131392970725,1.691619977028755,0.0,312.25055555555554,2,30
2242,60.0,0.0453030625271257,0.0906061250542514,55669.63968256177,-0.006674082313681869,1.1275698105711456,55669.63968256177,81.45490642372897,0.05348632558759863,360.5,0.08787819333000094,1.9397848275132152,0.0,312.25055555555554,2,30
2243,61.0,0.051261545359174585,0.10252309071834917,55761.80794111759,0.0,1.1964567879854875,55761.80794111759,92.16825855582283,0.05716542519014736,366.5,0.08722931799392519,1.7016521328558278,0.0,312.25055555555554,2,30
2244,62.0,0.04986492027457007,0.09972984054914014,55851.46506777126,0.0,1.039244694793527,55851.46506777126,89.65712665367028,0.05658246036081694,372.5,0.08782316635806957,1.7612214333140588,0.0,312.25055555555554,2,30
2245,63.0,0.05710376646982069,0.11420753293964138,55954.13763988394,0.0,1.1673988187064828,55954.13763988394,102.67257211267861,0.06321568900831911,378.5,0.09357812946563347,1.6387383048557658,0.0,312.25055555555554,2,30
2246,64.0,0.06537091321379725,0.1307418264275945,56071.674541842345,0.0011123470522803114,1.0997916492359987,56071.674541842345,117.53690195840318,0.07826847867805511,384.5,0.12407576558382362,1.8980271115079983,0.0,312.25055555555554,2,30
2247,65.0,0.0648165712702347,0.1296331425404694,56188.38542058865,-0.0011123470522803114,1.1260991931539899,56188.38542058865,116.71087874630757,0.07513423596083078,390.5,0.11895182257037064,1.8352069577150887,0.0,312.25055555555554,2,30
2248,66.0,0.06614577577034306,0.13229155154068611,56307.315525423786,0.01557285873192436,1.1554392038664087,56307.315525423786,118.93010483513353,0.07351998268853609,396.5,0.11315807364958727,1.7107377203114233,0.0,312.25055555555554,2,30
2249,67.0,0.0741786528342947,0.1483573056685894,56440.68874321992,-0.01557285873192436,1.1170575507029494,56440.68874321992,133.37321779613558,0.08656555379436362,402.5,0.13027663970253792,1.7562551316961592,0.0,312.25055555555554,2,30
2250,68.0,0.07206953738943511,0.14413907477887022,56570.269771446205,0.0033370411568409346,1.142518805742376,56570.269771446205,129.5810282262828,0.0818989940727197,408.5,0.1265259291920483,1.7556090100641621,0.0,312.25055555555554,2,30
2251,69.0,0.08814456954679789,0.17628913909359578,56728.75370749129,0.0,1.142821656410532,56728.75370749129,158.483936045086,0.09639659931258045,414.5,0.15073410005660662,1.7100781231517452,0.0,312.25055555555554,2,30
2252,70.0,0.07432048341135829,0.14864096682271657,56862.3302429905,0.0011123470522803114,1.0269257746569507,56862.3302429905,133.57653549921088,0.0813160674028885,420.5,0.13391479105558315,1.8018557591232938,0.0,312.25055555555554,2,30
2253,71.0,0.05506847577366903,0.11013695154733806,56960.68254072235,-0.004479283314669653,0.9716108451630221,56960.68254072235,98.35229773184983,0.05845728539234341,426.49666666666667,0.10237769085528278,1.8590979578961695,0.0,312.25055555555554,2,30
2254,0.0,2.037609349794409,4.075218699588818,3606.239833976366,-0.23025583982202447,1.2419293637736932,3606.239833976366,3606.239833976366,2.59436951027378,0.5,12.267286215896933,6.020430862831817,0.41379310344827586,330.2783333333333,2,31
2255,1.0,0.8180349653328097,1.6360699306656195,5022.858210268156,0.002224694104560623,1.7623429358034515,5022.858210268156,1416.61837629179,1.0886005512802384,6.5,5.516902418028054,6.744091208599567,0.11457174638487208,330.2783333333333,2,31
2256,2.0,0.21253052029474906,0.4250610405894981,5411.1689805758715,-0.0033370411568409346,1.1568815613133305,5411.1689805758715,388.31077030771576,0.27547412072056005,12.5,1.7151635818967543,8.070198950805139,0.03225806451612903,330.2783333333333,2,31
2257,3.0,1.5819323495918776,3.163864699183755,8257.912969513141,0.048943270300333706,1.211215027666374,8257.912969513141,2846.74398893727,1.4133652026793675,18.5,10.242164093937896,6.474464029122529,0.20689655172413793,330.2783333333333,2,31
2258,4.0,0.5368830461370003,1.0737660922740007,9352.656875790837,-0.04735062006764374,1.3374469834027307,9352.656875790837,1094.7439062776957,0.5284802631097405,24.5,2.8629309863220067,5.332503991179211,0.043968432919954906,330.2783333333333,2,31
2259,5.0,0.8024146212704625,1.604829242540925,10817.877952390429,0.05116796440489433,1.5631784784709066,10817.877952390429,1465.2210765995915,0.7276551107709426,30.5,2.6529173909415933,3.3061678097804736,0.10901001112347053,330.2783333333333,2,31
2260,6.0,1.4801661483362538,2.9603322966725076,13527.245809816117,0.03337041156840934,1.3106347794759137,13527.245809816117,2709.3678574256883,1.2625222753176828,36.5,4.306987696996863,2.909800161176522,0.5706340378197998,330.2783333333333,2,31
2261,7.0,0.45826068976203,0.91652137952406,14496.565041852054,-0.06896551724137931,1.5488049893268496,14496.565041852054,969.3192320359376,0.3906381798253047,42.5,0.8348240346737509,1.8217229915733473,0.0389321468298109,330.2783333333333,2,31
2262,8.0,0.6084246475625994,1.2168492951251988,15746.068643013383,0.002224694104560623,1.596934275386209,15746.068643013383,1249.5036011613283,0.47033636298523374,48.5,1.8458034611589984,3.0337420887754023,0.07341490545050056,330.2783333333333,2,31
2263,9.0,0.2014529410410185,0.402905882082037,16155.568661953466,-0.018909899888765295,1.4063764806416237,16155.568661953466,409.50001894008346,0.18380825215817442,54.5,0.27524617328081913,1.366305062901888,0.013348164627363738,330.2783333333333,2,31
2264,10.0,0.20089072453784776,0.4017814490756955,16605.49697832415,0.00778642936596218,1.7508319337422316,16605.49697832415,449.9283163706841,0.1880028065168753,60.5,0.22067740834782998,1.0984947605495565,0.0,330.2783333333333,2,31
2265,11.0,1.0206727094130417,2.0413454188260833,18458.58972542391,0.019305019305019305,1.2792127871539831,18458.58972542391,1853.0927470997594,0.7619743959459829,66.5,1.1648122189681718,1.1412201073133623,0.601029601029601,330.2783333333333,2,31
2266,12.0,1.1496323676767832,2.2992647353535665,20353.486334958212,0.31840796019900497,1.2945455360886302,20353.486334958212,1894.8966095343021,0.9285657972047184,72.5,2.1939382009169073,1.908382420852062,0.5783582089552238,330.2783333333333,2,31
2267,13.0,0.45759916786866367,0.9151983357373273,21176.51398894178,-0.1635150166852058,1.6149314613815542,21176.51398894178,823.0276539835686,0.48066556050955733,78.5,2.1910138827037606,4.7880635205451405,0.06562847608453838,330.2783333333333,2,31
2268,14.0,0.6542603792687566,1.3085207585375132,22352.13226408011,-0.09010011123470522,1.5012565996874394,22352.13226408011,1175.6182751383312,0.6350333174801724,84.5,2.4693815396810854,3.774310072758838,0.1635150166852058,330.2783333333333,2,31
2269,15.0,1.3686524313773587,2.7373048627547174,24813.957176272655,0.2324805339265851,1.4519685194005607,24813.957176272655,2461.8249121925437,1.1427008504924856,90.5,3.030420076834913,2.214163367821015,0.6318131256952169,330.2783333333333,2,31
2270,16.0,0.55540185885151,1.11080371770302,25812.800229720644,-0.13125695216907676,1.6150659071172746,25812.800229720644,998.8430534479885,0.560853823347571,96.5,0.8323828403129515,1.498703735047264,0.18242491657397109,330.2783333333333,2,31
2271,17.0,0.46166580221463954,0.9233316044292791,26642.957696891142,-0.012235817575083427,1.676444199581721,26642.957696891142,830.1574671704984,0.3780010876474895,102.5,0.4355416767060583,0.943413340595595,0.08342602892102335,330.2783333333333,2,31
2272,18.0,0.41271658021887586,0.8254331604377517,27385.41594003453,-0.03114571746384872,1.3700864464468463,27385.41594003453,742.4582431433882,0.4677081905679543,108.5,2.6706753799651493,6.4709670218453805,0.03337041156840934,330.2783333333333,2,31
2273,19.0,0.4300515780869341,0.8601031561738682,28158.478372664198,0.08008898776418243,1.6165879361762132,28158.478372664198,773.0624326296675,0.39725724574203863,114.5,0.7723244266518337,1.795887902766188,0.060066740823136816,330.2783333333333,2,31
2274,20.0,0.3698374408233126,0.7396748816466252,28823.324184280267,-0.0878754171301446,1.4294128921056968,28823.324184280267,664.8458116160691,0.3263451673647825,120.5,0.8615831030938712,2.3296265007022012,0.04671857619577308,330.2783333333333,2,31
2275,21.0,0.5369333805062086,1.0738667610124173,29790.09098929673,0.05005561735261402,1.3389412287705842,29790.09098929673,966.7668050164611,0.4236270646573831,126.5,1.977762735117967,3.6834415719383604,0.06674082313681869,330.2783333333333,2,31
2276,22.0,0.8225946638464977,1.6451893276929954,31271.35050642241,-0.041156840934371525,1.6778413067099647,31271.35050642241,1481.2595171256798,0.8155903145090769,132.5,3.452872330721304,4.197537964293962,0.14015572858731926,330.2783333333333,2,31
2277,23.0,0.3938276820134649,0.7876553640269298,31980.263209908353,0.2447163515016685,1.4783228486334117,31980.263209908353,708.9127034859448,0.4026913172431928,138.5,3.9857857666799448,10.120633842452119,0.024471635150166853,330.2783333333333,2,31
2278,24.0,4.097671728757148,8.195343457514296,39348.1280622418,0.6518353726362626,1.4055858722196246,39348.1280622418,7367.864852333445,4.57292709255445,144.5,13.950103454923289,3.4043975160388094,0.542825361512792,330.2783333333333,2,31
2279,25.0,0.6751191751842119,1.3502383503684239,40626.02771003248,-0.9620958751393534,1.5162557524020752,40626.02771003248,1277.899647790684,0.7003905210270106,150.4988888888889,2.8876042829549298,4.277177110496117,0.14938684503901895,330.2783333333333,2,31
2280,26.0,2.2970673178761585,4.594134635752317,44814.002048705275,0.9145106861642295,1.3455964840746444,44814.002048705275,4187.974338672793,2.4822965823708385,156.5,9.237520294340701,4.0214408269417214,0.19572553430821146,330.2783333333333,2,31
2281,27.0,1.51111976971986,3.02223953943972,47536.02177048593,0.15016685205784205,1.5380960367861252,47536.02177048593,2722.0197217806563,1.6500944936772024,162.5,6.25587795906788,4.139895516175816,0.3270300333704116,330.2783333333333,2,31
2282,28.0,1.3958784515876559,2.7917569031753118,50046.13053370452,-0.3348164627363737,1.6041052858216023,50046.13053370452,2510.108763218588,1.3902568590596984,168.5,8.62145689663907,6.176366492965864,0.17018909899888765,330.2783333333333,2,31
2283,29.0,0.31350633485173107,0.6270126697034621,50609.45099132704,-0.7569676700111483,1.407724792448248,50609.45099132704,563.320457622518,0.36549409826869017,174.4988888888889,1.7128705903857195,5.463591640646753,0.042363433667781496,330.2783333333333,2,31
2284,30.0,2.0688044250575737,4.137608850115147,54320.937647427214,0.8207762557077626,1.3901737635367402,54320.937647427214,3711.4866561001763,2.4263967709313325,180.5,6.337273114230977,3.063253847233343,0.3127853881278539,330.2783333333333,2,31
2285,31.0,0.37712204999339916,0.7542440999867983,54999.23462762058,0.03114571746384872,1.6939908403570887,54999.23462762058,678.296980193365,0.519666643948853,186.5,4.025899008113076,10.675321180990458,0.01557285873192436,330.2783333333333,2,31
2286,32.0,0.23384545091788253,0.46769090183576506,55419.898246947014,-0.02335928809788654,1.629372293586955,55419.898246947014,420.66361932643485,0.21480450790174668,192.5,0.4753925215253604,2.032934656882848,0.011123470522803115,330.2783333333333,2,31
2287,33.0,0.23172037932257677,0.46344075864515355,55836.874114176375,0.13681868743047831,1.440925437517871,55836.874114176375,416.97586722936103,0.32539552036738545,198.5,2.5422617315108296,10.971247927968216,0.011123470522803115,330.2783333333333,2,31
2288,34.0,0.3692797893043379,0.7385595786086758,56502.26075656331,-0.2992213570634038,1.556139955818932,56502.26075656331,665.3866423869331,0.30749998166929693,204.5,1.2712596148998059,3.4425377497497194,0.03670745272525028,330.2783333333333,2,31
2289,35.0,0.2668262630495214,0.5336525260990428,56982.90264338511,-0.6340378197997776,1.5596698508681408,56982.90264338511,480.6418868218025,0.2485823884801786,210.5,0.7951785632875314,2.98013604133095,0.03225806451612903,330.2783333333333,2,31
2290,36.0,0.29951468270437903,0.5990293654087581,57522.306340438285,0.09010011123470522,1.7409490082425976,57522.306340438285,539.4036970531743,0.3533898778630399,216.5,2.547838120595982,8.506554996205972,0.011123470522803115,330.2783333333333,2,31
2291,37.0,0.17393436135473953,0.34786872270947905,57835.80331161545,-0.09121245828698554,1.5931639610953887,57835.80331161545,313.4969711771628,0.20511960861679357,222.5,0.7529898787819218,4.329161143991539,0.03670745272525028,330.2783333333333,2,31
2292,38.0,0.12721563122228607,0.25443126244457215,58064.764541984834,0.010011123470522803,1.5356917608119232,58064.764541984834,228.9612303693866,0.17240939012494055,228.5,1.1706752763459913,9.202291142198163,0.011123470522803115,330.2783333333333,2,31
2293,39.0,0.6055123762826059,1.2110247525652118,59267.0518349439,0.02422145328719723,1.6393154929336184,59267.0518349439,1202.2872929590667,0.7340846401514588,234.5,3.013990517831261,4.97758697573601,0.1580161476355248,330.2783333333333,2,31
2294,40.0,0.6795978561110975,1.359195712222195,60489.054890315914,-0.05005561735261402,1.635279271263987,60489.054890315914,1222.0030553720135,0.6396908023640163,240.5,2.626253937462392,3.8644235173000077,0.1446051167964405,330.2783333333333,2,31
2295,41.0,0.7674064027331867,1.5348128054663734,62226.74925129561,0.04976851851851852,1.2926522338314574,62226.74925129561,1737.6943609796945,0.9263522578458284,246.5,6.176763459107353,8.048881840323793,0.21180555555555555,330.2783333333333,2,31
2296,42.0,0.2718834807720427,0.5437669615440854,62566.80856442416,-0.036585365853658534,1.6672451307577514,62566.80856442416,340.05931312854955,0.24544127988008274,252.5,0.3685643499922554,1.3555967024759166,0.042682926829268296,330.2783333333333,2,31
2297,43.0,0.36556585271671255,0.7311317054334251,63223.93420118736,0.0033370411568409346,1.6018823408865324,63223.93420118736,657.1256367632013,0.33289265413121394,258.5,1.1392580152544804,3.1164235028738423,0.042269187986651836,330.2783333333333,2,31
2298,44.0,0.8563453750323344,1.7126907500646689,64397.80428715406,0.03741496598639456,1.5419355307017335,64397.80428715406,1173.8700859667006,0.6937409188766397,264.5,2.073787728917247,2.421672130638813,0.32482993197278914,330.2783333333333,2,31
2299,45.0,0.4391908996976537,0.8783817993953074,65187.65822261719,-0.041156840934371525,1.9390329117730924,65187.65822261719,789.8539354631284,0.4243516337985276,270.5,1.2471260770011445,2.839599085180697,0.034482758620689655,330.2783333333333,2,31
2300,46.0,0.6787995837579966,1.3575991675159933,66500.90133428667,0.013729977116704805,1.2114252195650577,66500.90133428667,1313.2431116694788,0.6466413188413385,276.5,2.4552042435187076,3.6169795949580736,0.13386727688787187,330.2783333333333,2,31
2301,47.0,0.6670994618497805,1.334198923699561,67705.99336807433,-0.0011123470522803114,1.4942736177546416,67705.99336807433,1205.0920337876596,0.6343511912796057,282.5,3.245116904417217,4.8645173471118195,0.11345939933259176,330.2783333333333,2,31
2302,48.0,0.5573826914972649,1.1147653829945299,68838.10473551667,0.08008898776418243,1.8352124884265042,68838.10473551667,1132.1113674423395,0.6770483026639794,288.5,3.532742958478757,6.338092323945248,0.07230255839822025,330.2783333333333,2,31
2303,49.0,1.0197078724402588,2.0394157448805177,70674.58210438339,-0.0778642936596218,1.8406184507371113,70674.58210438339,1836.4773688667192,1.0525781040731534,294.5,3.2596426413688757,3.1966435971198672,0.32146829810901,330.2783333333333,2,31
2304,50.0,0.7077290424087789,1.4154580848175577,71947.67374998039,0.1946607341490545,1.336601843269016,71947.67374998039,1273.091645597,0.7564442026656297,300.5,3.4607155959823137,4.88988777993857,0.14794215795328142,330.2783333333333,2,31
2305,51.0,0.8818242868959921,1.7636485737919843,73522.7294091914,0.07847533632286996,1.6962729845534001,73522.7294091914,1575.0556592110079,0.852580867909384,306.5,2.4947031668625095,2.829025242255264,0.3576233183856502,330.2783333333333,2,31
2306,52.0,1.986579114364197,3.973158228728394,76972.23704984477,-0.3447015834348356,1.335769089922463,76972.23704984477,3449.507640653377,1.920916950973805,312.5,8.280766396297338,4.168354704034825,0.510353227771011,330.2783333333333,2,31
2307,53.0,0.22223803676813494,0.4444760735362699,77371.80253329963,0.1635150166852058,1.6829541023183507,77371.80253329963,399.56548345486226,0.22873423776689555,318.5,1.0844403139995251,4.879634151605388,0.011123470522803115,330.2783333333333,2,31
2308,54.0,0.8478907647290685,1.695781529458137,78897.79480421584,-0.16796440489432704,1.3411775918142284,78897.79480421584,1525.9922709162056,1.5708685637796487,324.5,12.665668112152796,14.93785359980885,0.035595105672969966,330.2783333333333,2,31
2309,55.0,0.30565868407210434,0.6113173681442087,79447.52752610516,0.22580645161290322,1.1791266023470313,79447.52752610516,549.7327218893188,0.5275114958608985,330.5,6.549331125815236,21.426942753801363,0.00778642936596218,330.2783333333333,2,31
2310,56.0,0.20459177977468462,0.40918355954936925,79815.62767835114,-0.18020022246941045,1.3383644491203037,79815.62767835114,368.10015224598465,0.18146956669797368,336.5,0.4429031319045615,2.1648139157512944,0.012235817575083427,330.2783333333333,2,31
2311,57.0,0.20900606492808557,0.41801212985617114,80191.43305439923,0.05561735261401557,1.4173783963484363,80191.43305439923,375.8053760480834,0.20694097496528455,342.5,1.0629735661756345,5.085850339038633,0.02224694104560623,330.2783333333333,2,31
2312,58.0,0.47541379818033075,0.9508275963606615,81046.35045530119,-0.09121245828698554,1.3292005638794182,81046.35045530119,854.9174009019625,0.47465646027321323,348.5,1.9385455410719103,4.077596292938461,0.08898776418242492,330.2783333333333,2,31
2313,59.0,0.11384210143024935,0.2276842028604987,81251.40176136799,0.0,1.3851995740070817,81251.40176136799,205.05130606680177,0.1393276263462328,354.5,0.8923722243182555,7.838683695284813,0.010011123470522803,330.2783333333333,2,31
2314,60.0,0.24284568214143015,0.4856913642828603,81688.29289334855,-0.004449388209121246,1.6314781948154766,81688.29289334855,436.89113198056293,0.26265255152035816,360.5,1.3047009897723973,5.372551730248827,0.011123470522803115,330.2783333333333,2,31
2315,61.0,0.2558468055713951,0.5116936111427902,82148.2531176934,0.012235817575083427,1.646949876694418,82148.2531176934,459.9602243448462,0.20482968898529685,366.5,0.36347523736911536,1.4206753004296788,0.0389321468298109,330.2783333333333,2,31
2316,62.0,0.1633399952930985,0.326679990586197,82442.70010303285,-0.014460511679644048,1.5631215040873887,82442.70010303285,294.44698533945484,0.13993444313584844,372.5,0.2674116470047848,1.6371473901718887,0.0033370411568409346,330.2783333333333,2,31
2317,63.0,0.10629000760796148,0.21258001521592296,82633.90557281893,-0.0055617352614015575,1.3973947452634317,82633.90557281893,191.20546978607308,0.10529165252522989,378.5,0.20043249976815364,1.8857134765426489,0.004449388209121246,330.2783333333333,2,31
2318,64.0,0.14941419028432773,0.29882838056865546,82901.58115091649,0.0033482142857142855,1.7100842546606076,82901.58115091649,267.67557809756545,0.1390692461256706,384.5,0.2600988867969065,1.740791060755015,0.0,330.2783333333333,2,31
2319,65.0,0.15461911131124575,0.3092382226224915,83178.4374808361,0.0011123470522803114,1.4201226722495601,83178.4374808361,276.8563299196103,0.1337731442068544,390.5,0.20894692841119789,1.3513654724776623,0.0,330.2783333333333,2,31
2320,66.0,0.12136723524998616,0.24273447049997232,83396.70934476859,0.017797552836484983,1.3845236827036753,83396.70934476859,218.2718639324885,0.10696436438706004,396.5,0.16628217268072265,1.3700746526706564,0.0,330.2783333333333,2,31
2321,67.0,0.1184459291955258,0.2368918583910516,83610.63653562982,0.02335928809788654,1.258163112750674,83610.63653562982,213.92719086122815,0.0966354110165273,402.5,0.20293871322118287,1.713344769208402,0.0,330.2783333333333,2,31
2322,68.0,0.11587925076112741,0.23175850152225483,83819.25924547565,-0.02335928809788654,1.2504212703280804,83819.25924547565,208.62270984583301,0.09131665049890793,408.5,0.142981150626032,1.2338805237943093,0.0,330.2783333333333,2,31
2323,69.0,0.08465069032887643,0.16930138065775285,83971.74386599103,-0.013348164627363738,1.5215817709793333,83971.74386599103,152.48462051537354,0.08565337157609183,414.5,0.12281841210678102,1.4508849441111367,0.0,330.2783333333333,2,31
2324,70.0,0.10520787722704938,0.21041575445409877,84161.26963751143,0.0033370411568409346,1.547539847530899,84161.26963751143,189.52577152040612,0.1124609527248488,420.5,0.18133971803274035,1.7236325150957152,0.0,330.2783333333333,2,31
2325,71.0,0.09357788509257138,0.18715577018514276,84328.49870833628,-0.011198208286674132,1.5294914600689151,84328.49870833628,167.22907082484744,0.09219434501255165,426.49666666666667,0.1288816257494149,1.377265853165195,0.0,330.2783333333333,2,31
2326,0.0,0.8919623835952782,1.7839247671905565,1603.5506236613146,0.008898776418242492,1.5163924879055088,1603.5506236613146,1603.5506236613146,0.6844388321378913,0.5,0.783361409275796,0.8782448942726275,0.9421579532814238,426.05611111111114,2,32
2327,1.0,0.7218559943084853,1.4437119886169707,2969.0693922821524,-0.0033370411568409346,1.612104691463956,2969.0693922821524,1365.5187686208378,0.5420464138919052,6.5,0.6404203606460608,0.8871857623895785,0.8865406006674083,426.05611111111114,2,32
2328,2.0,0.5403508609432296,1.0807017218864592,4006.779616364105,-0.018909899888765295,1.7583531011511437,4006.779616364105,1037.7102240819527,0.4681665171043887,12.5,0.6244744924867426,1.1556833487720697,0.5873192436040044,426.05611111111114,2,32
2329,3.0,0.4051509431317957,0.8103018862635915,4840.324217582027,-0.010011123470522803,1.564873267470693,4840.324217582027,833.5446012179218,0.31068804469437866,18.5,0.4976536264809056,1.2283165938947813,0.3781979977753059,426.05611111111114,2,32
2330,4.0,0.5497749863419804,1.0995499726839608,5887.213822911981,-0.027808676307007785,1.6638930799714546,5887.213822911981,1046.889605329954,0.454673994543165,24.5,0.6531709256452576,1.1880695591322539,0.681868743047831,426.05611111111114,2,32
2331,5.0,0.3769730938552758,0.7539461877105516,6592.874172299091,-0.006674082313681869,1.522177166249663,6592.874172299091,705.6603493871098,0.3136130006552799,30.5,0.3716248573700729,0.9858126837899573,0.3515016685205784,426.05611111111114,2,32
2332,6.0,2.584316013076716,5.168632026153432,11337.557484790676,0.08191126279863481,1.3276337367257993,11337.557484790676,4744.683312491585,2.3247659233011,36.5,10.17380417348531,3.9367492682804883,0.8100113765642776,426.05611111111114,2,32
2333,7.0,0.5278041330749835,1.055608266149967,12537.70818310661,-0.0971709717097171,1.6355231833962018,12537.70818310661,1200.1506983159343,0.63855541413977,42.5,4.669405057449716,8.846852013541069,0.2693726937269373,426.05611111111114,2,32
2334,8.0,0.4130300098123007,0.8260600196246014,13308.818203948395,0.020022246941045607,1.8793569834114252,13308.818203948395,771.1100208417847,0.3313899546588203,48.5,0.3644754885098665,0.8824431151516096,0.41156840934371525,426.05611111111114,2,32
2335,9.0,0.3251279864701632,0.6502559729403264,13974.249853267422,-0.02224694104560623,1.5113903475286246,13974.249853267422,665.4316493190272,0.2879525361890008,54.5,0.336522232835643,1.035045418541739,0.19132369299221358,426.05611111111114,2,32
2336,10.0,0.4197954457482157,0.8395908914964314,14794.338220285461,0.054505005561735265,1.7258287928668485,14794.338220285461,820.0883670180392,0.3140651991917786,60.5,0.33243570092920566,0.7918992554497446,0.47163515016685204,426.05611111111114,2,32
2337,11.0,0.6834273533284831,1.3668547066569663,16140.468714386245,-0.03114571746384872,1.763957089939768,16140.468714386245,1346.1304941007838,0.5841534857579334,66.5,2.3095015562345083,3.379293417195825,0.7408231368186874,426.05611111111114,2,32
2338,12.0,0.736205639853988,1.472411279707976,17464.23987464821,0.08231368186874305,1.5938447800357567,17464.23987464821,1323.7711602619656,0.6668476931451025,72.5,1.2962935019556605,1.7607763806492367,0.7541713014460512,426.05611111111114,2,32
2339,13.0,0.4805408652023004,0.9610817304046008,18328.908815395604,-0.018909899888765295,1.8324512843379084,18328.908815395604,864.6689407473932,0.4158163809372267,78.5,0.6163593755158285,1.282636754017477,0.4560622914349277,426.05611111111114,2,32
2340,14.0,0.6567694294107059,1.3135388588214119,19475.665853047794,0.09899888765294772,1.6633436454386263,19475.665853047794,1146.7570376521908,0.5555677225943899,84.5,2.0691487906378754,3.150494980398895,0.42936596218020023,426.05611111111114,2,32
2341,15.0,0.32583613664437766,0.6516722732887553,20061.262190141377,-0.13793103448275862,1.6915193274057383,20061.262190141377,585.5963370935824,0.33895625354013015,90.5,0.3495497240281416,1.0727776471571824,0.2447163515016685,426.05611111111114,2,32
2342,16.0,0.4513417012003098,0.9026834024006196,20873.094375616387,0.06451612903225806,1.6745240178535554,20873.094375616387,811.8321854750102,0.34896343525123635,96.5,1.1662026081755354,2.583857430133546,0.40266963292547275,426.05611111111114,2,32
2343,17.0,0.44461935922342666,0.8892387184468533,21673.123600675244,-0.05228031145717464,1.7088251877936964,21673.123600675244,800.0292250588573,0.42787197981627006,102.5,3.2616059598407814,7.335726373987653,0.3025583982202447,426.05611111111114,2,32
2344,18.0,0.4810234036460646,0.9620468072921292,22538.561470917713,0.04449388209121246,1.8018338410219807,22538.561470917713,865.4378702424692,0.469610974081017,108.5,0.8705727588376647,1.809834515823744,0.5494994438264739,426.05611111111114,2,32
2345,19.0,0.7871722191630214,1.5743444383260428,23953.962547611427,0.0055617352614015575,1.7811544733542977,23953.962547611427,1415.4010766937135,0.6459472807916514,114.5,2.9644296503252296,3.765922600110591,0.7397107897664071,426.05611111111114,2,32
2346,20.0,0.4800479113835248,0.9600958227670496,24816.36438757294,0.012235817575083427,1.796289448447376,24816.36438757294,862.4018399615125,0.47159911330773957,120.5,1.797899819901645,3.7452507911554025,0.43270300333704115,426.05611111111114,2,32
2347,21.0,0.8320045860591445,1.664009172118289,26311.325842087488,-0.07349665924276169,1.6114488048788078,26311.325842087488,1494.9614545145487,0.7373175813346681,126.49944444444445,1.2077184655499666,1.451576692948798,0.755011135857461,426.05611111111114,2,32
2348,22.0,0.43734398245339634,0.8746879649067927,27138.384468518845,0.02452316076294278,1.8404742351156083,27138.384468518845,827.058626431357,0.3405167103118224,132.5,1.4969617130710169,3.4228473995993167,0.3528610354223433,426.05611111111114,2,32
2349,23.0,0.4405271026792069,0.8810542053584138,27931.588001307584,0.946607341490545,1.912201317730451,27931.588001307584,793.2035327887388,0.4460385602440696,138.5,1.4153182102020065,3.2127835077440063,0.44382647385984425,426.05611111111114,2,32
2350,24.0,0.6955568076559033,1.3911136153118067,29182.47540427291,0.014460511679644048,1.7166174026461378,29182.47540427291,1250.887402965327,0.6483743391182177,144.5,2.244328605971301,3.226664711305055,0.7408231368186874,426.05611111111114,2,32
2351,25.0,0.42785162025429163,0.8557032405085833,29947.862210805248,0.6028202115158637,1.806173352419801,29947.862210805248,765.3868065323368,0.4291369916911882,150.5,2.1928441168644635,5.1252443909436565,0.2608695652173913,426.05611111111114,2,32
2352,26.0,0.5831707558313808,1.1663415116627616,30928.22914069556,-0.35507246376811596,1.9029797131648178,30928.22914069556,980.3669298903114,0.5567797389611789,156.5,2.7057771960917214,4.639768316630191,0.6123188405797102,426.05611111111114,2,32
2353,27.0,0.3632698879570191,0.7265397759140382,31350.873601562194,0.7518939393939394,1.8917070277229904,31350.873601562194,422.6444608666352,0.4247168951090574,162.5,2.255921367665448,6.210042292116327,0.1571969696969697,426.05611111111114,2,32
2354,28.0,0.48102748389048416,0.9620549677809683,32216.455143154155,-0.25583982202447164,1.6936120838758595,32216.455143154155,865.5815415919606,0.4299395040235205,168.5,1.6329306541487978,3.3946722564413143,0.3025583982202447,426.05611111111114,2,32
2355,29.0,0.5988996463698266,1.1977992927396532,32860.28579296314,-0.9821073558648111,1.6894934186392638,32860.28579296314,643.8306498089878,0.6071429547959103,174.5,2.6883249427163616,4.488773635134681,0.4532803180914513,426.05611111111114,2,32
2356,30.0,0.6024011569269987,1.2048023138539974,33825.87878617856,0.22900763358778625,1.7360139684309939,33825.87878617856,965.5929932154177,0.5813475557309746,180.5,2.774178771541765,4.605201599700697,0.6055979643765903,426.05611111111114,2,32
2357,31.0,0.31752779464469305,0.6350555892893861,34397.732305575504,0.3592880978865406,1.7307882282557312,34397.732305575504,571.8535193969437,0.3052602498829754,186.5,1.034296437059952,3.257341418622291,0.1546162402669633,426.05611111111114,2,32
2358,32.0,0.3321562592014228,0.6643125184028456,34995.031530396096,-0.6440489432703004,1.7933371817095825,34995.031530396096,597.2992248205919,0.39629480441472364,192.5,3.2095858082570365,9.662879200210142,0.07452725250278086,426.05611111111114,2,32
2359,33.0,0.4994838473046174,0.9989676946092348,35892.90400246134,-0.8037904124860646,1.7463753504918942,35892.90400246134,897.8724720652463,0.4099346512101387,198.4988888888889,0.5235484268369976,1.0481788943971677,0.6298773690078038,426.05611111111114,2,32
2360,34.0,0.15892699385981363,0.31785398771962725,36391.64864777115,0.29180695847362514,1.3469283453181633,36391.64864777115,498.74464530980913,0.14488495177101876,204.5,0.37351573533752097,2.3502346974925596,0.020202020202020204,426.05611111111114,2,32
2361,35.0,0.5297695937285116,1.0595391874570232,37436.73861166656,-0.15693430656934307,1.7624682181359477,37436.73861166656,1045.089963895407,0.5545504353052157,210.5,3.087164205756967,5.827371450349849,0.35279805352798055,426.05611111111114,2,32
2362,36.0,0.42540676521455706,0.8508135304291141,38202.329492366945,-0.14794215795328142,1.6369947835385266,38202.329492366945,765.5908807003871,0.41455141507253607,216.5,2.23259500239496,5.248141743277012,0.303670745272525,426.05611111111114,2,32
2363,37.0,0.22195684922539355,0.4439136984507871,38604.10661039241,0.012235817575083427,1.498008406862542,38604.10661039241,401.777118025464,0.27136108516270024,222.5,1.7191689361584124,7.745509733797962,0.05561735261401557,426.05611111111114,2,32
2364,38.0,0.657036883127254,1.314073766254508,39893.661271336365,0.006818181818181818,1.7989260714904336,39893.661271336365,1289.5546609439552,1.0576142801464823,228.5,8.921494251761,13.578376619129765,0.11136363636363636,426.05611111111114,2,32
2365,39.0,0.5337190406804301,1.0674380813608602,40939.0855130579,-0.029714285714285714,1.6184505486540888,40939.0855130579,1045.4242417215355,0.6046876220530066,234.5,4.409445234299219,8.26173491707863,0.08685714285714285,426.05611111111114,2,32
2366,40.0,0.36027118325316676,0.7205423665063335,41587.01392688471,0.021134593993325918,1.7793840959428278,41587.01392688471,647.9284138268122,0.41580392473037076,240.5,1.6086125320453868,4.465004715392394,0.15016685205784205,426.05611111111114,2,32
2367,41.0,0.1633983224458557,0.3267966448917114,41880.87115998275,0.012235817575083427,1.5025796911565155,41880.87115998275,293.8572330980387,0.23898628987327553,246.5,2.1690990208934906,13.274916097209331,0.020022246941045607,426.05611111111114,2,32
2368,42.0,0.11429603203693804,0.22859206407387608,42086.58539858099,-0.014460511679644048,1.6954722305775645,42086.58539858099,205.714238598237,0.1554389864753087,252.5,0.8896390830965324,7.783639267625844,0.011123470522803115,426.05611111111114,2,32
2369,43.0,0.10437388354466982,0.20874776708933965,42273.743210565306,-0.029017857142857144,1.7009227811623293,42273.743210565306,187.15781198431796,0.09879802742488246,258.49833333333333,0.17803500331694422,1.7057428282885438,0.015625,426.05611111111114,2,32
2370,44.0,0.07376373213369378,0.14752746426738755,42675.61214983874,0.010075566750629723,1.075422556530625,42675.61214983874,401.86893927343044,0.09068043917635174,264.5,0.1537621274408995,2.0845220678667924,0.0,426.05611111111114,2,32
2371,45.0,0.06486117577905175,0.1297223515581035,42792.26172296051,-0.010011123470522803,0.9499170121068339,42792.26172296051,116.64957312177285,0.08210620349236182,270.5,0.13797605862487214,2.1272518878610023,0.0,426.05611111111114,2,32
2372,46.0,0.06746567043565806,0.1349313408713161,42913.64503319381,0.006674082313681869,1.0072194926642408,42913.64503319381,121.38331023330102,0.08360858164269225,276.5,0.13030607884303905,1.9314427323050443,0.0,426.05611111111114,2,32
2373,47.0,0.21649369980531563,0.43298739961063126,43302.97174324183,0.00778642936596218,0.9605866090764738,43302.97174324183,389.3267100480225,0.38070061377443964,282.5,4.339917817919568,20.046393136716162,0.008898776418242492,426.05611111111114,2,32
2374,48.0,0.06841579162858338,0.13683158325716677,43426.01939995026,0.05784204671857619,1.4139348258812694,43426.01939995026,123.04765670842608,0.06972518302970299,288.5,0.1626494433209024,2.37736697112117,0.01557285873192436,426.05611111111114,2,32
2375,49.0,0.07396471614432679,0.14792943228865357,43559.498383572885,-0.08120133481646273,1.3316145649284643,43559.498383572885,133.4789836226264,0.07465482154790214,294.5,0.13306515001454491,1.7990354989654243,0.011123470522803115,426.05611111111114,2,32
2376,50.0,0.04888471845584859,0.09776943691169718,43647.3450706679,-0.0011123470522803114,1.1990480471046951,43647.3450706679,87.8466870950142,0.055649928518855245,300.5,0.09148880351828023,1.8715215390042708,0.0,426.05611111111114,2,32
2377,51.0,0.06893603698371994,0.1378720739674399,43771.29206516455,0.018909899888765295,1.142737871593745,43771.29206516455,123.94699449664768,0.07411180151974375,306.5,0.1157080925524109,1.6784848334077678,0.0,426.05611111111114,2,32
2378,52.0,0.06790373325863883,0.13580746651727765,43893.47094875762,-0.004449388209121246,1.2296952010889393,43893.47094875762,122.17888359307108,0.0781700286859441,312.5,0.131336234632534,1.93415337168999,0.0,426.05611111111114,2,32
2379,53.0,0.07234451777829534,0.14468903555659068,44023.57405636571,0.002224694104560623,1.091995003124136,44023.57405636571,130.1031076080908,0.09614370061173518,318.5,0.24997107998266346,3.4552871130984206,0.008898776418242492,426.05611111111114,2,32
2380,54.0,0.12323890274147416,0.24647780548294831,44245.18197874694,-0.01557285873192436,1.5040226790959785,44245.18197874694,221.60792238123395,0.1080988254390986,324.5,0.21194855268170584,1.7198185635125574,0.06451612903225806,426.05611111111114,2,32
2381,55.0,0.07450073407496861,0.14900146814993723,44379.13429861374,0.00778642936596218,1.4083502014457687,44379.13429861374,133.95231986679573,0.07853101921173218,330.5,0.1156349732104051,1.5521319977068133,0.0,426.05611111111114,2,32
2382,56.0,0.0903582043563276,0.1807164087126552,44541.614388850765,0.002224694104560623,1.390076727109464,44541.614388850765,162.48009023702616,0.08912740036127903,336.5,0.1428653302854645,1.5810997053690334,0.0,426.05611111111114,2,32
2383,57.0,0.10932637100280988,0.21865274200561977,44738.170437797904,0.00778642936596218,1.4436745584550703,44738.170437797904,196.55604894713906,0.09559191524880115,342.5,0.14971676033116588,1.3694478190199681,0.0,426.05611111111114,2,32
2384,58.0,0.08885029531736723,0.17770059063473445,44897.964723279205,-0.010011123470522803,1.4548819516449416,44897.964723279205,159.7942854813009,0.08916487702663917,348.5,0.1369747796066241,1.5416356143483765,0.0,426.05611111111114,2,32
2385,59.0,0.0628970588606587,0.1257941177213174,45011.09665255982,-0.00778642936596218,1.42860493280511,45011.09665255982,113.13192928061471,0.06782294320803597,354.5,0.10221986210496285,1.6251930369497778,0.0,426.05611111111114,2,32
2386,60.0,0.037940902839118204,0.07588180567823641,45079.37334614254,0.0,1.1499564083091338,45079.37334614254,68.27669358272396,0.04328314819733821,360.5,0.06451206523768424,1.7003302612812465,0.0,426.05611111111114,2,32
2387,61.0,0.16763366805306737,0.33526733610613474,45380.778681302,0.03337041156840934,1.6353898552007162,45380.778681302,301.4053351594557,0.14364856825684166,366.5,0.3120739872729003,1.8616426574529636,0.10344827586206896,426.05611111111114,2,32
2388,62.0,0.15682474178002057,0.31364948356004113,45663.06765765774,-0.027808676307007785,1.4213883661919864,45663.06765765774,282.2889763557396,0.15109130148638536,372.5,0.444278601145708,2.8329624273757865,0.03114571746384872,426.05611111111114,2,32
2389,63.0,1.6959312556486659,3.3918625112973317,48712.781573767286,0.012235817575083427,1.8619459595189811,48712.781573767286,3049.7139161095474,1.9849901253948683,378.5,3.084631433129759,1.818842257229311,0.6273637374860956,426.05611111111114,2,32
2390,64.0,0.9225191268693695,1.845038253738739,50358.357072505576,0.38271604938271603,1.646859059361439,50358.357072505576,1645.5754987382898,1.2055787295576073,384.49944444444446,2.2241537162589675,2.4109567503568,0.4478114478114478,426.05611111111114,2,32
2391,65.0,0.41439877846971257,0.8287975569394251,50396.00097304644,-51.0,2.114326877137388,50396.00097304644,37.64390054086107,0.5713985269874563,390.11055555555555,0.23169549555915095,0.5591123999321466,1.0,426.05611111111114,2,32
2392,66.0,0.296031284656543,0.592062569313086,50826.80251577025,0.03542673107890499,1.4379482857524841,50826.80251577025,430.8015427238133,0.28586954759854843,396.5,0.8322221922631309,2.811264333864846,0.19162640901771336,426.05611111111114,2,32
2393,67.0,0.19993496862143328,0.39986993724286657,51176.523186046055,-0.01770956316410862,1.41842738209783,51176.523186046055,349.7206702758049,0.1900226419268393,402.5,0.8056301167379347,4.029460790640153,0.06965761511216056,426.05611111111114,2,32
2394,68.0,0.130083600783127,0.260167201566254,51410.449675647375,-0.002224694104560623,1.2305532058875568,51410.449675647375,233.9264896013192,0.14897581495415532,408.5,0.5646296625163334,4.340513785882001,0.013348164627363738,426.05611111111114,2,32
2395,69.0,0.06984441706847729,0.13968883413695457,51536.06736608329,0.01557285873192436,1.3513041286223577,51536.06736608329,125.6176904359163,0.07411767999103164,414.5,0.11212172752641263,1.6053069412331922,0.0,426.05611111111114,2,32
2396,70.0,0.08134100838479204,0.16268201676958408,51682.332910374564,-0.017797552836484983,1.4268081523475498,51682.332910374564,146.26554429127282,0.08254989761769961,420.5,0.12636143532843305,1.553477610342218,0.0,426.05611111111114,2,32
2397,71.0,0.08642382907654657,0.17284765815309314,51837.70097705433,-0.0033370411568409346,1.4043397952457093,51837.70097705433,155.36806667976634,0.09203761296633259,426.5,0.14968771290850602,1.7320189872161984,0.0,426.05611111111114,2,32
2398,72.0,0.054595149250963135,0.10919029850192627,51935.847896371044,0.01557285873192436,1.417381901736608,51935.847896371044,98.14691931671405,0.05481138596829276,432.5,0.090261215793577,1.6532827006052129,0.0,426.05611111111114,2,32
2399,73.0,0.05340778252737482,0.10681556505474964,52032.035304874335,-0.014460511679644048,1.3060403031994585,52032.035304874335,96.1874085032905,0.055915162657468334,438.5,0.08595853804286561,1.6094758848826294,0.0,426.05611111111114,2,32
2400,74.0,0.09041622784089065,0.1808324556817813,52194.60368253217,0.01668520578420467,1.4490700378102208,52194.60368253217,162.56837765783712,0.08149288596297616,444.5,0.12988119354110328,1.4364810017252747,0.0,426.05611111111114,2,32
2401,75.0,0.07455230602794359,0.14910461205588718,52328.684668088856,-0.017797552836484983,1.4610711228776492,52328.684668088856,134.08098555668403,0.06692653431618636,450.5,0.12103642562752984,1.6235101511435894,0.0,426.05611111111114,2,32
2402,76.0,0.058503278269478584,0.11700655653895717,52433.8735624173,0.0,1.3727078757102014,52433.8735624173,105.18889432844298,0.059995692712468476,456.5,0.10806346798495184,1.847135257740403,0.0,426.05611111111114,2,32
2403,77.0,0.07856020459553635,0.1571204091910727,52575.13298929438,0.010011123470522803,1.288328894339412,52575.13298929438,141.25942687708448,0.08221811288208118,462.5,0.12933432214400076,1.6463083670653946,0.0,426.05611111111114,2,32
2404,78.0,0.08080800752517067,0.16161601505034134,52720.45929332066,-0.006674082313681869,1.4280510324493332,52720.45929332066,145.32630402627547,0.07861144415510288,468.5,0.12705479412866974,1.5723045032275271,0.0,426.05611111111114,2,32
2405,79.0,0.08427265324812358,0.16854530649624716,52871.981523860726,0.0055617352614015575,1.2331166970176217,52871.981523860726,151.52223054006754,0.0992942439257753,474.5,0.43114641012216365,5.116089187945006,0.01557285873192436,426.05611111111114,2,32
2406,80.0,0.08278979870641247,0.16557959741282494,53020.75979592245,-0.010011123470522803,1.2669510188440087,53020.75979592245,148.77827206172515,0.08630056500050266,480.5,0.132962816182464,1.6060289825558591,0.0,426.05611111111114,2,32
2407,81.0,0.09962682244122846,0.19925364488245692,53199.7910327524,0.00778642936596218,1.3652046008067829,53199.7910327524,179.0312368299492,0.10680367882725231,486.5,0.17291898386539364,1.7356669582370898,0.0,426.05611111111114,2,32
2408,82.0,0.14842298376481772,0.29684596752963543,53466.73684324524,-0.0011123470522803114,1.210339304727135,53466.73684324524,266.9458104928417,0.15244415114650947,492.5,0.7697715238341066,5.186336403624933,0.024471635150166853,426.05611111111114,2,32
2409,83.0,0.09055940639991025,0.1811188127998205,53628.33756523778,-0.006726457399103139,1.172624595605698,53628.33756523778,161.60072199253773,0.09605139175695886,498.49611111111113,0.15170155573629687,1.6751606681958906,0.0,426.05611111111114,2,32
2410,0.0,0.08597594518382005,0.1719518903676401,154.24840448555858,-0.03225806451612903,1.4715159511781153,154.24840448555858,154.24840448555858,0.09229525563897031,0.5,0.13551426936005775,1.5761881892699494,0.0,354.4972222222222,2,33
2411,1.0,0.2895009893501768,0.5790019787003536,688.3582430492727,-0.00778642936596218,1.4301528184590662,688.3582430492727,534.1098385637141,0.40711192078202935,6.5,3.8136522121961747,13.173192329174489,0.011123470522803115,354.4972222222222,2,33
2412,2.0,0.4716460942632078,0.9432921885264156,1617.4354243643213,0.05228031145717464,1.5131891216184818,1617.4354243643213,929.0771813150486,0.49075452081116605,12.5,2.008621645713673,4.258747544282085,0.09454949944382647,354.4972222222222,2,33
2413,3.0,0.29328505465035404,0.5865701093007081,2376.242484089205,-0.06565656565656566,1.52379642193396,2376.242484089205,758.8070597248836,0.28902716980578186,18.5,0.37951897696575626,1.2940276735826441,0.06818181818181818,354.4972222222222,2,33
2414,4.0,0.5767123361608573,1.1534246723217145,3634.865891808051,0.021134593993325918,1.4297031851507145,3634.865891808051,1258.623407718846,0.3940187742330685,24.5,1.36474026449596,2.3664142050107024,0.19132369299221358,354.4972222222222,2,33
2415,5.0,0.9188270905378353,1.8376541810756706,5290.465387116776,-0.00778642936596218,1.269999371886652,5290.465387116776,1655.5994953087247,0.8269343466386438,30.5,3.4044826017495415,3.7052483941856003,0.4972191323692992,354.4972222222222,2,33
2416,6.0,1.9805455087858808,3.9610910175717615,9358.322219886217,-0.015727391874180863,1.3627299118410159,9358.322219886217,4067.856832769441,1.7353908942468097,36.5,18.247818308793384,9.21353143759858,0.19397116644823068,354.4972222222222,2,33
2417,7.0,0.40949083015702215,0.8189816603140443,10135.690148628448,0.09343715239154617,1.5369033166061896,10135.690148628448,777.367928742231,0.3247316724751055,42.5,0.4442427596699665,1.084866197124899,0.21245828698553948,354.4972222222222,2,33
2418,8.0,0.2976568636468825,0.595313727293765,10754.891418278954,-0.08253588516746412,1.8995318006668471,10754.891418278954,619.2012696505062,0.25012051366261295,48.5,0.3748910381569089,1.2594738571244612,0.10406698564593302,354.4972222222222,2,33
2419,9.0,0.47408551356896733,0.9481710271379347,11537.06777285177,0.004497751124437781,1.4206335478653602,11537.06777285177,782.1763545728154,0.4373449616677397,54.5,0.801565309925067,1.690761027247587,0.24587706146926536,354.4972222222222,2,33
2420,10.0,1.0450564375664475,2.090112875132895,13329.29141638724,0.007802340702210663,1.4465639366179233,13329.29141638724,1792.2236435354698,0.914472644645208,60.5,2.7435930463340963,2.62530610569025,0.4811443433029909,354.4972222222222,2,33
2421,11.0,0.22777470302975605,0.4555494060595121,13731.047163084828,0.016,1.4698574514602145,13731.047163084828,401.7557466975886,0.2040460269134525,66.41722222222222,0.30887250555739765,1.3560439392474903,0.04933333333333333,354.4972222222222,2,33
2422,12.0,0.42369454676372886,0.8473890935274577,14500.868661740733,0.08053691275167785,1.5216501556345672,14500.868661740733,769.8214986559051,0.4039484676886715,72.5,1.514415812785115,3.5743103713572726,0.11521252796420582,354.4972222222222,2,33
2423,13.0,0.9928159686378678,1.9856319372757356,16256.990413896448,-0.014687882496940025,1.3900511432662923,16256.990413896448,1756.1217521557155,0.9216956256505117,78.5,3.7125378174995673,3.73940179728689,0.48959608323133413,354.4972222222222,2,33
2424,14.0,0.6817082889585947,1.3634165779171894,17481.856326270794,0.09454949944382647,1.5802355801569883,17481.856326270794,1224.8659123743455,0.7735647041872111,84.5,3.729264415260066,5.470469518504816,0.29810901001112344,354.4972222222222,2,33
2425,15.0,0.6641220690345186,1.3282441380690373,18677.9332838948,-0.11123470522803114,1.614596384806517,18677.9332838948,1196.0769576240054,0.7291464323403105,90.5,3.3543058606200877,5.050736930782138,0.2936596218020022,354.4972222222222,2,33
2426,16.0,0.46713267495568306,0.9342653499113661,19318.269168226405,-0.04398148148148148,1.5317281881387292,19318.269168226405,640.3358843316055,0.4279762680072568,96.5,3.369984553977278,7.214191459197302,0.13310185185185186,354.4972222222222,2,33
2427,17.0,0.5287687316482875,1.057537463296575,19413.806130849953,0.07462686567164178,1.1704403466923712,19413.806130849953,95.53696262354788,0.9542366257687424,102.42611111111111,0.6298140761613752,1.191095536602755,0.31343283582089554,354.4972222222222,2,33
2428,18.0,0.341757992127112,0.683515984254224,19594.91477200159,-0.1791044776119403,1.349918731342772,19594.91477200159,181.10864115163713,0.29689383906746686,108.46777777777778,0.40794506313213574,1.1936664907031829,0.0945273631840796,354.4972222222222,2,33
2429,19.0,0.2931715867029998,0.5863431734059996,20361.758365369336,0.10122358175750834,1.6146843414171597,20361.758365369336,766.8435933677465,0.277296144931267,114.5,1.059591290693481,3.614235958571626,0.018909899888765295,354.4972222222222,2,33
2430,20.0,0.2981509365163714,0.5963018730327428,20888.766498380515,-0.04055619930475087,1.4538106478149295,20888.766498380515,527.0081330111789,0.32972898124465455,120.5,1.8613748533763859,6.243062239296968,0.02433371958285052,354.4972222222222,2,33
2431,21.0,0.43939991257535693,0.8787998251507139,21679.039328563584,0.058954393770856504,1.7757117747890594,21679.039328563584,790.2728301830684,0.4513778661380932,126.5,2.099536314041384,4.778190104171481,0.135706340378198,354.4972222222222,2,33
2432,22.0,0.566864535988186,1.133729071976372,22694.419848346977,-0.09192825112107623,1.4530530403125863,22694.419848346977,1015.3805197833935,0.6041943250480243,132.5,4.964980921345991,8.758672674223293,0.1726457399103139,354.4972222222222,2,33
2433,23.0,0.46107928601852644,0.9221585720370529,23377.63282921946,1.2307692307692308,1.733511055010397,23377.63282921946,683.2129808724821,0.838401187126231,138.5,4.3344353437296785,9.400629078694978,0.13846153846153847,354.4972222222222,2,33
2434,24.0,0.4731079757007898,0.9462159514015795,24228.838809315726,-0.05116796440489433,1.498293412409204,24228.838809315726,851.205980096267,0.42039611852819453,144.5,1.4572166886179099,3.080093262979581,0.14126807563959956,354.4972222222222,2,33
2435,25.0,0.32000861791861274,0.6400172358372255,24804.34459276071,-0.3203559510567297,1.4535761741160114,24804.34459276071,575.5057834449835,0.2898162240122052,150.5,0.904017320756274,2.824978047891795,0.04449388209121246,354.4972222222222,2,33
2436,26.0,0.7056297544850779,1.4112595089701558,26074.759889441222,0.13681868743047831,1.6470652643832278,26074.759889441222,1270.4152966805123,0.9541949571100379,156.5,9.548523716643288,13.531917632372478,0.10456062291434928,354.4972222222222,2,33
2437,27.0,1.1065153924702642,2.2130307849405284,29126.716221970568,-0.7204301075268817,1.3358651132641268,29126.716221970568,3051.9563325293457,1.5422684201966168,162.5,15.565651462820634,14.067270612540472,0.14650537634408603,354.4972222222222,2,33
2438,28.0,0.8538966044213959,1.7077932088427918,30662.289330291143,-0.09566184649610679,0.8089982538275565,30662.289330291143,1535.5731083205756,1.8531014935415835,168.5,13.209471865918292,15.469638592683113,0.04449388209121246,354.4972222222222,2,33
2439,29.0,0.5932799073356402,1.1865598146712804,31726.6950746562,0.0,1.4287546625127678,31726.6950746562,1064.4057443650563,1.006115423446522,174.4988888888889,13.089203288706024,22.062441567401645,0.055741360089186176,354.4972222222222,2,33
2440,30.0,0.9487706653915331,1.8975413307830662,34128.130418170374,0.8391451068616423,0.928079558091426,34128.130418170374,2401.4353435141747,1.6667337205701556,180.5,15.995733308786303,16.85943072679769,0.12710911136107986,354.4972222222222,2,33
2441,31.0,1.0433328340213706,2.086665668042741,36004.20233052929,0.10901001112347053,1.4134406197656706,36004.20233052929,1876.0719123589151,1.4348174444466588,186.5,10.508596912453628,10.07214243603339,0.08231368186874305,354.4972222222222,2,33
2442,32.0,0.19844592228124194,0.3968918445624839,36360.676762232615,-0.935340022296544,1.6666059273647116,36360.676762232615,356.47443170332554,0.17937239672291752,192.4988888888889,0.23615623552797751,1.1900281588718749,0.004459308807134894,354.4972222222222,2,33
2443,33.0,0.15961526997709058,0.31923053995418116,37493.13629412438,0.7295850066934404,0.8012675671976628,37493.13629412438,1132.4595318917636,0.22857188288026317,198.5,1.527063277320058,9.567150295452533,0.008032128514056224,354.4972222222222,2,33
2444,34.0,0.17270761214848035,0.3454152242969607,37803.75452760591,0.2825361512791991,1.8481010357839733,37803.75452760591,310.6182334815312,0.20692953163016406,204.5,1.1128300840660903,6.443433906719566,0.011123470522803115,354.4972222222222,2,33
2445,35.0,0.10767258588415125,0.2153451717683025,38386.0630286998,-1.9422110552763818,1.0601203104383878,38386.0630286998,582.3085010938885,0.12030294988071129,210.5,0.2915081594236009,2.7073572816133984,0.032663316582914576,354.4972222222222,2,33
2446,36.0,0.21637040102875568,0.43274080205751136,38773.875528383374,-0.015625,1.2535587599837277,38773.875528383374,387.8124996835759,0.19010245990237226,216.49833333333333,0.42316031684594707,1.9557218308695974,0.030133928571428572,354.4972222222222,2,33
2447,37.0,0.19534000363710166,0.3906800072742033,39124.60955867761,0.08169440242057488,1.4239567766376244,39124.60955867761,350.73403029423207,0.1804388082694916,222.48666666666668,0.48848166753729644,2.500673996324823,0.03177004538577912,354.4972222222222,2,33
2448,38.0,0.14322430433017008,0.28644860866034016,39384.62633044658,-0.14347826086956522,1.1711323656115264,39384.62633044658,260.01677176897647,0.13348200547702396,228.5,0.23874420846261418,1.6669252441418416,0.004347826086956522,354.4972222222222,2,33
2449,39.0,0.5409527422329262,1.0819054844658524,40316.67770789233,0.04949238578680203,1.0814406766985263,40316.67770789233,932.0513774457504,0.5337618562347416,234.5,8.557197476175832,15.818752375399235,0.008883248730964468,354.4972222222222,2,33
2450,40.0,0.2693685731154856,0.5387371462309712,40801.917063521636,0.024471635150166853,1.5275484800638737,40801.917063521636,485.23935562930274,0.3510188836431104,240.5,1.9386232142425874,7.1969168185460415,0.03337041156840934,354.4972222222222,2,33
2451,41.0,0.1302652572204021,0.2605305144408042,41036.10916028891,-0.07589285714285714,1.693298869551361,41036.10916028891,234.1920967672704,0.12584756538965475,246.49833333333333,0.1871190462896216,1.4364462964443834,0.012276785714285714,354.4972222222222,2,33
2452,42.0,0.1933741595129185,0.386748319025837,41394.54120176258,0.06929347826086957,1.2519789770249725,41394.54120176258,358.43204147367214,0.2565868612884438,252.5,1.7130116850167207,8.858534611509361,0.016304347826086956,354.4972222222222,2,33
2453,43.0,0.19287160144237533,0.38574320288475067,41741.84860572404,-0.03114571746384872,1.6074548997739913,41741.84860572404,347.3074039614585,0.2336399486316645,258.5,1.4579992922891758,7.5594295966106,0.013348164627363738,354.4972222222222,2,33
2454,44.0,0.13696838285581817,0.27393676571163633,41988.16069602766,0.01668520578420467,1.3642230001680178,41988.16069602766,246.31209030362515,0.201168367405868,264.5,1.6016600459331818,11.693647924712621,0.011123470522803115,354.4972222222222,2,33
2455,45.0,0.5890711815734776,1.1781423631469552,43047.778125969424,0.0055617352614015575,1.084795251296617,43047.778125969424,1059.6174299417617,0.62078194376844,270.5,2.475516270010389,4.202406003630999,0.12013348164627363,354.4972222222222,2,33
2456,46.0,0.1770306782234626,0.3540613564469252,43366.2991470489,0.05561735261401557,1.330545289991156,43366.2991470489,318.52102107947576,0.19069943928485888,276.5,0.8437942604721429,4.766373088211506,0.034482758620689655,354.4972222222222,2,33
2457,47.0,0.11785232457047001,0.23570464914094003,43698.68760234784,-0.13020134228187918,1.1139285300787634,43698.68760234784,332.38845529894024,0.12888085863175808,282.4977777777778,0.2167231600395017,1.8389383563657389,0.005369127516778523,354.4972222222222,2,33
2458,49.0,0.14223063690996315,0.2844612738199263,44115.96245645294,0.0014684287812041115,0.9503184716683006,44115.96245645294,417.2748541050969,0.12952548869837657,294.5,0.2491050291211444,1.751416112119616,0.0,354.4972222222222,2,33
2459,50.0,0.507853321463242,1.015706642926484,45029.08272844386,0.0011123470522803114,1.12717064594569,45029.08272844386,913.1202719909197,0.5183789164504276,300.5,4.534014994365709,8.927804156724171,0.041156840934371525,354.4972222222222,2,33
2460,51.0,0.4452341451445209,0.8904682902890418,45829.72813890898,0.004449388209121246,1.024899414950026,45829.72813890898,800.6454104651202,0.5722681224136171,306.5,3.871319590902635,8.695019537744624,0.05339265850945495,354.4972222222222,2,33
2461,52.0,0.7676728734027284,1.5353457468054568,47210.124549136024,0.010011123470522803,1.0911380438404146,47210.124549136024,1380.3964102270475,1.1824107120982315,312.5,5.040246000682317,6.565616912241937,0.10567296996662959,354.4972222222222,2,33
2462,53.0,0.6482099696284475,1.296419939256895,48375.620253397356,-0.012235817575083427,1.1152277283508014,48375.620253397356,1165.4957042613314,0.8450510483398106,318.5,4.913118034991046,7.579516306741216,0.04449388209121246,354.4972222222222,2,33
2463,54.0,1.3658512901343969,2.7317025802687938,50831.42087305901,0.017797552836484983,1.1451968776871957,50831.42087305901,2455.800619661655,1.64874756016547,324.5,6.9799855221191365,5.110355404381044,0.20467185761957732,354.4972222222222,2,33
2464,55.0,0.9329393969547178,1.8658787939094357,52509.24228893149,-0.01557285873192436,0.991604218202296,52509.24228893149,1677.8214158724804,1.203992678961644,330.5,6.667987167845675,7.147288655202241,0.08453837597330367,354.4972222222222,2,33
2465,56.0,0.11988187314072787,0.23976374628145575,52724.78989683853,-0.0011123470522803114,1.0426773345743996,52724.78989683853,215.54760790703585,0.14593626850269123,336.5,0.4730435989675243,3.9459143119345836,0.014460511679644048,354.4972222222222,2,33
2466,57.0,0.3268790023143005,0.653758004628601,53312.554124414135,-0.0055617352614015575,1.1674843728375774,53312.554124414135,587.764227575608,0.472688854364418,342.5,3.4915585664785516,10.681501539586046,0.027808676307007785,354.4972222222222,2,33
2467,58.0,0.5241677371596543,1.0483354743193085,54255.007715827174,0.017797552836484983,1.0592918441214398,54255.007715827174,942.4535914130392,0.699411898984839,348.5,5.0492374575843595,9.632865778700973,0.05784204671857619,354.4972222222222,2,33
2468,59.0,0.21694642182369497,0.43389284364738995,54644.57862851066,-0.013422818791946308,0.9554432509948599,54644.57862851066,389.5709126834845,0.2243643034027772,354.4972222222222,2.1735024233478533,10.018613835973682,0.024608501118568233,354.4972222222222,2,33
2469,0.0,5.165948189928773,10.331896379857547,764.144358111182,1.7972972972972974,1.4334282644845058,764.144358111182,764.144358111182,5.154678080979337,0.041666666666666664,8.866997766801328,1.716431803185309,0.7702702702702703,288.445,2,34
2470,1.0,0.5420211283160231,1.0840422566320462,1929.095122821504,-0.19487750556792874,1.8135639890933613,1929.095122821504,1164.950764710322,0.4374360038628496,6.5,0.6373889240637729,1.175948483860847,0.2572383073496659,288.445,2,34
2471,2.0,0.19112535769140296,0.3822507153828059,2299.670409836801,-0.036603221083455345,0.9969018301709875,2299.670409836801,370.5752870152969,0.17411844337949237,12.5,0.3829581270890838,2.003701296964582,0.02635431918008785,288.445,2,34
2472,3.0,2.5813452150140956,5.162690430028191,6848.015263998383,0.02078239608801956,1.2965234995321435,6848.015263998383,4548.344854161582,2.636514299502162,18.5,10.820789547212703,4.191918804302049,0.43276283618581907,288.445,2,34
2473,4.0,0.3880215498352986,0.7760430996705971,7581.7636138983835,-0.0011123470522803114,1.3972119649516181,7581.7636138983835,733.7483499000009,0.29751703985178657,24.5,0.490174841911904,1.263267058543439,0.12124582869855395,288.445,2,34
2474,5.0,0.39628150332915973,0.7925630066583195,8320.492833518289,0.01557285873192436,1.4128618197949523,8320.492833518289,738.729219619905,0.31720302145038753,30.5,0.36456079282843623,0.9199540976951033,0.08453837597330367,288.445,2,34
2475,6.0,0.772707042547136,1.545414085094272,9777.643711844521,0.0603448275862069,1.0759239702166692,9777.643711844521,1457.1508783262325,0.6682143405856403,36.48777777777778,2.529908599338823,3.2740850801608885,0.2672413793103448,288.445,2,34
2476,7.0,0.28567530990091256,0.5713506198018251,10333.0438287406,-0.07349665924276169,1.5528468467709573,10333.0438287406,555.4001168960785,0.23874787063863878,42.5,0.3191979096405502,1.1173451067621667,0.060133630289532294,288.445,2,34
2477,8.0,0.12640000753661296,0.2528000150732259,10582.579437289549,-0.013348164627363738,1.3838551552871272,10582.579437289549,249.5356085489493,0.11281559267320279,48.5,0.21356699248845779,1.6896121816020944,0.0,288.445,2,34
2478,9.0,0.33460923052821917,0.6692184610564383,11186.703159010765,0.0778642936596218,1.2807454279484443,11186.703159010765,604.1237217212165,0.26139073843781707,54.5,1.3408184487655486,4.0071173369871245,0.027808676307007785,288.445,2,34
2479,10.0,0.2658780643840169,0.5317561287680338,11776.799360199766,-0.0851063829787234,1.2085626006370611,11776.799360199766,590.0962011890006,0.23854959774879253,60.5,0.4453828075262864,1.6751393484007187,0.05506883604505632,288.445,2,34
2480,11.0,0.12922527182145604,0.2584505436429121,12009.458902889237,0.0033370411568409346,1.3612134865823189,12009.458902889237,232.65954268947098,0.12496178436722583,66.5,0.7712839814965835,5.968522802275294,0.010011123470522803,288.445,2,34
2481,12.0,0.4204287534673173,0.8408575069346346,12767.072021882612,0.07563959955506118,1.585155578421423,12767.072021882612,757.6131189933749,0.3629155700986798,72.5,0.9714934751926473,2.310720822923373,0.11345939933259176,288.445,2,34
2482,13.0,0.3415374726821548,0.6830749453643096,13383.482755423129,0.058954393770856504,1.4957978661251923,13383.482755423129,616.410733540517,0.31618547477630565,78.5,0.4772686407740496,1.3974122283741626,0.1067853170189099,288.445,2,34
2483,14.0,0.31084518886661106,0.6216903777332221,13944.267743826182,-0.08898776418242492,1.7334262948067085,13944.267743826182,560.7849884030529,0.27914454654254545,84.5,1.0119282615150083,3.25540911604472,0.02224694104560623,288.445,2,34
2484,15.0,0.34382056543008704,0.6876411308601741,14563.381552211296,0.1657397107897664,1.4971469537446467,14563.381552211296,619.1138083851147,0.3135818375412236,90.5,0.4228539910512755,1.2298682323505725,0.054505005561735265,288.445,2,34
2485,16.0,0.7052588217229757,1.4105176434459514,16113.185024101655,0.023591087811271297,1.3015697045569918,16113.185024101655,1549.8034718903582,0.9144412563995726,96.5,7.5481041495917935,10.702601537335571,0.16120576671035386,288.445,2,34
2486,17.0,0.5016745275358948,1.0033490550717896,17016.571465537843,-0.135706340378198,1.228745174555853,17016.571465537843,903.3864414361888,0.4422687697249414,102.5,1.2662763136713877,2.5240992798479005,0.11457174638487208,288.445,2,34
2487,18.0,0.3974581883794541,0.7949163767589082,17731.286157631865,-0.00778642936596218,1.274858588703274,17731.286157631865,714.7146920940213,0.3973372820251881,108.5,1.8173817422374594,4.57251050644452,0.08120133481646273,288.445,2,34
2488,19.0,0.4443730461894667,0.8887460923789334,18530.802421732893,0.054505005561735265,1.668871154133647,18530.802421732893,799.5162641010284,0.4275062042733899,114.5,1.2777501478499005,2.875399754343129,0.15239154616240266,288.445,2,34
2489,20.0,1.9086924281695024,3.8173848563390047,22334.128263324877,-0.03526734926052332,1.08850420189835,22334.128263324877,3803.3258415919845,1.6400870032815378,120.5,6.5245587477530025,3.418339514245501,0.8282138794084186,288.445,2,34
2490,21.0,0.3875511310589066,0.7751022621178132,23032.03780593915,-0.08351893095768374,1.677308127556049,23032.03780593915,697.909542614274,0.4108379987222451,126.49944444444445,0.43533438497772503,1.123295354056277,0.1447661469933185,288.445,2,34
2491,22.0,0.47014823454973237,0.9402964690994647,24207.327143000035,0.0777027027027027,1.062359105452729,24207.327143000035,1175.2893370608836,0.7067824444988156,132.5,7.628886376451902,16.22655540493137,0.04391891891891892,288.445,2,34
2492,23.0,0.720597281099401,1.441194562198802,25982.885570806313,0.8068965517241379,1.1969066984198866,25982.885570806313,1775.558427806278,0.9695376804284853,138.5,7.681408148482977,10.65977953283921,0.15402298850574714,288.445,2,34
2493,24.0,0.5137035956152449,1.0274071912304898,26900.17974539389,-0.3021914648212226,1.3800854706479102,26900.17974539389,917.294174587576,0.3902000657956867,144.5,0.691143973033112,1.345413929223822,0.22722029988465975,288.445,2,34
2494,25.0,0.4924029538041552,0.9848059076083104,27294.257226409332,-0.7447916666666666,1.484240459269926,27294.257226409332,394.0774810154435,0.3934734993916129,150.40055555555554,0.8835371625708766,1.7943376572884822,0.13020833333333334,288.445,2,34
2495,26.0,0.6736570100535613,1.3473140201071225,28336.34196359659,-0.29235382308845576,1.5420923756823466,28336.34196359659,1042.0847371872587,0.5411339881148316,156.45277777777778,0.8865675274776319,1.316051810114976,0.4542728635682159,288.445,2,34
2496,27.0,0.5388951547026675,1.077790309405335,29146.46471392993,1.2139219015280136,1.1073564090616386,29146.46471392993,810.1227503333394,0.4853800922622787,162.5,0.8669702127379467,1.6087919981694638,0.2461799660441426,288.445,2,34
2497,28.0,0.46290508505112743,0.9258101701022549,29992.827543310523,-0.8380716934487021,1.1855394944899733,29992.827543310523,846.3628293805923,0.4911279407515928,168.4638888888889,2.448769583054917,5.290003636024981,0.10259579728059333,288.445,2,34
2498,29.0,0.5916784059956962,1.1833568119913924,30984.609225230874,-0.11870967741935484,1.165961470097366,30984.609225230874,991.7816819203508,0.5874732916637271,174.4988888888889,2.742130953506248,4.634495573472381,0.07354838709677419,288.445,2,34
2499,30.0,0.29323817929259877,0.5864763585851975,31145.429793035004,0.29069767441860467,0.9618952053723278,31145.429793035004,160.8205678041304,0.15780266559102465,180.06055555555557,0.29655587282313695,1.0113139889851372,0.0,288.445,2,34
2500,31.0,0.4000076895412607,0.8000153790825214,31988.216007801326,0.8676307007786429,1.7469548563442192,31988.216007801326,842.7862147663218,0.34903372409933453,186.5,0.9322247500209778,2.3305170735344554,0.07452725250278086,288.445,2,34
2501,32.0,0.14718258572334697,0.29436517144669394,32252.551172933458,-0.8818283166109253,1.699350481075945,32252.551172933458,264.3351651321318,0.14361458728852033,192.4988888888889,0.2123736751602928,1.442926648669448,0.004459308807134894,288.445,2,34
2502,33.0,0.21867758256441547,0.43735516512883094,32681.865036080053,-0.02145922746781116,1.3774580701347918,32681.865036080053,429.3138631465954,0.18209233549576104,198.4988888888889,0.32915516253178095,1.5052076151190408,0.020028612303290415,288.445,2,34
2503,34.0,0.4660254002196752,0.9320508004393504,33478.640436608366,0.7459526774595268,1.6075455872737048,33478.640436608366,796.7754005283132,0.3925988196328144,204.5,2.1811548002599253,4.6803345895562165,0.10336239103362391,288.445,2,34
2504,35.0,0.272321663283939,0.544643326567878,34045.306719645254,-0.660734149054505,1.8222931016466513,34045.306719645254,566.6662830368878,0.32454870980214623,210.5,1.3825464351323922,5.076887451626887,0.013348164627363738,288.445,2,34
2505,36.0,0.2335663699770387,0.4671327399540774,34465.51399721879,0.060066740823136816,1.521527519651791,34465.51399721879,420.207277573536,0.22946510871498427,216.5,0.8168178029126423,3.497155018476939,0.024471635150166853,288.445,2,34
2506,37.0,0.1967694306725814,0.3935388613451628,34798.78412216021,0.06312769010043041,1.4929937937701472,34798.78412216021,333.2701249414167,0.15497622531936603,222.5,0.25731407732425315,1.3076933568630194,0.00430416068866571,288.445,2,34
2507,38.0,0.2191877791662278,0.4383755583324556,34867.96945559612,-0.44666666666666666,1.2912002934113185,34867.96945559612,69.18533343591116,0.2238539469279705,228.09722222222223,0.4326862738210669,1.974043787783104,0.02666666666666667,288.445,2,34
2508,39.0,1.1133206975958843,2.2266413951917685,36216.13162311022,0.08270676691729323,1.4240853527511523,36216.13162311022,1348.1621675140996,1.2932424696973097,234.5,7.821196588542817,7.025106607136637,0.4924812030075188,288.445,2,34
2509,40.0,0.2843208119836037,0.5686416239672074,36727.366083476656,-0.04671857619577308,1.5799184996759237,36727.366083476656,511.2344603664387,0.28682264339777924,240.5,1.4164792264487687,4.981975172927034,0.026696329254727477,288.445,2,34
2510,41.0,0.23526870837217004,0.4705374167443401,37150.659415071204,0.025583982202447165,1.8096260002286575,37150.659415071204,423.29333159454836,0.25225011543365405,246.5,1.3002452472294301,5.526639119268597,0.02224694104560623,288.445,2,34
2511,42.0,0.32718079517761217,0.6543615903552243,37739.31517459583,0.03781979977753059,1.6668318733757963,37739.31517459583,588.6557595246268,0.36508143665153087,252.5,2.5496636064946125,7.79282783120113,0.034482758620689655,288.445,2,34
2512,43.0,0.1687828357031502,0.3375656714063004,38042.34755302027,-0.03236607142857143,1.594742345237595,38042.34755302027,303.03237842443923,0.1361847230545031,258.49833333333333,0.20685176983519618,1.2255497958275827,0.0033482142857142855,288.445,2,34
2513,44.0,0.3066547494594442,0.6133094989188884,38804.66744774871,0.03204272363150868,1.5991581828039176,38804.66744774871,762.31989472844,0.37711531351116767,264.5,2.515540208262222,8.203167284043346,0.021361815754339118,288.445,2,34
2514,45.0,0.2695561380504027,0.5391122761008054,39288.94177140519,0.16703786191536749,1.510531966295217,39288.94177140519,484.2743236564784,0.2796501137734683,270.49944444444446,1.39085546849771,5.1597989144570775,0.04120267260579064,288.445,2,34
2515,46.0,0.1301212493923742,0.2602424987847484,39365.95359519347,-0.8385964912280702,1.1165531386585252,39365.95359519347,77.01182378827798,0.1353849992462582,276.205,0.20073191455211165,1.5426528371766126,0.028070175438596492,288.445,2,34
2516,47.0,51.69389215253676,103.38778430507352,39629.81246842447,30.0,1.0805719942973937,39629.81246842447,263.8588732310018,47.27430598465771,282.5,21.81587196337611,0.4220203017215748,1.0,288.445,2,34
2517,48.0,12.484280212110587,24.968560424221174,62006.38895477609,-0.04671857619577308,1.2864870263222614,62006.38895477609,22376.576486351623,9.222742169550639,288.5,28.209186962883546,2.2595765621728634,0.2625139043381535,288.445,2,34
2518,49.0,0.09255767093075289,0.18511534186150577,62173.268498776415,-0.05228031145717464,0.8477798684329342,62173.268498776415,166.87954400032322,0.0951594050038603,294.5,0.20002802304966996,2.161117723017481,0.0,288.445,2,34
2519,50.0,0.06955826174249576,0.1391165234849915,62298.23906845966,0.004449388209121246,0.7815095440898522,62298.23906845966,124.97056968324614,0.07745472812761275,300.5,0.1462173562979302,2.102084678872884,0.0,288.445,2,34
2520,51.0,0.10500096993442523,0.21000193986885046,62487.06467785492,0.0055617352614015575,0.8969958219291644,62487.06467785492,188.82560939525865,0.1116190462257986,306.5,0.21144767634621747,2.013768791643257,0.0,288.445,2,34
2521,52.0,0.08482317141089574,0.16964634282179147,62639.834151811345,-0.011123470522803115,0.8636945799743441,62639.834151811345,152.76947395642492,0.09699131456782943,312.5,0.19011008536712523,2.2412517971793866,0.0,288.445,2,34
2522,53.0,0.11272003905619245,0.2254400781123849,62842.50478203442,0.004449388209121246,0.9338962313681588,62842.50478203442,202.6706302230741,0.11951778672654029,318.5,0.22048261504172165,1.956019682816186,0.0,288.445,2,34
2523,54.0,0.10605386503813852,0.21210773007627703,63033.18963137302,0.006674082313681869,0.9238589672578735,63033.18963137302,190.68484933859872,0.11071876737311243,324.5,0.1898548765039298,1.7901740444410508,0.0,288.445,2,34
2524,55.0,0.09818672541966557,0.19637345083933114,63209.90352198545,-0.0033370411568409346,0.8700938707908007,63209.90352198545,176.713890612431,0.10483568564586365,330.5,0.34207632187946757,3.483936554736695,0.012235817575083427,288.445,2,34
2525,56.0,0.09117314738034209,0.18234629476068417,63373.83284097535,-0.0033370411568409346,0.9528009074263118,63373.83284097535,163.92931898990355,0.0950035893301592,336.5,0.1844994767054091,2.0236164046826484,0.0,288.445,2,34
2526,57.0,0.09478331458625565,0.1895666291725113,63544.36899629582,-0.0033370411568409346,0.9726075956688668,63544.36899629582,170.53615532047115,0.09187794774363389,342.5,0.16795753489682094,1.7720158408680102,0.0,288.445,2,34
2527,58.0,0.09998212021828348,0.19996424043656696,63719.69590827993,0.005773672055427252,0.9680864542416996,63719.69590827993,175.32691198410612,0.09934562480953116,348.5,0.17854862900614465,1.7858055882024986,0.0,288.445,2,34
2528,59.0,0.11224518984544242,0.22449037969088484,63906.198775553785,-0.0036407766990291263,0.9171126642072619,63906.198775553785,186.50286727385537,0.11138140089511991,354.5,0.17817617764028887,1.5873836365338332,0.0,288.445,2,34
2529,60.0,0.0697442384573893,0.1394884769147786,64031.5989163002,-0.002224694104560623,0.9267164598541197,64031.5989163002,125.40014074641658,0.07584614782208822,360.5,0.13599395353801016,1.9498951676287437,0.0,288.445,2,34
2530,61.0,0.07129550726234787,0.14259101452469575,64159.788238357934,0.0,0.8107185463380602,64159.788238357934,128.18932205773308,0.08098012428447124,366.5,0.14101522775069772,1.9778978110331753,0.0,288.445,2,34
2531,62.0,0.09658744353900106,0.19317488707800212,64331.64331002218,0.013714285714285714,0.9851336626301862,64331.64331002218,171.85507166424213,0.09453337422910703,372.5,0.16058709384439457,1.6626083884242269,0.0,288.445,2,34
2532,63.0,0.36327955508875126,0.7265591101775025,64985.11672663407,0.02335928809788654,0.9035936495522466,64985.11672663407,653.4734166118942,0.3515728144235331,378.5,5.517104888155565,15.186940225159946,0.012235817575083427,288.445,2,34
2533,64.0,0.11072452755527766,0.22144905511055532,65184.80230201909,-0.03225806451612903,0.8299688956578277,65184.80230201909,199.68557538501773,0.09805782013683575,384.5,0.18702108967925943,1.6890664950987646,0.0,288.445,2,34
2534,65.0,0.10835350141969272,0.21670700283938543,65371.48349781509,-0.00117096018735363,0.9125369515545203,65371.48349781509,186.6811957960017,0.09718206816058135,390.5,0.17282037752524207,1.594968092963102,0.0,288.445,2,34
2535,66.0,0.11732958396120409,0.23465916792240818,65577.93190214368,-0.004672897196261682,0.9003517681578037,65577.93190214368,206.448404328592,0.10826116789360873,396.5,0.2115998688847137,1.8034656029691607,0.0,288.445,2,34
2536,67.0,0.09835070540721115,0.1967014108144223,65737.74826188596,0.02442159383033419,0.8846855565564504,65737.74826188596,159.81635974228266,0.08895227607413436,402.4977777777778,0.1494455704637773,1.5195170166295506,0.0,288.445,2,34
2537,68.0,0.11252526942991606,0.22505053885983212,65939.67840934187,-0.016816143497757848,0.9475237523752996,65939.67840934187,201.93014745590335,0.09877298671185358,408.5,0.17397118825734484,1.5460632899501658,0.0,288.445,2,34
2538,69.0,0.11237988592477453,0.22475977184954907,66118.35716123934,-0.005108556832694764,1.0107608619495838,66118.35716123934,178.67875189747429,0.10405859973323354,414.5,0.17727949377310828,1.5775019908080046,0.0,288.445,2,34
2539,70.0,0.09146677307763519,0.18293354615527038,66283.28501200657,0.001128668171557562,0.9151210976585183,66283.28501200657,164.92785076722794,0.09794870798552656,420.5,0.1701559556488442,1.8603034733106762,0.0,288.445,2,34
2540,71.0,0.1230927659600244,0.2461855319200488,66503.1286920112,-0.0011198208286674132,0.895048672746082,66503.1286920112,219.84368000463292,0.12468834132150958,426.49666666666667,0.21798653176454513,1.7709126126497021,0.0,288.445,2,34
2541,0.0,0.2766489382480387,0.5532978764960774,496.7212427283569,-0.04338153503893215,1.5822447827525299,496.7212427283569,496.7212427283569,0.24152981404695284,0.5,0.2905924244961766,1.0504013727160464,0.03781979977753059,258.2133333333333,2,35
2542,1.0,0.386962535235945,0.77392507047189,1401.6748043819903,0.002224694104560623,1.9449656112861413,1401.6748043819903,904.9535616536334,0.3162352888775644,6.5,0.5265717777743009,1.3607823234185477,0.1846496106785317,258.2133333333333,2,35
2543,2.0,0.21384427054974822,0.42768854109949644,1975.453129010607,-0.0055617352614015575,1.982047783076318,1975.453129010607,573.7783246286167,0.19632005457310428,12.5,0.2607631640536389,1.2194068299481309,0.03225806451612903,258.2133333333333,2,35
2544,3.0,0.9911993714091557,1.9823987428183114,3836.845592816741,-0.00778642936596218,1.354081509447015,3836.845592816741,1861.392463806134,0.7800168351551191,18.5,1.3899427786497573,1.4022837571756337,0.542825361512792,258.2133333333333,2,35
2545,4.0,0.3411563747974168,0.6823127495948336,4521.370959645779,0.030033370411568408,1.750545236804311,4521.370959645779,684.5253668290384,0.30370580525622376,24.5,0.5276690515476844,1.546707288881884,0.13681868743047831,258.2133333333333,2,35
2546,5.0,0.9461703226909555,1.892340645381911,6268.296573532204,-0.021134593993325918,1.5240503615465537,6268.296573532204,1746.9256138864248,0.6194902942096598,30.5,2.739377994259324,2.8952271367679305,0.21134593993325917,258.2133333333333,2,35
2547,6.0,0.9993721801469264,1.9987443602938528,7744.574220238247,0.006674082313681869,1.5493322657749657,7744.574220238247,1476.277646706043,0.9704359713772155,36.5,10.698405604488148,10.705126495431644,0.09454949944382647,258.2133333333333,2,35
2548,7.0,0.33248543524751256,0.6649708704950251,8374.91290084875,0.011123470522803115,1.7047601849966976,8374.91290084875,630.3386806105036,0.27974495585654674,42.5,0.4066186348953116,1.2229667582058503,0.1668520578420467,258.2133333333333,2,35
2549,8.0,0.35163008687392006,0.7032601737478401,9154.003638958355,0.026696329254727477,1.4191192665027426,9154.003638958355,779.090738109604,0.31591373590166727,48.5,0.4499878908766728,1.2797195338919327,0.12347052280311457,258.2133333333333,2,35
2550,9.0,0.7755330934962255,1.551066186992451,10725.223354541224,0.011123470522803115,1.6030142930607216,10725.223354541224,1571.219715582869,0.566630765937643,54.5,1.3364006634408543,1.7232026262298483,0.5228031145717463,258.2133333333333,2,35
2551,10.0,0.4025641493013917,0.8051282986027835,11582.823884434612,0.07230255839822025,1.6157262568843493,11582.823884434612,857.6005298933887,0.3669319023560498,60.5,0.7059692917949634,1.7536814766543414,0.20244716351501668,258.2133333333333,2,35
2552,11.0,0.45454014415024463,0.9090802883004893,12517.943687273448,-0.09566184649610679,1.561173391091384,12517.943687273448,935.1198028388353,0.40365800180628647,66.5,2.0948627818757215,4.60875196357416,0.16796440489432704,258.2133333333333,2,35
2553,12.0,0.6005408959838389,1.2010817919676777,13598.331522908818,0.3426028921023359,1.3492153114187302,13598.331522908818,1080.3878356353707,0.5982086494142161,72.5,1.824743671089121,3.0385002641655676,0.3248053392658509,258.2133333333333,2,35
2554,13.0,0.7421795929637343,1.4843591859274685,14932.724882166565,-0.3081201334816463,1.576176194247669,14932.724882166565,1334.3933592577469,0.6987742665272108,78.5,2.929347522945329,3.9469523963163837,0.29477196885428253,258.2133333333333,2,35
2555,14.0,0.5868934942925954,1.1737869885851908,15987.72261256051,0.012235817575083427,1.5226752165186117,15987.72261256051,1054.997730393945,0.5758378392402389,84.5,3.3572409149875617,5.720358033673842,0.30700778642936594,258.2133333333333,2,35
2556,15.0,1.4654753356713275,2.930950671342655,18624.387679947733,0.12347052280311457,1.2536996509318667,18624.387679947733,2636.6650673872227,1.2728644390421964,90.5,7.532721788528368,5.140121846593661,0.7953281423804227,258.2133333333333,2,35
2557,16.0,0.6193103020244586,1.2386206040489172,19737.82457039041,-0.0967741935483871,1.6514581718442556,19737.82457039041,1113.4368904426774,0.7784546598369705,96.5,1.9462157079510622,3.1425534204567454,0.39154616240266965,258.2133333333333,2,35
2558,17.0,0.21889054837884026,0.4377810967576805,20132.25459441502,-0.06896551724137931,1.6647695526746884,20132.25459441502,394.43002402460843,0.2729380497873347,102.5,1.8654813776054318,8.522439143314624,0.011123470522803115,258.2133333333333,2,35
2559,18.0,0.5479948961478173,1.0959897922956345,21117.048697722676,0.03225806451612903,1.6852470278685643,21117.048697722676,984.7941033076568,0.5604165058642498,108.5,1.5866592694949744,2.8953905969718843,0.22469410456062291,258.2133333333333,2,35
2560,19.0,1.1998644238538942,2.3997288477077885,23275.054012061413,0.03670745272525028,1.2803418542576142,23275.054012061413,2158.0053143387377,0.9809408700405177,114.5,3.3129192544512223,2.7610779923037634,0.7652947719688543,258.2133333333333,2,35
2561,20.0,0.6381516173848688,1.2763032347697376,24422.44261311161,-0.01668520578420467,1.692773277897848,24422.44261311161,1147.3886010501956,0.6362609236899,120.5,4.485424867573836,7.0287761487701115,0.26473859844271413,258.2133333333333,2,35
2562,21.0,0.49628194313554413,0.9925638862710883,25314.598663146207,-0.02224694104560623,1.6553968305493638,25314.598663146207,892.1560500345986,0.566758981510274,126.5,2.891098572383797,5.825516346852424,0.17018909899888765,258.2133333333333,2,35
2563,22.0,1.7070920568275394,3.414184113655079,28385.03867474916,0.29699666295884314,1.1395045870347842,28385.03867474916,3070.4400116029537,1.2960525185445624,132.5,8.185567413446334,4.79503573384226,0.7730812013348165,258.2133333333333,2,35
2564,23.0,1.5124495984014117,3.0248991968028234,31108.042963839263,0.814238042269188,1.3150690998712966,31108.042963839263,2723.0042890901022,1.624140590924148,138.5,5.124494568957332,3.3882084893101116,0.67853170189099,258.2133333333333,2,35
2565,24.0,0.4524088660760389,0.9048177321520778,31922.822539924015,0.025583982202447165,1.5338434303914075,31922.822539924015,814.7795760847512,0.44643429626139886,144.5,2.592095025827095,5.729540732279608,0.26362625139043383,258.2133333333333,2,35
2566,25.0,1.270996071889889,2.541992143779778,34210.317165206965,0.06340378197997776,1.3790988385895193,34210.317165206965,2287.4946252829504,1.496685310565812,150.5,7.279005884639492,5.72700895433617,0.5739710789766407,258.2133333333333,2,35
2567,26.0,0.31170670788886073,0.6234134157777215,34768.41518211252,-1.2709030100334449,1.6407468827042115,34768.41518211252,558.0980169055547,0.261813731602584,156.4988888888889,0.339431626519075,1.088945530938332,0.09141583054626533,258.2133333333333,2,35
2568,27.0,0.25683753905938556,0.5136750781187711,35262.990244326065,2.2536382536382535,1.4664128859071726,35262.990244326065,494.5750622135456,0.4177701551962653,162.5,3.4627641116380907,13.482313077440896,0.012474012474012475,258.2133333333333,2,35
2569,28.0,0.28323659299405446,0.5664731859881089,35772.29893643966,-1.201783723522854,1.6226687530839239,35772.29893643966,509.3086921135982,0.25707614611513274,168.4988888888889,0.44048453068690335,1.555182280759004,0.06688963210702341,258.2133333333333,2,35
2570,29.0,0.20768598471836067,0.41537196943672133,36161.55190706611,1.1464285714285714,1.3491935715854009,36161.55190706611,389.25297062644677,0.20904013789022613,174.5,0.7163575507095346,3.4492339561621095,0.017857142857142856,258.2133333333333,2,35
2571,30.0,0.4632744928153118,0.9265489856306236,36733.123448465776,0.030405405405405407,1.38103800335158,36733.123448465776,571.5715413996659,0.5129673530627614,180.5,2.7058192813392585,5.840639455231039,0.1858108108108108,258.2133333333333,2,35
2572,31.0,0.2948524531059062,0.5897049062118124,37263.53024899782,0.010011123470522803,1.4066222511845383,37263.53024899782,530.4068005320441,0.3566191044663278,186.5,2.216152354553133,7.516140127744257,0.07563959955506118,258.2133333333333,2,35
2573,32.0,0.19255200019370924,0.3851040003874185,37610.05860613377,0.3003337041156841,1.4850230378611649,37610.05860613377,346.52835713594686,0.23333882432850597,192.5,1.4595872677647583,7.580223868338937,0.011123470522803115,258.2133333333333,2,35
2574,33.0,0.3991591973631063,0.7983183947262126,38329.03138684377,0.5895439377085651,1.8455681139267326,38329.03138684377,718.9727807100062,0.3616072507972885,198.5,1.5801517164487084,3.9587005056813944,0.05784204671857619,258.2133333333333,2,35
2575,34.0,0.4289982484343658,0.8579964968687316,39100.53356382591,-0.639599555061179,1.619558892771467,39100.53356382591,771.5021769821396,0.4280606088389387,204.5,1.3830983673309807,3.2240186816114393,0.13236929922135707,258.2133333333333,2,35
2576,35.0,0.5020562791492529,1.0041125582985058,40003.50898994814,-0.9477196885428254,1.709568603323951,40003.50898994814,902.975426122226,0.45823025712150184,210.5,1.5827041108642068,3.152443613584794,0.28809788654060065,258.2133333333333,2,35
2577,36.0,0.5964867157172081,1.1929734314344163,41075.95575820313,0.013348164627363738,1.5249983305067625,41075.95575820313,1072.4467682549875,0.6934869822862507,216.5,4.326308818875804,7.252984358040404,0.20689655172413793,258.2133333333333,2,35
2578,37.0,0.3024670488638256,0.6049340977276512,41618.515500328824,-0.020089285714285716,1.9713669124564206,41618.515500328824,542.5597421256971,0.23353175996532968,222.49833333333333,0.3555266489214414,1.1754227452442396,0.025669642857142856,258.2133333333333,2,35
2579,38.0,0.45036608680635787,0.9007321736127157,42662.55821871672,0.14961832061068703,1.7617962599500085,42662.55821871672,1044.0427183878928,0.4013548791157624,228.5,0.9891744990902227,2.1963787418024086,0.15114503816793892,258.2133333333333,2,35
2580,39.0,0.5741524126241794,1.1483048252483588,43695.099664152716,-0.11234705228031146,1.9487368519632695,43695.099664152716,1032.5414454359998,0.5768714200726308,234.5,2.9638800097778004,5.162183323816938,0.2825361512791991,258.2133333333333,2,35
2581,40.0,0.280243368489929,0.560486736979858,44197.9145872251,-0.026785714285714284,1.9821928918086538,44197.9145872251,502.8149230723866,0.22905726722215838,240.49833333333333,0.25389126701546655,0.9059670827664582,0.014508928571428572,258.2133333333333,2,35
2582,41.0,0.8138458104445676,1.6276916208891352,45512.381230666935,0.07751937984496124,1.5802189355413179,45512.381230666935,1314.4666434418323,0.9450602795787252,246.5,4.371183595047818,5.3710218065262705,0.3085271317829457,258.2133333333333,2,35
2583,42.0,0.7573189505456311,1.5146379010912623,46873.95568017382,-0.07341490545050056,1.5053075040028328,46873.95568017382,1361.5744495068866,0.682929632385801,252.5,5.312108764219952,7.014361334009531,0.24694104560622915,258.2133333333333,2,35
2584,43.0,0.2051805386740218,0.4103610773480436,47811.61467757568,0.04035087719298246,1.1426318987984805,47811.61467757568,937.658997401857,0.20529133598544108,258.5,0.3603748508004775,1.7563792995641698,0.05087719298245614,258.2133333333333,2,35
2585,44.0,0.13462915647866566,0.2692583129573313,48052.975167278775,-0.021205357142857144,1.5243533044745605,48052.975167278775,241.3604897030964,0.14646310940550436,264.49833333333333,0.21843382243177742,1.6224852635572449,0.0,258.2133333333333,2,35
2586,45.0,0.7673926928165818,1.5347853856331637,48171.98545245029,0.5217391304347826,1.454275304425165,48171.98545245029,119.0102851715128,1.2927864690367599,270.5,2.8440214718727397,3.706083597739577,0.30434782608695654,258.2133333333333,2,35
2587,46.0,0.09987894439037764,0.1997578887807553,48351.7114327156,0.05561735261401557,1.4088310719388233,48351.7114327156,179.7259802653134,0.10087003822018258,276.5,0.20258023280239934,2.0282576476841094,0.010011123470522803,258.2133333333333,2,35
2588,47.0,0.12358608339749039,0.24717216679498077,48572.80143092035,-0.07305389221556886,1.3055830179945778,48572.80143092035,221.08999820474855,0.12900678854738098,282.5,0.25744709549849654,2.0831398521665943,0.016766467065868262,258.2133333333333,2,35
2589,48.0,0.09729442459048407,0.19458884918096814,48747.94606225018,0.04560622914349277,1.4100555521551585,48747.94606225018,175.14463132982928,0.10076205337478482,288.5,0.18291132149701145,1.879977421798753,0.00778642936596218,258.2133333333333,2,35
2590,49.0,0.09702434684853063,0.19404869369706126,48922.80407045024,-0.04004449388209121,1.3339288339196698,48922.80407045024,174.8580082000626,0.11087064079306491,294.5,0.17006065701244594,1.7527627089099171,0.0011123470522803114,258.2133333333333,2,35
2591,50.0,0.14507024242389505,0.2901404848477901,49183.64036632831,-0.012235817575083427,1.3315107942327398,49183.64036632831,260.8362958780708,0.16412256357485905,300.5,0.31538093742331186,2.1739878017282774,0.008898776418242492,258.2133333333333,2,35
2592,51.0,0.10593039989810153,0.21186079979620306,49374.48288427485,0.002224694104560623,1.4340142138006224,49374.48288427485,190.84251794653392,0.11357366991696931,306.5,0.17146816633243878,1.6186870482635816,0.002224694104560623,258.2133333333333,2,35
2593,52.0,0.11380800235809622,0.22761600471619245,49579.16502073182,0.0011123470522803114,1.3573516298138406,49579.16502073182,204.68213645697688,0.125397238519061,312.5,0.2241738910395453,1.9697550821969745,0.008898776418242492,258.2133333333333,2,35
2594,53.0,0.11102983644709423,0.22205967289418846,49762.67690922339,0.010037641154328732,1.374133995174958,49762.67690922339,183.5118884915646,0.11549270972511638,318.5,0.1726250641606896,1.5547628428953466,0.0012547051442910915,258.2133333333333,2,35
2595,54.0,0.11989367696802733,0.23978735393605466,49953.832695987265,-0.009925558312655087,1.3362159295324132,49953.832695987265,191.15578676387668,0.12695387199656527,324.5,0.20049858061936293,1.672303208056843,0.0,258.2133333333333,2,35
2596,55.0,0.11582509131803927,0.23165018263607853,50150.738528948394,-0.008168028004667444,1.257813835478174,50150.738528948394,196.9058329611289,0.1269715502605229,330.5,0.21479475742264162,1.8544751830399657,0.009334889148191364,258.2133333333333,2,35
2597,56.0,0.06201578256424664,0.12403156512849328,50262.2429059989,0.0,1.312460257139221,50262.2429059989,111.50437705050717,0.07037416791553856,336.5,0.1036455884542787,1.6712776033569314,0.0,258.2133333333333,2,35
2598,57.0,0.07672404188040029,0.15344808376080057,50400.19273329978,-0.0011123470522803114,1.2965195726589969,50400.19273329978,137.9498273008794,0.08904729073791363,342.5,0.1317724006814431,1.717485125286463,0.0,258.2133333333333,2,35
2599,58.0,0.06775138610143468,0.13550277220286935,50522.06468108489,-0.0011123470522803114,1.2324079638830714,50522.06468108489,121.87194778511184,0.07791096168476318,348.5,0.11710131913261916,1.7283973933359789,0.0,258.2133333333333,2,35
2600,59.0,0.06251274080168787,0.12502548160337573,50633.90144199593,0.0,1.1234836147011067,50633.90144199593,111.83676091103553,0.06860978113389671,354.4972222222222,0.10225456421645297,1.6357395773261643,0.0,258.2133333333333,2,35
2601,0.0,0.16215118167946807,0.32430236335893614,14.014890381783195,-14.911111111111111,1.7258505886181739,14.014890381783195,14.014890381783195,0.12589549254293064,0.025555555555555557,0.13519820322306064,0.8337787108472224,0.06666666666666667,294.22277777777776,2,36
2602,2.0,0.526149397206959,1.052298794413918,997.5468499092804,0.11170212765957446,1.4798498089116034,997.5468499092804,983.5319595274972,0.343879257279668,12.453888888888889,0.7542974813531811,1.4336184463145567,0.21143617021276595,294.22277777777776,2,36
2603,3.0,0.6428268425707196,1.2856536851414393,1098.1609868181877,1.8157894736842106,1.8841693289969463,1098.1609868181877,100.61413690890731,0.5474571269630678,18.28388888888889,1.144406152465609,1.7802712591917145,0.3157894736842105,294.22277777777776,2,36
2604,4.0,0.23206902670766932,0.46413805341533865,1903.8887620828475,-0.23608017817371937,1.0247886143263267,1903.8887620828475,805.7277752646598,0.2305965116323108,24.5,1.3701247391221973,5.903953485564035,0.014476614699331848,294.22277777777776,2,36
2605,5.0,3.2790907658752184,6.558181531750437,7068.227811329302,0.0014184397163120568,1.2605497546655096,7068.227811329302,5164.339049246455,2.406394696065177,30.5,15.134720697405056,4.615523563699056,0.29929078014184396,294.22277777777776,2,36
2606,6.0,0.11811198568828699,0.23622397137657397,7284.450103830804,0.010011123470522803,1.1018600023838174,7284.450103830804,216.22229250150212,0.10514403737929831,36.5,0.18574049076950233,1.5725795285475586,0.0,294.22277777777776,2,36
2607,7.0,0.0977831428218416,0.1955662856436832,7461.146941071536,-0.00778642936596218,1.3230044582970606,7461.146941071536,176.69683724073184,0.08741627967426482,42.5,0.13958001557166777,1.427444562975226,0.0,294.22277777777776,2,36
2608,8.0,0.11801966675407145,0.2360393335081429,7674.903627960807,0.0,1.4281366893072682,7674.903627960807,213.7566868892709,0.10594351386341895,48.5,0.16496731450064933,1.3977951220994977,0.0,294.22277777777776,2,36
2609,9.0,0.6792276202686047,1.3584552405372095,8827.660439771904,0.017994858611825194,1.4950596150015827,8827.660439771904,1152.7568118110967,0.673845821157259,54.5,3.7122659147639587,5.465422494591608,0.17994858611825193,294.22277777777776,2,36
2610,10.0,0.9655213114437086,1.9310426228874171,10757.606360799306,0.0,1.4146319666855411,10757.606360799306,1929.9459210274017,0.6489010521572538,60.5,1.2179116195981323,1.2614031458063144,0.6062291434927698,294.22277777777776,2,36
2611,11.0,1.878277743802619,3.756555487605238,13839.501390195433,0.05378151260504202,1.1748999003152945,13839.501390195433,3081.895029396128,1.1787462092246175,66.5,3.0807154611699334,1.640180996306196,0.6605042016806723,294.22277777777776,2,36
2612,12.0,1.1685825969826142,2.3371651939652285,15940.209530713282,0.11234705228031146,1.1821488664253579,15940.209530713282,2100.7081405178487,1.26050978565454,72.5,7.86165271111693,6.727511372680397,0.2914349276974416,294.22277777777776,2,36
2613,13.0,0.36080650568947836,0.7216130113789567,16581.066594796026,0.10788863109048724,1.6788943879710438,16581.066594796026,640.8570640827438,0.5296147071057636,78.5,1.1679000316438786,3.236915114410411,0.05336426914153132,294.22277777777776,2,36
2614,14.0,0.8598738633492544,1.7197477266985088,17188.857053970438,-0.5399361022364217,1.3934315724960384,17188.857053970438,607.7904591744118,0.7189259475760497,84.5,5.4289945717968005,6.313710421026845,0.2364217252396166,294.22277777777776,2,36
2615,15.0,0.8999880983282463,1.7999761966564927,18817.337379528493,-0.020022246941045607,1.4150192117516651,18817.337379528493,1628.4803255580555,0.874160251424797,90.5,5.4346408038111536,6.038569636538699,0.3982202447163515,294.22277777777776,2,36
2616,16.0,0.42960333290444175,0.8592066658088835,19589.55754829173,0.0011135857461024498,1.670111879033606,19589.55754829173,772.2201687632369,0.5125613823421891,96.49944444444445,0.46635741573743983,1.085553532800858,0.22828507795100222,294.22277777777776,2,36
2617,17.0,0.5199888380188779,1.0399776760377557,20242.258308485598,0.4241486068111455,1.590834081744449,20242.258308485598,652.7007601938676,0.5148401669865893,102.35722222222222,1.2016591772094614,2.3109326380691195,0.19195046439628483,294.22277777777776,2,36
2618,18.0,0.4470271743654795,0.894054348730959,20585.645527567416,-0.45014245014245013,1.5062096123889,20585.645527567416,343.38721908181833,0.3647149240767474,108.19555555555556,0.7880709645366938,1.7629151195456956,0.09971509971509972,294.22277777777776,2,36
2619,21.0,0.43867811960254516,0.8773562392050903,21697.19498506214,-0.003432494279176201,1.457509418305803,21697.19498506214,1111.5494574947224,0.3379414227065989,126.49944444444445,0.5530404884906044,1.2606976819169253,0.19908466819221968,294.22277777777776,2,36
2620,22.0,0.724795666989912,1.449591333979824,23078.324290803917,0.09706546275395034,1.4613636496499798,23078.324290803917,1381.1293057417788,0.600158513632912,132.49944444444444,1.505110372507484,2.0765995728951183,0.39503386004514673,294.22277777777776,2,36
2621,23.0,0.3449731427329715,0.689946285465943,23502.28323475428,-18.0,0.3274171103427632,23502.28323475428,423.9589439503616,2.7665836715442005,138.5,,,1.0,294.22277777777776,2,36
2622,24.0,0.22321291126321988,0.44642582252643975,23904.124283055808,-0.024471635150166853,1.335241999334998,23904.124283055808,401.84104830152864,0.17207850446134973,144.5,0.43927017781186567,1.9679425142834326,0.041156840934371525,294.22277777777776,2,36
2623,25.0,0.7442828090420542,1.4885656180841085,25243.660113076767,1.0589543937708565,1.4961490237497492,25243.660113076767,1339.535830020959,0.8791860356033392,150.5,4.830991296703377,6.4908005908684245,0.13125695216907676,294.22277777777776,2,36
2624,26.0,0.4445172922318746,0.8890345844637492,26043.541624492344,0.27474972191323693,1.4810187642127894,26043.541624492344,799.8815114155768,0.40786485657263377,156.5,1.6568500326270164,3.7273016406361754,0.13904338153503892,294.22277777777776,2,36
2625,27.0,0.42194525977676345,0.8438905195535269,26803.239668473405,-0.1835372636262514,1.4627998512652334,26803.239668473405,759.6980439810613,0.3312475376891106,162.5,0.8302894858026632,1.9677658809153122,0.18131256952169078,294.22277777777776,2,36
2626,28.0,0.729548693111268,1.459097386222536,28113.749990636814,-1.2006688963210703,1.6332215526208267,28113.749990636814,1310.510322163409,0.7137269753016938,168.4988888888889,1.9825492990335263,2.7175009944554245,0.3132664437012263,294.22277777777776,2,36
2627,29.0,1.3470507978287685,2.694101595657537,30813.85794973869,0.24320652173913043,1.3941217962377694,30813.85794973869,2700.107959101875,0.9867979086072509,174.5,14.526874733483407,10.784207066948342,0.09918478260869565,294.22277777777776,2,36
2628,30.0,0.43986177084069833,0.8797235416813967,31963.946434847094,1.5402684563758389,1.8402274302537769,31963.946434847094,1150.0884851084047,0.6317725427607928,180.5,4.387383167961316,9.974458929621925,0.06152125279642058,294.22277777777776,2,36
2629,31.0,1.0219525947660189,2.0439051895320377,33801.687120824936,-0.08231368186874305,1.7505245777032872,33801.687120824936,1837.740685977842,0.9689810934595485,186.5,9.5691488256057,9.363593648682505,0.32146829810901,294.22277777777776,2,36
2630,32.0,0.6152801245416919,1.2305602490833838,34910.356053197225,-0.3414905450500556,1.6586167674296115,34910.356053197225,1108.6689323722894,0.5949963840776618,192.5,3.5276927903556263,5.733474314619417,0.22580645161290322,294.22277777777776,2,36
2631,33.0,0.3308092496588176,0.6616184993176352,35505.52132294163,-0.19911012235817574,1.8611146756744754,35505.52132294163,595.1652697444079,0.33832858473781074,198.5,1.3180912284874304,3.98444490245316,0.09566184649610679,294.22277777777776,2,36
2632,34.0,0.3278003827784982,0.6556007655569964,36093.740568604524,-1.10479375696767,1.6071806837815725,36093.740568604524,588.2192456628909,0.25405579009424906,204.4988888888889,0.4317961736722237,1.3172534150577784,0.10367892976588629,294.22277777777776,2,36
2633,35.0,0.23679446294766784,0.4735889258953357,36495.25677180047,-0.011547344110854504,1.3063020306931958,36495.25677180047,401.51620319594804,0.26465203313791896,210.5,1.539575634412251,6.501738322962818,0.03926096997690531,294.22277777777776,2,36
2634,36.0,0.4822055079970484,0.9644110159940968,37361.9187500572,0.1167964404894327,1.4310833427297713,37361.9187500572,866.6619782567286,0.4395442594981203,216.5,3.141777468429606,6.515432562103452,0.08120133481646273,294.22277777777776,2,36
2635,37.0,1.3964670031714803,2.7929340063429606,39873.234815533535,-0.12013348164627363,1.3600256105498847,39873.234815533535,2511.316065476334,1.3069478697920192,222.5,8.346597889321457,5.976938853811592,0.05784204671857619,294.22277777777776,2,36
2636,38.0,1.5680367318098636,3.136073463619727,42693.26280509589,0.05116796440489433,1.4590901917756485,42693.26280509589,2820.0279895623535,1.823552766012014,228.5,5.4295869418945015,3.4626656581109225,0.23025583982202447,294.22277777777776,2,36
2637,39.0,0.253960454964695,0.50792090992939,43170.24472891054,0.38204592901878914,0.87388766182211,43170.24472891054,476.98192381465196,0.2570740682638066,234.5,0.6680901978699144,2.6306859387332207,0.07933194154488518,294.22277777777776,2,36
2638,40.0,0.4326925303329159,0.8653850606658318,43949.37089977262,-0.18131256952169078,1.635399564406924,43949.37089977262,779.1261708620805,0.38102308993888795,240.5,1.3565811244264363,3.1352080965730464,0.1724137931034483,294.22277777777776,2,36
2639,41.0,0.19408300445067037,0.38816600890134073,44299.32796658216,-0.002224694104560623,0.9480643483097471,44299.32796658216,349.95706680954027,0.1354530997644618,246.5,2.8276851967017462,14.569463228916845,0.006674082313681869,294.22277777777776,2,36
2640,42.0,0.1809391285874967,0.3618782571749934,44744.56498930857,-0.078125,1.430107357264551,44744.56498930857,445.23702272641094,0.20336713497072884,252.49833333333333,0.22153092287524612,1.224339503592339,0.015625,294.22277777777776,2,36
2641,43.0,0.23860583159735738,0.47721166319471475,45085.62026031711,0.2938775510204082,0.9469701957219333,45085.62026031711,341.0552710085394,0.16448564528983992,258.5,0.30457450735294606,1.2764755383971902,0.0326530612244898,294.22277777777776,2,36
2642,44.0,0.22858219211709568,0.45716438423419137,45496.87684754763,-0.03670745272525028,1.5944690573867464,45496.87684754763,411.2565872305204,0.2479969578649507,264.5,1.2542527290308954,5.487097299287339,0.024471635150166853,294.22277777777776,2,36
2643,45.0,0.20330718274824702,0.40661436549649405,45862.588437633,0.03670745272525028,1.2538187846994464,45862.588437633,365.7115900853678,0.23862058112312,270.5,1.7485582281894385,8.600572810822225,0.011123470522803115,294.22277777777776,2,36
2644,46.0,0.14102261499818147,0.28204522999636295,46116.173735055905,-0.07341490545050056,1.3135558296790881,46116.173735055905,253.58529742290557,0.2042782274593797,276.5,1.7048316426475676,12.089065591852426,0.011123470522803115,294.22277777777776,2,36
2645,47.0,0.14937981366119282,0.29875962732238565,46384.8166270009,0.0033370411568409346,1.5178711528904028,46384.8166270009,268.64289194499725,0.1850343582116633,282.5,1.2220561255217275,8.18086524256526,0.012235817575083427,294.22277777777776,2,36
2646,48.0,0.19401894123406496,0.3880378824681299,46732.15526966529,0.04357541899441341,1.7415726415169885,46732.15526966529,347.3386426643847,0.16213172388338926,288.4977777777778,0.2468982118761984,1.2725469498276447,0.013407821229050279,294.22277777777776,2,36
2647,49.0,0.11754018908552111,0.23508037817104221,47407.748449631246,-0.13051146384479717,1.1080901421787765,47407.748449631246,675.5931799659593,0.11950161999059176,294.5,0.2057692419434883,1.7506288150836016,0.0,294.22277777777776,2,36
2648,50.0,0.08054388052610498,0.16108776105220995,47552.63477445947,0.0011123470522803114,1.0676224899073377,47552.63477445947,144.8863248282214,0.08620716506589232,300.5,0.1634901576244339,2.029827176894529,0.0,294.22277777777776,2,36
2649,51.0,0.07696508286345996,0.15393016572691992,47691.065075529346,0.006674082313681869,1.0033010852431314,47691.065075529346,138.43030106987862,0.07460931222684677,306.5,0.14031016603991642,1.823036639729654,0.0,294.22277777777776,2,36
2650,52.0,0.06884719150577334,0.13769438301154668,47814.96910977369,-0.0033370411568409346,0.9549371495168203,47814.96910977369,123.90403424434044,0.06438281597200762,312.5,0.13361853421806635,1.9407986193142164,0.0,294.22277777777776,2,36
2651,53.0,0.09532435022762765,0.1906487004552553,47986.36229148292,0.011123470522803115,1.0018459249186924,47986.36229148292,171.3931817092307,0.07770974917675642,318.5,0.14554620970969315,1.5268523662856273,0.0,294.22277777777776,2,36
2652,54.0,0.09210194805382538,0.18420389610765076,48152.2354480157,0.0,0.901730041821401,48152.2354480157,165.87315653278347,0.07630077002469667,324.5,0.1353196759775512,1.4692379351028375,0.0,294.22277777777776,2,36
2653,55.0,0.10865204759880717,0.21730409519761434,48347.929346943856,-0.014460511679644048,1.1067264578936817,48347.929346943856,195.69389892815525,0.09091067386268217,330.5,0.17644683090267368,1.6239623164231172,0.0,294.22277777777776,2,36
2654,56.0,0.11105173148138595,0.2221034629627719,48547.60036014734,-0.0011123470522803114,0.9760729714217549,48547.60036014734,199.67101320348593,0.09738245086746466,336.5,0.19176532819987901,1.7268107902668943,0.0,294.22277777777776,2,36
2655,57.0,0.11067303561572706,0.2213460712314541,48735.52317462296,0.015312131919905771,0.9781283711599714,48735.52317462296,187.92281447561982,0.0866885848525768,342.47222222222223,0.17331168753762932,1.5659793424244077,0.0,294.22277777777776,2,36
2656,0.0,1.0856641822402486,2.1713283644804973,1846.5794609190214,0.027186761229314422,1.7092528124307684,1846.5794609190214,1846.5794609190214,1.1353043524311128,0.4772222222222222,3.283404036575498,3.024327494898333,0.5070921985815603,354.3616666666667,0,37
2657,1.0,0.6974125829430206,1.394825165886041,3118.668521341066,-0.017994858611825194,1.6638890370393458,3118.668521341066,1272.0890604220447,0.5164638806488859,6.5,0.9125747926539345,1.3085149522294939,0.5642673521850899,354.3616666666667,0,37
2658,2.0,0.3051412830325488,0.6102825660650976,3779.5427775531184,0.020022246941045607,1.8623693288664278,3779.5427775531184,660.8742562120524,0.26421190667703903,12.5,0.33931823470987915,1.1120036965751527,0.15350389321468297,354.3616666666667,0,37
2659,3.0,0.9255214553869552,1.8510429107739104,5498.89125734504,-0.00778642936596218,1.232833035618463,5498.89125734504,1719.3484797919214,0.6899459670987415,18.5,1.2744159185519772,1.3769706916401536,0.7119021134593994,354.3616666666667,0,37
2660,4.0,1.1676051302484345,2.335210260496869,7674.740709233167,-0.01346389228886169,1.3393456286869474,7674.740709233167,2175.849451888127,0.8337371368099434,24.5,1.4304935668564245,1.2251518341239684,0.762545899632803,354.3616666666667,0,37
2661,5.0,0.5380457499651738,1.0760914999303477,8820.732415150695,0.01718213058419244,1.3526802435924414,8820.732415150695,1145.9917059175277,0.4689403644750815,30.5,0.6075886021532572,1.129250815925197,0.5108820160366552,354.3616666666667,0,37
2662,6.0,2.11281767085338,4.22563534170676,11149.240503274474,0.04941176470588235,1.0014155365062392,11149.240503274474,2328.508088123779,1.6090278498368755,36.5,3.596459504152447,1.7022100646762457,0.9858823529411764,354.3616666666667,0,37
2663,7.0,0.772919070057895,1.54583814011579,12620.080975374809,-0.058954393770856504,1.7572467602993112,12620.080975374809,1470.8404721003353,0.9068954918087677,42.5,9.70735067134984,12.559336478297421,0.048943270300333706,354.3616666666667,0,37
2664,8.0,0.6410091662422216,1.2820183324844432,13693.44744952258,0.04585537918871252,1.2873714074343492,13693.44744952258,1073.3664741477714,0.4691754312398789,48.5,1.6140072493878683,2.517916021154017,0.36507936507936506,354.3616666666667,0,37
2665,9.0,0.27386312308834115,0.5477262461766823,14262.595277002009,0.0055617352614015575,1.4121064197946336,14262.595277002009,569.1478274794281,0.2204092377307714,54.5,0.40309945164063155,1.4719011712672323,0.12458286985539488,354.3616666666667,0,37
2666,10.0,0.31688591247987774,0.6337718249597555,14998.390487047003,-0.012235817575083427,1.3788937218258361,14998.390487047003,735.7952100449947,0.2547369749099249,60.5,0.5021102857483017,1.5845143819076708,0.19021134593993325,354.3616666666667,0,37
2667,11.0,0.4352054429012041,0.8704108858024082,15825.940213460435,0.04449388209121246,1.6652592244962594,15825.940213460435,827.5497264134319,0.37672911697553324,66.5,4.655597757220657,10.697471350967279,0.15239154616240266,354.3616666666667,0,37
2668,12.0,0.4465393864017453,0.8930787728034906,16630.007541679755,0.3470522803114572,1.5106946762071278,16630.007541679755,804.0673282193202,0.5219898327748156,72.5,3.75300576680185,8.404646669678815,0.19132369299221358,354.3616666666667,0,37
2669,13.0,0.4420270686898919,0.8840541373797838,17424.823465404847,0.08120133481646273,1.3122941569691124,17424.823465404847,794.8159237250911,0.518628134587509,78.5,1.7075385442912037,3.862972802439714,0.30589543937708563,354.3616666666667,0,37
2670,14.0,0.6655351634605903,1.3310703269211805,18622.406229611955,0.006674082313681869,1.2781242479506127,18622.406229611955,1197.582764207109,0.5843854462492382,84.5,1.9091955143132533,2.868662122052258,0.5183537263626251,354.3616666666667,0,37
2671,15.0,1.4708480583268628,2.9416961166537257,21267.232540261022,0.1546162402669633,1.410869289988171,21267.232540261022,2644.8263106490667,1.3137902005292943,90.5,4.493655614259542,3.0551460355267563,0.7130144605116796,354.3616666666667,0,37
2672,16.0,1.6961332356977985,3.392266471395597,24249.761796973224,-0.1686746987951807,0.7401725080172212,24249.761796973224,2982.5292567122015,1.1041235256275321,96.5,2.8006446129782208,1.6511937588594094,0.9891566265060241,354.3616666666667,0,37
2673,17.0,0.5019171620671347,1.0038343241342693,25152.86735325151,0.13014460511679643,1.586758559593561,25152.86735325151,903.1055562782858,0.49610712707892707,102.5,4.284991875109664,8.537249169687723,0.27808676307007785,354.3616666666667,0,37
2674,18.0,0.38430763432813086,0.7686152686562617,25843.860670928836,-0.1735261401557286,1.7635542723442537,25843.860670928836,690.9933176773266,0.4327752149199632,108.5,0.48148386873723903,1.2528605360104212,0.3114571746384872,354.3616666666667,0,37
2675,19.0,0.5641684253456711,1.1283368506913423,26858.20638846094,0.24805339265850945,1.7146776156106185,26858.20638846094,1014.3457175321055,0.4873820608343919,114.5,2.9502340833706637,5.229349872891288,0.2803114571746385,354.3616666666667,0,37
2676,20.0,0.42150891395386547,0.8430178279077309,27615.820219544385,0.035595105672969966,2.0367861741059308,27615.820219544385,757.6138310834431,0.45571934056114427,120.5,2.541860038791002,6.030382643507299,0.20133481646273638,354.3616666666667,0,37
2677,21.0,0.5362580747459682,1.0725161494919364,28578.85956740221,0.018909899888765295,1.5742994602298706,28578.85956740221,963.0393478578262,0.5219165793021444,126.5,2.379734462457362,4.437666441824061,0.4638487208008899,354.3616666666667,0,37
2678,22.0,0.5813206719569526,1.1626413439139052,29623.98795237885,-0.41156840934371525,1.6027558662485553,29623.98795237885,1045.1283849766405,0.5730137152371584,132.5,4.107566695409453,7.065922293080991,0.2836484983314794,354.3616666666667,0,37
2679,23.0,0.4560371417437218,0.9120742834874436,30444.019850322402,-0.2447163515016685,1.3293111112915426,30444.019850322402,820.0318979435506,0.5418570046858028,138.5,1.156207371671857,2.535335975598252,0.3136818687430478,354.3616666666667,0,37
2680,24.0,0.5472151988220891,1.0944303976441783,31427.28979013531,-0.09010011123470522,1.5064349964529664,31427.28979013531,983.269939812908,0.5689156740995408,144.5,4.1563714070456195,7.595497011034119,0.3604004449388209,354.3616666666667,0,37
2681,25.0,0.6071110060581151,1.2142220121162302,32519.396606679536,0.00778642936596218,1.9692755342378676,32519.396606679536,1092.1068165442266,0.564364304393355,150.5,2.427544320159843,3.9985180567249814,0.492769744160178,354.3616666666667,0,37
2682,26.0,0.7934004132016174,1.5868008264032347,33945.87129912956,-0.01557285873192436,1.6463844882301342,33945.87129912956,1426.474692450025,0.7186668925794936,156.5,3.866097785812672,4.872820484440846,0.6529477196885428,354.3616666666667,0,37
2683,27.0,0.44479259087606443,0.8895851817521289,34745.66303694215,-0.002224694104560623,1.5118964000455604,34745.66303694215,799.7917378125858,0.4199462082042483,162.5,2.056916538428321,4.624439751518823,0.3125695216907675,354.3616666666667,0,37
2684,28.0,0.6854254413009402,1.3708508826018804,35978.39236090353,0.021134593993325918,1.2787878091356926,35978.39236090353,1232.7293239613791,0.4907534380991327,168.5,1.2964122641454165,1.891397934813772,0.6051167964404894,354.3616666666667,0,37
2685,29.0,0.4128892192439289,0.8257784384878578,36721.32309325709,0.012235817575083427,1.444491644042321,36721.32309325709,742.9307323535613,0.36543551150071485,174.5,1.3094045934572307,3.1713218278137063,0.19021134593993325,354.3616666666667,0,37
2686,30.0,0.5205061199793497,1.0410122399586994,37657.12793227496,-0.014460511679644048,1.6961257131606369,37657.12793227496,935.8048390178737,0.6073200999476391,180.5,4.722667376803543,9.073221611670787,0.2436040044493882,354.3616666666667,0,37
2687,31.0,0.4033458896075676,0.8066917792151352,38383.764335661865,-0.0011123470522803114,1.7468385707922796,38383.764335661865,726.6364033869031,0.4417009330975321,186.5,3.2673962839574773,8.100730336279033,0.21579532814238042,354.3616666666667,0,37
2688,32.0,0.3835003871766689,0.7670007743533378,39073.414283043654,-0.0011123470522803114,1.6931479384430361,39073.414283043654,689.6499473817894,0.45669397413652185,192.5,3.7478061545307004,9.772626781740852,0.08342602892102335,354.3616666666667,0,37
2689,33.0,0.43142400045357215,0.8628480009071443,39849.518897688795,-0.01668520578420467,1.9615226804849863,39849.518897688795,776.1046146451408,0.4394999567130911,198.5,2.7155497104291064,6.294387209738327,0.23692992213570635,354.3616666666667,0,37
2690,34.0,0.3048439937397811,0.6096879874795622,40398.12439210685,0.006674082313681869,1.8423100762586566,40398.12439210685,548.6054944180578,0.30310393505592226,204.5,1.6134414831981667,5.292679259987067,0.07452725250278086,354.3616666666667,0,37
2691,35.0,0.42801258132832526,0.8560251626566505,41167.79009382355,-0.0033370411568409346,1.611452720397083,41167.79009382355,769.6657017166945,0.49051628840973865,210.5,4.0359202064029045,9.429442924031665,0.1935483870967742,354.3616666666667,0,37
2692,36.0,0.332713454444966,0.665426908889932,41766.28636410248,-0.0055617352614015575,1.8660567112615798,41766.28636410248,598.4962702789344,0.3531407890773881,216.5,2.3114700860608863,6.9473297673425645,0.19688542825361513,354.3616666666667,0,37
2693,37.0,0.28303456624333023,0.5660691324866605,42274.96991744709,0.0055617352614015575,1.9175892172369535,42274.96991744709,508.6835533446065,0.35387752201658623,222.5,3.0972730273876388,10.943091045370245,0.042269187986651836,354.3616666666667,0,37
2694,38.0,0.3692411001245973,0.7384822002491946,42939.1231220612,-0.012235817575083427,1.8520840381923305,42939.1231220612,664.1532046141147,0.43058807566597224,228.5,3.528031556605714,9.55481812673402,0.12013348164627363,354.3616666666667,0,37
2695,39.0,0.2159237088475622,0.4318474176951244,43327.36506578063,0.0055617352614015575,1.8067961766090437,43327.36506578063,388.24194371942576,0.27720746468128127,234.5,2.6377308211550776,12.216031464230094,0.01557285873192436,354.3616666666667,0,37
2696,40.0,0.20318451749239372,0.40636903498478744,43692.76777287295,0.004449388209121246,1.6433044311508858,43692.76777287295,365.40270709231845,0.21966985418195692,240.5,0.7851574940216082,3.864258476539684,0.058954393770856504,354.3616666666667,0,37
2697,41.0,0.17524924738981776,0.3504984947796355,44008.082352552345,0.011123470522803115,1.7005494899632372,44008.082352552345,315.31457967939787,0.15813958293064442,246.5,0.7081739228215614,4.040952719450637,0.09454949944382647,354.3616666666667,0,37
2698,42.0,0.06572158182917574,0.1314431636583515,44126.35501256135,-0.021134593993325918,1.9481052387852866,44126.35501256135,118.27266000900272,0.06954392343636313,252.5,0.2758588736717293,4.197386398713663,0.011123470522803115,354.3616666666667,0,37
2699,43.0,0.12673025914061634,0.25346051828123267,44354.26511058992,0.027808676307007785,1.9381480069383492,44354.26511058992,227.91009802857297,0.16109515149301798,258.5,1.223242508610125,9.652331786466636,0.011123470522803115,354.3616666666667,0,37
2700,44.0,0.787109965236292,1.574219930472584,45753.53869876579,-0.02459016393442623,1.8897363528818023,45753.53869876579,1399.2735881758708,0.676523278458469,264.5,3.1224369226797273,3.9669640337260446,0.30327868852459017,354.3616666666667,0,37
2701,45.0,0.25299738971148433,0.5059947794229687,46208.41349651627,0.0055617352614015575,1.9463920576668887,46208.41349651627,454.8747977504754,0.2648268403237719,270.5,1.3686581051999753,5.40977164531531,0.06451612903225806,354.3616666666667,0,37
2702,46.0,0.07649194365229692,0.15298388730459384,46346.10107305285,-0.013348164627363738,1.9774043072757037,46346.10107305285,137.68757653658395,0.07854080854177378,276.5,0.3352827576527891,4.383242752685905,0.011123470522803115,354.3616666666667,0,37
2703,47.0,0.06162545028626634,0.12325090057253268,46456.87229100538,0.002224694104560623,1.644534414972685,46456.87229100538,110.77121795252606,0.07534625259660159,282.5,0.42379353874458486,6.876924010712344,0.012235817575083427,354.3616666666667,0,37
2704,48.0,0.0724374607673868,0.1448749215347736,46587.13084073344,-0.002224694104560623,1.7508552586770147,46587.13084073344,130.258549728067,0.08163401620107406,288.5,0.456298535354755,6.299206660764016,0.011123470522803115,354.3616666666667,0,37
2705,49.0,0.19554173356030888,0.39108346712061776,46938.82651993268,0.0011123470522803114,1.5328053573654747,46938.82651993268,351.6956791992343,0.20639555750256264,294.5,1.447644281120968,7.403249704107212,0.04004449388209121,354.3616666666667,0,37
2706,50.0,1.740319769106845,3.48063953821369,50068.20041759695,0.0,2.0330649963247205,50068.20041759695,3129.3738976642708,1.9556650147968733,300.5,5.133514201345574,2.949753426050065,0.339265850945495,354.3616666666667,0,37
2707,51.0,0.9892198130162815,1.978439626032563,51846.901530811345,0.0055617352614015575,2.2183356054762258,51846.901530811345,1778.7011132143962,1.0526369563640139,306.5,3.525622239430625,3.5640432925422987,0.26696329254727474,354.3616666666667,0,37
2708,52.0,0.2317604241054671,0.4635208482109342,52263.613743212845,-0.0033370411568409346,2.0150525010222604,52263.613743212845,416.71221240150044,0.24790553049870523,312.5,1.7007640287834853,7.338457527198515,0.04671857619577308,354.3616666666667,0,37
2709,53.0,0.3827483655529294,0.7654967311058588,52951.96924488104,0.0033370411568409346,1.7799202369312426,52951.96924488104,688.355501668193,0.40118103208790146,318.5,2.162585640001476,5.650149901691525,0.12347052280311457,354.3616666666667,0,37
2710,54.0,0.2715945745443726,0.5431891490887452,53440.28736085989,-0.0033370411568409346,2.3260231552730715,53440.28736085989,488.318115978851,0.31838379938843897,324.5,2.5680691262857556,9.45552439916722,0.01668520578420467,354.3616666666667,0,37
2711,55.0,0.30835434717090077,0.6167086943418015,53994.74564411437,0.0011123470522803114,2.0765644946399946,53994.74564411437,554.4582832544838,0.39649153395217257,330.5,3.7211301213673535,12.067707673032977,0.01668520578420467,354.3616666666667,0,37
2712,56.0,0.3494537305543503,0.6989074611087006,54623.4649315274,0.004449388209121246,1.6999544415806482,54623.4649315274,628.7192874130269,0.309406473003693,336.5,1.3201034955122608,3.777620268692327,0.1557285873192436,354.3616666666667,0,37
2713,57.0,0.3357163323331118,0.6714326646662236,55227.28801387266,0.026696329254727477,2.0100693325075305,55227.28801387266,603.8230823452614,0.3525925986676985,342.5,1.9655792190353452,5.854881129479918,0.10344827586206896,354.3616666666667,0,37
2714,58.0,0.41264878019192697,0.8252975603838539,55969.319279258685,-0.025583982202447165,1.7558398676441325,55969.319279258685,742.0312653860237,0.36852151376678555,348.5,1.3357122053754749,3.2369227039862376,0.26362625139043383,354.3616666666667,0,37
2715,59.0,0.05336806341697712,0.10673612683395424,56065.36086188026,-0.010011123470522803,1.672558379595223,56065.36086188026,96.0415826215758,0.056649507653963385,354.5,0.10712957471068928,2.0073723468970748,0.002224694104560623,354.3616666666667,0,37
2716,60.0,0.07492889425089788,0.14985778850179576,56200.14385128284,0.025583982202447165,1.5551088352450193,56200.14385128284,134.7829894025781,0.06866911055631539,360.5,0.13751772501452444,1.8353096811231344,0.006674082313681869,354.3616666666667,0,37
2717,61.0,0.08497514290745878,0.16995028581491756,56352.91518932491,-0.02335928809788654,1.5554858672005483,56352.91518932491,152.77133804206824,0.08666795931742859,366.5,0.1141428990716944,1.343250451440846,0.0,354.3616666666667,0,37
2718,62.0,0.10905958485554251,0.21811916971108503,56549.04160823502,0.002224694104560623,1.5297694223663858,56549.04160823502,196.126418910113,0.10167507238970447,372.5,0.1470337975387712,1.3481969304534611,0.0,354.3616666666667,0,37
2719,63.0,0.10211388449835017,0.20422776899670034,56732.68009059912,-0.0011123470522803114,1.4522527790510544,56732.68009059912,183.6384823640983,0.1014996311142245,378.5,0.17324429362737928,1.696579211323396,0.0,354.3616666666667,0,37
2720,64.0,0.07424046109549749,0.14848092219099499,56866.27234007352,-0.0011123470522803114,1.6614103517559125,56866.27234007352,133.5922494744009,0.09210364093020879,384.5,0.2455756291283814,3.307840839141488,0.010011123470522803,354.3616666666667,0,37
2721,65.0,0.09228436735287711,0.18456873470575422,57032.23317557072,0.0,1.5803273352928062,57032.23317557072,165.9608354972006,0.09988811987262151,390.5,0.2800890419506033,3.0350648759350367,0.012235817575083427,354.3616666666667,0,37
2722,66.0,0.06462418892351442,0.12924837784702883,57148.503965318356,0.004449388209121246,1.6839130030704417,57148.503965318356,116.27078974763572,0.06823968200662775,396.5,0.10703264841526029,1.6562319805968964,0.0011123470522803114,354.3616666666667,0,37
2723,67.0,0.19207049631268888,0.38414099262537776,57493.95835314456,0.0055617352614015575,1.8563858286658088,57493.95835314456,345.45438782620477,0.14015486169779182,402.5,0.20507626359377498,1.067713509001991,0.028921023359288096,354.3616666666667,0,37
2724,68.0,0.08564564688427162,0.17129129376854324,57648.0775296908,-0.002224694104560623,1.6133954247844373,57648.0775296908,154.11917654624267,0.07504211345964204,408.5,0.1208956859955993,1.4115800439800423,0.0011123470522803114,354.3616666666667,0,37
2725,69.0,0.11361743041342906,0.22723486082685812,57852.47270145736,0.004449388209121246,1.423610892362802,57852.47270145736,204.395171766555,0.11067585134379813,414.5,0.5672617335243264,4.992735106402113,0.012235817575083427,354.3616666666667,0,37
2726,70.0,0.06783790997072138,0.13567581994144276,57974.54967914659,-0.014460511679644048,1.591365016026402,57974.54967914659,122.0769776892339,0.07334596505814851,420.5,0.2933753537233035,4.32465201020968,0.010011123470522803,354.3616666666667,0,37
2727,71.0,0.032362775018785,0.06472555003757,58032.73794863037,0.0011123470522803114,1.1899527494244235,58032.73794863037,58.18826948377682,0.037887203202562385,426.5,0.09136039402486326,2.8230086564527626,0.0011123470522803114,354.3616666666667,0,37
2728,72.0,0.06426224471492614,0.12852448942985228,58148.28146462782,0.004449388209121246,1.6778845498869153,58148.28146462782,115.54351599745132,0.06832236940234104,432.5,0.09701550262138102,1.5096811985288043,0.0,354.3616666666667,0,37
2729,73.0,0.04750018841005547,0.09500037682011093,58233.722792134875,-0.0055617352614015575,1.8740466566767042,58233.722792134875,85.44132750705467,0.04708509536313528,438.5,0.07700081590692202,1.6210633785743358,0.0,354.3616666666667,0,37
2730,74.0,0.04777449441756107,0.09554898883512214,58319.621333097704,0.0011123470522803114,1.8393537270988067,58319.621333097704,85.89854096282943,0.051959850339912524,444.5,0.10228243020249579,2.140942179492716,0.0,354.3616666666667,0,37
2731,75.0,0.06286673741507239,0.12573347483014477,58432.75611277459,0.0011123470522803114,1.968332977570524,58432.75611277459,113.13477967688232,0.06563031320846595,450.5,0.10156918384730566,1.6156267689971504,0.0,354.3616666666667,0,37
2732,76.0,0.0834528330745381,0.1669056661490762,58582.84036986683,-0.0011123470522803114,2.051741385705555,58582.84036986683,150.08425709224684,0.08563189573412594,456.5,0.1344237777457338,1.610775485904351,0.0,354.3616666666667,0,37
2733,77.0,0.030004611373400818,0.060009222746801635,58636.788661116174,0.002224694104560623,1.4939244252269956,58636.788661116174,53.9482912493404,0.03266514439477464,462.5,0.048998384277150954,1.633028459105062,0.0,354.3616666666667,0,37
2734,78.0,0.04093499635538164,0.08186999271076328,58710.38978456309,-0.0033370411568409346,1.3213049206886718,58710.38978456309,73.60112344691879,0.04484335235784066,468.5,0.07054506492574669,1.7233436229797605,0.0,354.3616666666667,0,37
2735,79.0,0.031894917538629886,0.06378983507725977,58767.73684629758,0.002224694104560623,1.3593850534987728,58767.73684629758,57.34706173448649,0.036143266797860285,474.5,0.054332720284259936,1.703491480059613,0.0,354.3616666666667,0,37
2736,80.0,0.022614239105967795,0.04522847821193559,58808.39724821003,-0.002224694104560623,1.1033071398330128,58808.39724821003,40.66040191244974,0.024700989537503215,480.5,0.04097177640060563,1.811768957098953,0.0,354.3616666666667,0,37
2737,81.0,0.02264144140365841,0.04528288280731682,58849.132901293386,0.0011123470522803114,1.217048345549357,58849.132901293386,40.73565308335674,0.024505238290967943,486.5,0.038509644838662906,1.700847757530159,0.0,354.3616666666667,0,37
2738,82.0,0.023373017067209123,0.046746034134418246,58891.15758598016,-0.0011123470522803114,1.0807795380075755,58891.15758598016,42.02468468677398,0.02637846836418196,492.5,0.04714864200225904,2.0172253272516376,0.0,354.3616666666667,0,37
2739,83.0,0.025574125290116982,0.051148250580233964,58936.78182549771,0.014573991031390135,0.8809842625570998,58936.78182549771,45.62423951755045,0.028351722682667876,498.49611111111113,0.046124453079445106,1.8035593615109766,0.0,354.3616666666667,0,37
2740,0.0,0.15933885211444598,0.31867770422889197,286.3995087658666,0.020022246941045607,1.9404143950664745,286.3995087658666,286.3995087658666,0.14262143742908204,0.5,0.23749443728520375,1.4904992356454414,0.0,288.4638888888889,0,38
2741,1.0,0.7070424406302,1.4140848812604,1404.1371614543962,0.06545454545454546,1.7095255028641245,1404.1371614543962,1117.7376526885296,0.5481766949410611,6.418888888888889,1.3968636987315874,1.975643353865062,0.19454545454545455,288.4638888888889,0,38
2742,2.0,1.6471855448566082,3.2943710897132163,3828.6812738213093,-0.026833631484794274,1.36267540073521,3828.6812738213093,2424.5441123669134,1.119334584981123,12.5,2.230867342553717,1.3543509712792676,0.7262969588550984,288.4638888888889,0,38
2743,3.0,1.3785861317263355,2.757172263452671,6581.591635883074,0.05045871559633028,1.4265852959340029,6581.591635883074,2752.9103620617643,0.9293090027074561,18.5,1.7162753552882752,1.2449533009149514,0.48853211009174313,288.4638888888889,0,38
2744,4.0,2.1657109973630466,4.331421994726093,10528.731517391905,-0.054505005561735265,1.1668168103525942,10528.731517391905,3947.1398815088314,1.2890581376411647,24.5,2.3527490723044364,1.0863633583470398,0.7385984427141268,288.4638888888889,0,38
2745,5.0,0.7904633292984353,1.5809266585968706,12081.295520145472,0.03337041156840934,1.401908270278076,12081.295520145472,1552.5640027535665,0.5880452548705345,30.5,0.8300694313617993,1.0501049202352193,0.27474972191323693,288.4638888888889,0,38
2746,6.0,0.6211665478190584,1.242333095638117,13354.357471629206,0.04528763769889841,1.557858213409547,13354.357471629206,1273.0619514837344,0.5274761086838033,36.5,1.1156312496466314,1.7960259668902956,0.12362301101591187,288.4638888888889,0,38
2747,7.0,0.985738964031157,1.971477928062314,15262.807600184426,-0.10011123470522804,1.546320741745754,15262.807600184426,1908.4501285552196,0.7319538704016378,42.5,1.1324996206922264,1.1488838952463591,0.39043381535038935,288.4638888888889,0,38
2748,8.0,1.8024614759653743,3.6049229519307486,18584.892180965926,0.1404494382022472,1.2811580414356076,18584.892180965926,3322.0845807815003,1.201366664645457,48.5,2.625839382078464,1.4568074919171847,0.6584269662921348,288.4638888888889,0,38
2749,9.0,1.1338925478961852,2.2677850957923704,20933.23581040954,-0.09832402234636871,1.624852796647252,20933.23581040954,2348.343629443614,0.8587664433650907,54.5,1.357316207824643,1.1970412984396064,0.4893854748603352,288.4638888888889,0,38
2750,10.0,2.532569495376327,5.065138990752654,25422.497498828,0.13651877133105803,1.0773742163635431,25422.497498828,4489.261688418461,1.678023131059208,60.492777777777775,3.285167943778087,1.2971679354804546,0.8930602957906713,288.4638888888889,0,38
2751,11.0,1.5255920761533106,3.051184152306621,28505.456062573496,0.13392857142857142,1.2344874970873998,28505.456062573496,3082.9585637454948,1.1221405389876704,66.5,4.663163554809201,3.0566254424754815,0.40736607142857145,288.4638888888889,0,38
2752,12.0,1.224239829648994,2.448479659297988,30709.254668799906,0.41824249165739713,1.5601467543550558,30709.254668799906,2203.79860622641,0.9623028470214088,72.5,2.200897540532526,1.7977666526039697,0.5472747497219133,288.4638888888889,0,38
2753,13.0,1.0358692018259879,2.0717384036519757,32469.006909722983,0.14150943396226415,1.5186290802509321,32469.006909722983,1759.752240923077,0.8900728687895395,78.5,2.4536756981740875,2.3687118932089577,0.44221698113207547,288.4638888888889,0,38
2754,14.0,2.068564707753655,4.13712941550731,36188.00944404097,-0.06896551724137931,1.2163015585894517,36188.00944404097,3719.002534317984,1.3449555161798892,84.5,3.6741623236217795,1.7761892146036433,0.7719688542825361,288.4638888888889,0,38
2755,15.0,0.6093011426136948,1.2186022852273897,37283.2837676682,0.5016685205784205,1.4889551102320364,37283.2837676682,1095.2743236272363,0.5778553807033786,90.5,0.9951483033490494,1.6332618367991258,0.16129032258064516,288.4638888888889,0,38
2756,16.0,0.8736005697361786,1.7472011394723572,38854.069888986574,-0.07897664071190211,1.7149404804569606,38854.069888986574,1570.7861213183714,0.6831278209707428,96.5,1.0774692696430648,1.2333660335963987,0.3437152391546162,288.4638888888889,0,38
2757,17.0,0.8202898035375532,1.6405796070751064,40329.39341161054,-0.04560622914349277,1.6133719212066662,40329.39341161054,1475.323522623963,0.6492992095655927,102.5,3.3337512828085614,4.064114009989569,0.2836484983314794,288.4638888888889,0,38
2758,18.0,1.1024897483565415,2.204979496713083,42309.05894266482,0.08342602892102335,1.7000571763465782,42309.05894266482,1979.6655310542847,0.985134204074466,108.5,4.771007473526735,4.327484659733822,0.4682981090100111,288.4638888888889,0,38
2759,19.0,0.8486998489316478,1.6973996978632957,43837.20231555623,0.18687430478309233,1.5740734175482423,43837.20231555623,1528.1433728914053,0.8108649533141373,114.5,3.377630240807166,3.979770050694556,0.3092324805339266,288.4638888888889,0,38
2760,20.0,0.6885468979056024,1.3770937958112048,45075.68341253846,0.4482758620689655,1.7982139973145506,45075.68341253846,1238.4810969822356,0.6775540787521588,120.5,1.2985904544664122,1.885986936280475,0.24916573971078976,288.4638888888889,0,38
2761,21.0,0.7030907404776409,1.4061814809552817,46340.176465989716,-0.5806451612903226,2.050068487981105,46340.176465989716,1264.4930534512532,0.5911660756806608,126.5,1.2978012675224653,1.8458517411860822,0.22580645161290322,288.4638888888889,0,38
2762,22.0,1.1235130480395452,2.2470260960790904,48361.805374478645,-0.3971078976640712,1.6699302595783576,48361.805374478645,2021.6289084889286,0.9920573216813854,132.5,5.603642185574844,4.987607571939483,0.3793103448275862,288.4638888888889,0,38
2763,23.0,0.662440333518897,1.324880667037794,49553.84348781567,-0.8876529477196885,1.5529903663551394,49553.84348781567,1192.0381133370247,0.826551588937634,138.5,3.5530103317484487,5.36351751541876,0.16907675194660735,288.4638888888889,0,38
2764,24.0,0.7036302833377526,1.4072605666755051,50816.97435192509,0.010011123470522803,1.7793828615997476,50816.97435192509,1263.130864109422,0.654358856715118,144.5,2.8966276802124282,4.116689899235058,0.14905450500556172,288.4638888888889,0,38
2765,25.0,0.533083334590671,1.066166669181342,51736.70225494642,0.025851938895417155,1.8664683831624802,51736.70225494642,919.7279030213322,0.49555223252998926,150.5,2.68819965954808,5.042738133264321,0.04230317273795535,288.4638888888889,0,38
2766,26.0,1.0125565444166182,2.0251130888332365,53557.76573151312,0.01668520578420467,1.7197806419174873,53557.76573151312,1821.0634765666982,0.960599041101374,156.5,3.9256580756409276,3.8769766461809647,0.3882091212458287,288.4638888888889,0,38
2767,27.0,0.6533859213526135,1.306771842705227,54732.918718683446,-0.034482758620689655,2.01802509665608,54732.918718683446,1175.1529871703242,0.6082975457762302,162.5,2.920830595401523,4.47029925186471,0.09010011123470522,288.4638888888889,0,38
2768,28.0,0.7986039294143045,1.597207858828609,56171.50521897886,0.04560622914349277,1.6921929105479212,56171.50521897886,1438.586500295416,0.700755992165765,168.5,1.8464964878668153,2.3121555252314305,0.3370411568409344,288.4638888888889,0,38
2769,29.0,0.6788137194908795,1.357627438981759,57391.87984984031,0.008898776418242492,2.085168720811992,57391.87984984031,1220.37463086145,0.6286035583558365,174.5,2.824753693026311,4.1613090777613015,0.13904338153503892,288.4638888888889,0,38
2770,30.0,0.780590748914533,1.561181497829066,58797.21704636703,-0.04449388209121246,2.113195811727149,58797.21704636703,1405.3371965267215,0.7679695765508989,180.5,4.2030096822973935,5.384395969516649,0.19132369299221358,288.4638888888889,0,38
2771,31.0,0.954192665183437,1.908385330366874,60504.90125501022,0.029511918274687854,1.545606729309506,60504.90125501022,1707.6842086431861,0.8543267799494255,186.5,2.8150261619930834,2.950165375094257,0.37911464245175935,288.4638888888889,0,38
2772,32.0,0.7998570629941498,1.5997141259882997,61941.50433559071,-0.034482758620689655,1.6485533697824426,61941.50433559071,1436.6030805804912,0.7020501584835017,192.5,2.0869913767536543,2.60920541095343,0.3370411568409344,288.4638888888889,0,38
2773,33.0,0.43297962929139855,0.8659592585827971,62720.2057219587,0.028921023359288096,1.7580299365624843,62720.2057219587,778.7013863679895,0.3425610953499773,198.5,1.2374456667930196,2.8579766415759233,0.060066740823136816,288.4638888888889,0,38
2774,34.0,0.4772516688978989,0.9545033377957978,63580.74669485223,0.035595105672969966,2.0727571180327593,63580.74669485223,860.5409728935265,0.5180093583098164,204.5,3.031274584314777,6.351522230010838,0.024471635150166853,288.4638888888889,0,38
2775,35.0,0.9929762452988299,1.9859524905976598,65368.077005564424,-0.024471635150166853,1.8242673254106665,65368.077005564424,1787.3303107121974,1.0346775766244345,210.5,4.578806039608535,4.611193934685288,0.21690767519466073,288.4638888888889,0,38
2776,36.0,0.8130775029912005,1.626155005982401,66830.75088931009,-0.058954393770856504,1.718900975568495,66830.75088931009,1462.673883745665,0.7478893540052568,216.5,2.93327389872506,3.6076190620622857,0.25139043381535037,288.4638888888889,0,38
2777,37.0,0.5921591530341503,1.1843183060683007,67895.37637244588,0.05672969966629588,1.8109865850842453,67895.37637244588,1064.6254831357946,0.4588556713833032,222.5,1.1140185056504526,1.8812822531617714,0.10011123470522804,288.4638888888889,0,38
2778,38.0,0.6523186235968187,1.3046372471936374,69068.4873049313,0.08120133481646273,1.9867551715847387,69068.4873049313,1173.1109324854187,0.5497643263833976,228.5,1.5394817622567771,2.360015039534255,0.15350389321468297,288.4638888888889,0,38
2779,39.0,0.9144106461878817,1.8288212923757634,70712.07229002258,-0.06117908787541713,1.9607114542367294,70712.07229002258,1643.5849850912782,0.9494273150973597,234.5,4.313712698282152,4.717478647329554,0.10344827586206896,288.4638888888889,0,38
2780,40.0,0.4722477936688984,0.9444955873377968,71561.29138437257,-0.060066740823136816,1.9571320140518473,71561.29138437257,849.2190943499882,0.41597758705245386,240.5,1.073104846621293,2.272334272404598,0.021134593993325918,288.4638888888889,0,38
2781,41.0,0.5411991106797553,1.0823982213595107,72535.18360587316,-0.047830923248053395,1.8976432092862723,72535.18360587316,973.8922215005878,0.5263428846112352,246.5,2.15449150400107,3.9809590619892035,0.06340378197997776,288.4638888888889,0,38
2782,42.0,0.7431677416152036,1.4863354832304072,73871.5958886211,0.13125695216907676,1.8712415098567112,73871.5958886211,1336.4122827479441,0.6467840033472964,252.5,1.5320142342730563,2.0614649270747014,0.26473859844271413,288.4638888888889,0,38
2783,43.0,0.32871878983940933,0.6574375796788187,74461.820251637,-0.09010011123470522,1.953691653550706,74461.820251637,590.2243630158919,0.43399999459307537,258.5,4.267579292577311,12.982462288396029,0.018909899888765295,288.4638888888889,0,38
2784,44.0,0.32102140282326636,0.6420428056465327,75038.94500566158,-0.010011123470522803,1.874350725524768,75038.94500566158,577.1247540245822,0.35924145365664556,264.5,2.749778005413931,8.565715498189949,0.027808676307007785,288.4638888888889,0,38
2785,45.0,0.24216425238841569,0.48432850477683137,75475.80779321986,-0.0389321468298109,1.7048341134515783,75475.80779321986,436.8627875582897,0.2942854638932079,270.5,2.282259406694716,9.424427363598326,0.011123470522803115,288.4638888888889,0,38
2786,46.0,0.13004635758564392,0.26009271517128785,75709.75728813613,0.004449388209121246,1.7149916850153841,75709.75728813613,233.94949491626176,0.1501426634503866,276.5,1.1910589443186739,9.158725906908117,0.011123470522803115,288.4638888888889,0,38
2787,47.0,0.09319552302669058,0.18639104605338117,75877.302383032,0.004449388209121246,1.7592380544400978,75877.302383032,167.54509489587508,0.10175327159179197,282.5,0.5419095007673601,5.814758940857715,0.012235817575083427,288.4638888888889,0,38
2788,48.0,0.13205477616359493,0.26410955232718986,76113.4245996477,0.0,1.9262450520303953,76113.4245996477,236.12221661569492,0.12186074399566726,288.4972222222222,0.21362751116112258,1.6177189297301293,0.0022371364653243847,288.4638888888889,0,38
2789,49.0,0.5871386942885602,1.1742773885771205,76291.87286222675,-0.14545454545454545,1.2475699699949239,76291.87286222675,178.44826257905515,0.9172617389413072,294.5,3.04678811240427,5.189213625404272,0.14545454545454545,288.4638888888889,0,38
2790,50.0,0.08772980181662006,0.17545960363324012,76449.61394190324,0.010011123470522803,1.8908389747197805,76449.61394190324,157.74107967648888,0.08125939413116627,300.5,0.13778799159518348,1.5705950400207116,0.002224694104560623,288.4638888888889,0,38
2791,51.0,0.12822754015325577,0.25645508030651154,76680.15712399682,0.035595105672969966,1.972412592811872,76680.15712399682,230.54318209357734,0.1044931363305619,306.5,0.13765305955641768,1.073506201490699,0.0,288.4638888888889,0,38
2792,52.0,0.1416548533176514,0.2833097066353028,76934.86885246496,-0.04671857619577308,1.9113392620159424,76934.86885246496,254.71172846814443,0.13037863805001154,312.5,0.28514223216432066,2.012936553080243,0.0,288.4638888888889,0,38
2793,53.0,0.09620921895746094,0.19241843791492189,77107.76889357794,0.002224694104560623,1.9616303051711155,77107.76889357794,172.90004111298185,0.08269225387143604,318.5,0.1141970376351108,1.1869656450033463,0.0,288.4638888888889,0,38
2794,54.0,0.07892858393478788,0.15785716786957577,77249.8785679514,-0.0011123470522803114,1.7593945904640658,77249.8785679514,142.10967437345244,0.07699984895128482,324.5,0.10219091983200565,1.2947263809577212,0.0,288.4638888888889,0,38
2795,55.0,0.07414224869170559,0.14828449738341118,77383.19768948334,0.0011123470522803114,1.658196919093847,77383.19768948334,133.31912153193844,0.07250170628251665,330.5,0.13094077982009705,1.7660751073867227,0.0,288.4638888888889,0,38
2796,56.0,0.09169424897889772,0.18338849795779544,77548.08344077869,0.0011123470522803114,1.552388158609204,77548.08344077869,164.88575129535457,0.08360205852160522,336.5,0.14037332108142644,1.5308846808236753,0.0,288.4638888888889,0,38
2797,57.0,0.09550980086331926,0.1910196017266385,77719.81006273077,0.002224694104560623,1.4646084927925596,77719.81006273077,171.7266219520825,0.0850530643520913,342.5,0.14710439459588667,1.5402020867617832,0.0,288.4638888888889,0,38
2798,58.0,0.09004502053633344,0.18009004107266688,77882.01654322213,-0.0055617352614015575,1.6247784139853003,77882.01654322213,162.20648049135343,0.07966672344394497,348.5,0.1621792055529596,1.8010902167268625,0.0,288.4638888888889,0,38
2799,59.0,0.06343042650277038,0.12686085300554076,77995.4315568516,0.04138702460850112,1.2597007871168047,77995.4315568516,113.41501362947747,0.05835365479721226,354.4972222222222,0.1109858387911063,1.749725564059685,0.0,288.4638888888889,0,38
2800,0.0,0.127420224622558,0.254840449245116,176.14017789300482,-0.08050847457627118,2.020557924551557,176.14017789300482,176.14017789300482,0.14516048507765644,0.5,1.2483632844493677,9.797214595620499,0.00423728813559322,276.3338888888889,0,39
2801,1.0,2.2227083330780846,4.445416666156169,4173.480543441425,0.09232480533926585,1.9256186674185443,4173.480543441425,3997.34036554842,2.207636224807279,6.5,9.656755167667619,4.344589447007923,0.14238042269187987,276.3338888888889,0,39
2802,2.0,0.9106191472855941,1.8212382945711882,5902.986536219521,-0.030033370411568408,1.8142769713338456,5902.986536219521,1729.5059927780967,0.9989284951231501,12.5,2.798303295282629,3.0729677754129274,0.3181312569521691,276.3338888888889,0,39
2803,3.0,0.612378993194252,1.224757986388504,7033.4155559616775,-0.05531914893617021,1.436094981869895,7033.4155559616775,1130.429019742156,0.4367322497825271,18.5,1.2133505079736298,1.981371865231086,0.14893617021276595,276.3338888888889,0,39
2804,4.0,2.5688885050561274,5.137777010112255,11778.12331394113,0.12094064949608063,1.733167500980851,11778.12331394113,4744.707757979453,2.5944421947098744,24.5,8.634775163301024,3.3612884118193223,0.2877939529675252,276.3338888888889,0,39
2805,5.0,0.3333305230442455,0.666661046088491,12476.26926467821,-0.12124582869855395,1.7407349033984245,12476.26926467821,698.14595073708,0.28641954150156934,30.5,0.5907205133026806,1.7721764808927198,0.042269187986651836,276.3338888888889,0,39
2806,6.0,0.9896411091189496,1.9792822182378993,14375.015238518494,0.07452725250278086,1.4688007704219503,14375.015238518494,1898.745973840283,0.7414307774104422,36.5,1.3983010123869517,1.4129374775385197,0.42491657397107896,276.3338888888889,0,39
2807,7.0,1.540736125897485,3.08147225179497,17562.548206999916,-0.06987399770904926,1.1129158932622507,17562.548206999916,3187.5329684814224,1.0876998310783765,42.5,2.0872298628615993,1.3546965166704192,0.6872852233676976,276.3338888888889,0,39
2808,8.0,0.47877496019327326,0.9575499203865465,18497.442871668016,-0.0011123470522803114,1.6016274983917138,18497.442871668016,934.8946646680997,0.40184122480084544,48.5,0.8596326086626245,1.7954836408228314,0.14905450500556172,276.3338888888889,0,39
2809,9.0,0.2984166786113797,0.5968333572227594,19075.659471111045,-0.012235817575083427,1.7068306449192558,19075.659471111045,578.2165994430288,0.24823038474512715,54.5,0.31870654879933896,1.0679917432308876,0.011123470522803115,276.3338888888889,0,39
2810,10.0,1.63812332152369,3.27624664304738,22155.05977323663,0.10233592880978866,1.1821099148893297,22155.05977323663,3079.400302125585,1.0093746607890741,60.5,2.3722163639054497,1.4481305117486196,0.6218020022246941,276.3338888888889,0,39
2811,11.0,1.7959366735064393,3.5918733470128785,25706.788041258573,-0.10056497175141244,1.5134113399599305,25706.788041258573,3551.728268021943,1.2173851316094413,66.5,4.990324518988174,2.7786751017478357,0.5231638418079096,276.3338888888889,0,39
2812,12.0,1.6145251079701883,3.2290502159403767,28610.073653081574,0.6295884315906563,1.248455175785505,28610.073653081574,2903.285611823001,1.0461050841036588,72.5,2.539257658460042,1.5727582345575568,0.4916573971078977,276.3338888888889,0,39
2813,13.0,1.0527329814064745,2.105465962812949,30503.777376180406,0.11457174638487208,1.231305205486611,30503.777376180406,1893.7037230988317,0.9132820487129603,78.5,3.769152070331449,3.5803495633772,0.5228031145717463,276.3338888888889,0,39
2814,14.0,1.1594803437736485,2.318960687547297,32588.8753674258,-0.09454949944382647,1.2046363279631536,32588.8753674258,2085.097991245395,0.9530043857105307,84.5,1.7056616091239893,1.4710569422615114,0.5739710789766407,276.3338888888889,0,39
2815,15.0,0.5037604532684793,1.0075209065369586,33494.731997139,0.1446051167964405,1.5478103168838837,33494.731997139,905.856629713202,0.43473727405787804,90.5,0.9403469886142294,1.8666550391423267,0.1557285873192436,276.3338888888889,0,39
2816,16.0,1.210236776506161,2.420473553012322,35671.03412579597,0.1468298109010011,1.2574580960023547,35671.03412579597,2176.302128656971,0.8938828269875524,96.5,4.457776860886197,3.683392330677123,0.6140155728587319,276.3338888888889,0,39
2817,17.0,1.0583974815358947,2.1167949630717895,37490.50087022628,-0.2803738317757009,1.3812684320326176,37490.50087022628,1819.466744430305,0.9899011037523132,102.5,2.6993037927217807,2.550368684555714,0.4380841121495327,276.3338888888889,0,39
2818,18.0,0.6258234061310711,1.2516468122621422,38615.85340381234,0.1468298109010011,1.4656361316282436,38615.85340381234,1125.3525335860613,0.5584960453847424,108.5,2.131676624509806,3.406195108118651,0.2436040044493882,276.3338888888889,0,39
2819,19.0,0.6680147339839033,1.3360294679678066,39819.56473430773,-0.11234705228031146,1.6699399081811024,39819.56473430773,1203.7113304953891,0.5838255373548223,114.5,1.7341677204805097,2.596002202134507,0.2992213570634038,276.3338888888889,0,39
2820,20.0,1.1357385133236424,2.271477026647285,41861.29543192277,0.12680756395995552,1.4325836245254535,41861.29543192277,2041.730697615043,0.9860037567621067,120.5,6.056572132667735,5.332717048525272,0.474972191323693,276.3338888888889,0,39
2821,21.0,0.8072480597894346,1.6144961195788692,43312.78994307294,0.17130144605116795,1.6230402759273734,43312.78994307294,1451.4945111501656,0.8769223283155229,126.5,5.619628929814341,6.96146477116363,0.271412680756396,276.3338888888889,0,39
2822,22.0,0.40485147853167125,0.8097029570633425,44042.28357754764,-0.26028921023359286,1.5737002881936153,44042.28357754764,729.4936344747039,0.5303898009648089,132.5,1.4983859969696218,3.701075768338596,0.04004449388209121,276.3338888888889,0,39
2823,23.0,0.4989715424867736,0.9979430849735472,44939.24162016156,-0.6162402669632926,1.4649773114870361,44939.24162016156,896.9580426139219,0.5736769863877155,138.5,3.3858235728131283,6.785604557604359,0.03670745272525028,276.3338888888889,0,39
2824,24.0,1.0922546248716873,2.1845092497433747,46902.79719853035,-0.08453837597330367,1.3196359209571105,46902.79719853035,1963.5555783687887,0.9243769658435304,144.5,2.339298045117311,2.1417149370204043,0.60734149054505,276.3338888888889,0,39
2825,25.0,1.154109588706431,2.308219177412862,48730.76169127263,-0.03875,1.4201033490701545,48730.76169127263,1827.9644927422778,1.2095768978467016,150.5,6.311329275277355,5.46857017482311,0.47625,276.3338888888889,0,39
2826,26.0,0.6949133746706401,1.3898267493412801,50174.02380038575,0.06098964326812428,1.4864665974461058,50174.02380038575,1443.2621091131223,0.549907936821892,156.5,1.4264668504614657,2.052726141783573,0.20828538550057538,276.3338888888889,0,39
2827,27.0,0.7728426784469675,1.545685356893935,51565.20788182885,0.0389321468298109,1.547798414610867,51565.20788182885,1391.184081443098,0.7476438191269525,162.5,3.565228762067288,4.613136491415871,0.29810901001112344,276.3338888888889,0,39
2828,28.0,1.25066744026751,2.50133488053502,53816.639187390356,-0.05116796440489433,1.4764168310124535,53816.639187390356,2251.4313055615057,1.0885766210851777,168.5,4.398408693774715,3.516849125642803,0.6273637374860956,276.3338888888889,0,39
2829,29.0,0.6432136347622313,1.2864272695244625,54973.39551451946,-0.03781979977753059,1.8131713564615783,54973.39551451946,1156.7563271291074,0.6116686886853868,174.5,2.4386970978934093,3.7914263101634837,0.21802002224694106,276.3338888888889,0,39
2830,30.0,0.6303426313108231,1.2606852626216463,56107.21210219043,-0.041156840934371525,1.691201227322208,56107.21210219043,1133.8165876709681,0.5762938878631958,180.5,2.5860977882601577,4.102685840686774,0.10233592880978866,276.3338888888889,0,39
2831,31.0,0.46737469574886337,0.9347493914977267,56947.55544386301,0.07119021134593993,1.7097014458320183,56947.55544386301,840.343341672582,0.46159173989631763,186.5,2.464524352585647,5.273123202865739,0.048943270300333706,276.3338888888889,0,39
2832,32.0,0.8342507349933854,1.6685014699867708,58447.99252104468,-0.0033370411568409346,1.8377121695057437,58447.99252104468,1500.4370771816684,0.8550635838245596,192.5,4.0987685086125785,4.913113452210595,0.25472747497219134,276.3338888888889,0,39
2833,33.0,0.4951099305508128,0.9902198611016256,59339.2925637156,-0.04004449388209121,1.8712008233866744,59339.2925637156,891.3000426709186,0.42503097667845485,198.5,1.1475523114022603,2.3177727623552236,0.135706340378198,276.3338888888889,0,39
2834,34.0,0.545059871484515,1.09011974296903,60645.10504112903,0.019101123595505618,1.7264273051579273,60645.10504112903,1305.8124774134267,0.4064740106192526,204.5,0.6714503628078371,1.2318836845924601,0.19101123595505617,276.3338888888889,0,39
2835,35.0,0.7882789383430374,1.5765578766860748,62063.203100707186,-0.00778642936596218,1.8400333998439236,62063.203100707186,1418.0980595781584,0.8361124149459837,210.5,5.205265611670275,6.603329555666862,0.20244716351501668,276.3338888888889,0,39
2836,36.0,0.3933137741460493,0.7866275482920986,62772.137256376365,-0.010011123470522803,2.0565262491285803,62772.137256376365,708.9341556691797,0.38036333385594023,216.5,1.854771493872796,4.715755246303841,0.05784204671857619,276.3338888888889,0,39
2837,37.0,0.43377863504548275,0.8675572700909655,63551.880487612914,0.002224694104560623,1.5049256288906252,63551.880487612914,779.743231236549,0.38202815093118525,222.5,1.0640221160073238,2.4529149894525313,0.05672969966629588,276.3338888888889,0,39
2838,38.0,0.6791703591678844,1.3583407183357687,64773.49115307668,-0.006674082313681869,1.6276758828532218,64773.49115307668,1221.6106654637624,0.6296068030055276,228.5,2.552655920585321,3.7584913507014948,0.1167964404894327,276.3338888888889,0,39
2839,39.0,0.4361718767464226,0.8723437534928452,65559.38721323133,-0.010011123470522803,1.7294398949995013,65559.38721323133,785.8960601546496,0.4531048990405954,234.5,1.947585316895147,4.4651785700237046,0.07897664071190211,276.3338888888889,0,39
2840,40.0,0.8706691131861144,1.7413382263722288,67124.97443601594,0.01557285873192436,1.314400122410528,67124.97443601594,1565.587222784612,0.7195804117744786,240.5,2.3947905962931473,2.75051745838288,0.36262513904338156,276.3338888888889,0,39
2841,41.0,0.3711016243136958,0.7422032486273916,67793.18715377364,-0.01668520578420467,1.75913472127956,67793.18715377364,668.2127177577058,0.37246590037580973,246.5,1.3118875677361599,3.5351167491177797,0.03781979977753059,276.3338888888889,0,39
2842,42.0,0.3653091114743775,0.730618222948755,68451.93692648,0.04004449388209121,1.564136071670054,68451.93692648,658.7497727063601,0.36382574748495794,252.5,2.1465647085739645,5.876022910872627,0.03114571746384872,276.3338888888889,0,39
2843,43.0,0.3387806841205366,0.6775613682410732,69061.03683939249,-0.013348164627363738,2.018379204955067,69061.03683939249,609.099912912483,0.4324418750568702,258.5,3.9648369472753537,11.703255625591344,0.021134593993325918,276.3338888888889,0,39
2844,44.0,0.33215900055949155,0.6643180011189831,69658.95710908037,-0.034482758620689655,1.7310640557194183,69658.95710908037,597.9202696878783,0.4005659698625901,264.5,3.7434493771085853,11.270052507392803,0.011123470522803115,276.3338888888889,0,39
2845,45.0,0.22512293423734686,0.4502458684746937,70063.8964093873,-0.0011123470522803114,1.9832026011638735,70063.8964093873,404.9393003069272,0.2847137728127021,270.5,2.3269721867975117,10.336451035877968,0.011123470522803115,276.3338888888889,0,39
2846,46.0,0.16043391006667201,0.32086782013334403,70352.19667244019,-0.0033370411568409346,1.7450731396722974,70352.19667244019,288.30026305289357,0.18994747310420057,276.5,1.2325189128686562,7.682408989199693,0.011123470522803115,276.3338888888889,0,39
2847,47.0,0.08602500503203948,0.17205001006407897,70506.86963148783,0.002224694104560623,1.4915167629621924,70506.86963148783,154.67295904764615,0.11883702482404881,282.5,0.89181819741094,10.366964780516872,0.012235817575083427,276.3338888888889,0,39
2848,48.0,0.10694847946485299,0.21389695892970598,70699.21680254818,-0.0033370411568409346,1.5478571404226693,70699.21680254818,192.34717106034805,0.12447106415143153,288.5,0.6906111269490907,6.457418846950972,0.011123470522803115,276.3338888888889,0,39
2849,49.0,0.06627692703928104,0.13255385407856207,70818.53630735795,0.00778642936596218,1.8201861631687692,70818.53630735795,119.31950480976957,0.07798542918802819,294.5,0.13649276786798148,2.0594311469372273,0.002224694104560623,276.3338888888889,0,39
2850,50.0,0.07907425710601126,0.15814851421202253,70960.75365652633,-0.008898776418242492,1.7324609653840413,70960.75365652633,142.21734916837886,0.08240876701395844,300.5,0.130113824956367,1.6454637668227385,0.0,276.3338888888889,0,39
2851,51.0,0.07634357363142355,0.1526871472628471,71098.01940191559,-0.0011123470522803114,1.5797357551204556,71098.01940191559,137.2657453892607,0.07709929034750199,306.5,0.11255364522595973,1.474304121121622,0.0,276.3338888888889,0,39
2852,52.0,0.06797813538034775,0.1359562707606955,71220.24408932969,0.0,1.635641957930919,71220.24408932969,122.2246874140983,0.0695481625055139,312.5,0.09781230705443779,1.4388789352217948,0.0,276.3338888888889,0,39
2853,53.0,0.06466409506484337,0.12932819012968674,71336.51013225623,0.0011123470522803114,1.5706857994887462,71336.51013225623,116.26604292653792,0.07036212562230285,318.5,0.1024338671362335,1.584091867883029,0.0,276.3338888888889,0,39
2854,54.0,0.06355380516915922,0.12710761033831844,71450.77987395038,0.0,1.5670992969691409,71450.77987395038,114.26974169415189,0.06625186145329003,324.5,0.10086089372284152,1.58701581210414,0.0,276.3338888888889,0,39
2855,55.0,0.06394163315187133,0.12788326630374267,71565.70714978379,0.006674082313681869,1.5897143138652465,71565.70714978379,114.92727583341184,0.06614724113132846,330.5,0.09834756408868386,1.5380833932579276,0.0,276.3338888888889,0,39
2856,56.0,0.0562775496553837,0.1125550993107674,71666.92468191191,-0.00778642936596218,1.6426439108681523,71666.92468191191,101.21753212812473,0.06318107936316306,336.5,0.08856513493621802,1.5737205240552896,0.0,276.3338888888889,0,39
2857,57.0,0.041699612000785403,0.08339922400157081,71741.9005842895,0.0,1.3507746480056373,71741.9005842895,74.97590237758413,0.04315213845347388,342.5,0.06474250754177104,1.5525925646634704,0.0,276.3338888888889,0,39
2858,58.0,0.03880174622731669,0.07760349245463338,71811.66612400614,0.0033370411568409346,1.2005770895068688,71811.66612400614,69.76553971663816,0.04206847429860692,348.5,0.08985878868795001,2.315843935515686,0.0,276.3338888888889,0,39
2859,59.0,0.0424853205584858,0.0849706411169716,71887.69634320827,0.04138702460850112,1.1859905407342857,71887.69634320827,76.0302192021336,0.04657075948294528,354.4972222222222,0.07171238925798569,1.687933345336669,0.0,276.3338888888889,0,39
2860,0.0,0.282486989448179,0.564973978896358,490.2128701626652,-0.011481056257175661,1.7264470745295726,490.2128701626652,490.2128701626652,0.2876135365146379,0.48444444444444446,0.7327864870529426,2.594053936729603,0.1377726750861079,330.2783333333333,0,40
2861,1.0,0.42130997509842033,0.8426199501968407,1429.1253465399268,0.02335928809788654,1.8183160015531845,1429.1253465399268,938.9124763772616,0.3104983316274447,6.5,0.526506384374298,1.2496888644787087,0.20467185761957732,330.2783333333333,0,40
2862,2.0,0.47957682030467513,0.9591536406093503,2465.6088049708696,-0.004449388209121246,1.3742224769607736,2465.6088049708696,1036.4834584309428,0.35964746095952016,12.5,0.48937013227655424,1.0204207366937739,0.3170189098998888,330.2783333333333,0,40
2863,3.0,0.5447471455480796,1.0894942910961591,3616.743518058969,-0.021134593993325918,1.4868271594190954,3616.743518058969,1151.1347130880995,0.44741600716954383,18.5,1.212403065341405,2.2256253662817915,0.2936596218020022,330.2783333333333,0,40
2864,4.0,0.7204417825721491,1.4408835651442982,4915.402044765372,0.0011123470522803114,1.4759562878862869,4915.402044765372,1298.6585267064029,0.51286024956708,24.5,0.7613607157823855,1.0567970017843025,0.489432703003337,330.2783333333333,0,40
2865,5.0,0.5904588788144212,1.1809177576288423,6093.0154863517555,0.06562847608453838,1.4456874952912748,6093.0154863517555,1177.6134415863835,0.453773193553233,30.5,0.5472671536537044,0.9268505789134017,0.3982202447163515,330.2783333333333,0,40
2866,6.0,2.351073698872358,4.702147397744716,10654.027856777122,-0.008988764044943821,1.0354752947098569,10654.027856777122,4561.0123704253665,2.1212659437740693,36.5,11.127319523681964,4.732867170016381,0.8505617977528089,330.2783333333333,0,40
2867,7.0,0.4138185743948907,0.8276371487897815,11572.323814386733,-0.06229143492769744,1.3907337683391927,11572.323814386733,918.2959576096109,0.34848334576717416,42.5,0.4244008783866505,1.025572327214248,0.19911012235817574,330.2783333333333,0,40
2868,8.0,0.5868294308914028,1.1736588617828057,12837.63710068314,0.05005561735261402,1.4363290196835048,12837.63710068314,1265.3132862964067,0.4720336312071991,48.5,0.7124567177504518,1.2140780271845248,0.43381535038932145,330.2783333333333,0,40
2869,9.0,0.5099851860115205,1.019970372023041,13839.442443278784,-0.05339265850945495,1.4368575159120227,13839.442443278784,1001.8053425956441,0.39867167121083197,54.5,0.6120832555787347,1.200198108430757,0.26362625139043383,330.2783333333333,0,40
2870,10.0,1.1897701448111209,2.3795402896222417,16087.774056737191,0.024471635150166853,1.3904520544774028,16087.774056737191,2248.3316134584074,0.8969876496124661,60.5,1.4297861918222803,1.2017331230388728,0.7575083426028921,330.2783333333333,0,40
2871,11.0,1.6566341969102631,3.3132683938205263,19120.395845380648,-0.0033370411568409346,1.2434970840530026,19120.395845380648,3032.621788643457,1.0840538334818195,66.5,1.8316229680265135,1.1056290950908876,0.7986651835372637,330.2783333333333,0,40
2872,12.0,2.357291728792586,4.714583457585172,23367.76481140466,0.7486095661846496,1.0523524789888998,23367.76481140466,4247.3689660240125,1.3807635948493275,72.5,2.876089018386163,1.2200819199663961,0.9132369299221357,330.2783333333333,0,40
2873,13.0,1.4859957853452426,2.971991570690485,26040.17176836888,0.07230255839822025,1.1573296087489255,26040.17176836888,2672.4069569642197,1.0440149506160588,78.5,3.7610028291795263,2.5309646677804873,0.7619577308120133,330.2783333333333,0,40
2874,14.0,1.2556875200577198,2.5113750401154395,28297.320253350896,-0.14794215795328142,1.3250379819834226,28297.320253350896,2257.1484849820154,0.9310763232061783,84.5,3.52038802366148,2.8035542023222937,0.6006674082313682,330.2783333333333,0,40
2875,15.0,0.6355525422606433,1.2711050845212866,29441.068037873207,0.12235817575083426,1.5053433376782377,29441.068037873207,1143.7477845223111,0.5987282767262441,90.5,2.5231986266043513,3.9700865921004764,0.3781979977753059,330.2783333333333,0,40
2876,16.0,1.2040957077620482,2.4081914155240964,31607.275618197724,0.0867630700778643,1.2862630130855,31607.275618197724,2166.207580324517,1.0721832392294506,96.5,3.9836714336091563,3.308434211607043,0.6295884315906563,330.2783333333333,0,40
2877,17.0,0.9622586393308674,1.9245172786617348,33338.11030163042,-0.06117908787541713,1.3800411670523642,33338.11030163042,1730.8346834326949,0.9501085687111229,102.5,4.2989640963067774,4.467576512793046,0.5684093437152391,330.2783333333333,0,40
2878,18.0,0.7653472105231924,1.5306944210463849,34714.64497615485,-0.04004449388209121,1.3391462023454053,34714.64497615485,1376.5346745244315,0.7240904631522198,108.5,3.6985824803033873,4.832554988702489,0.4549499443826474,330.2783333333333,0,40
2879,19.0,0.7636963134233471,1.5273926268466942,36087.90189587886,0.13459399332591768,1.6556479104411468,36087.90189587886,1373.2569197240082,0.6837174264830621,114.5,1.8775327102062307,2.4584807824853803,0.40155728587319245,330.2783333333333,0,40
2880,20.0,1.0029289163547184,2.0058578327094367,37892.25137499134,-0.03225806451612903,1.2592205363859954,37892.25137499134,1804.349479112483,0.8015620010393925,120.5,2.7184471842908096,2.7105083321073002,0.525027808676307,330.2783333333333,0,40
2881,21.0,0.5413844634621235,1.082768926924247,38867.76759211745,0.135706340378198,1.5958063779156546,38867.76759211745,975.5162171261109,0.4942571197597813,126.5,2.2756889169556636,4.203461810490015,0.23692992213570635,330.2783333333333,0,40
2882,22.0,0.3926853069762664,0.7853706139525328,39573.94453250062,-0.339265850945495,1.9694446352565842,39573.94453250062,706.1769403831713,0.40175016835288685,132.5,1.5248875751778845,3.8832305362269324,0.11123470522803114,330.2783333333333,0,40
2883,23.0,0.882648160240591,1.765296320481182,41162.08406009172,-0.6674082313681868,1.1855055715688019,41162.08406009172,1588.1395275910982,0.8324586879409706,138.5,3.5086507789606385,3.9751408738044107,0.4883203559510567,330.2783333333333,0,40
2884,24.0,0.4196545823602549,0.8393091647205098,41919.71186435441,-0.004449388209121246,1.7867043316645688,41919.71186435441,757.6278042626873,0.38246984611996643,144.5,1.5550491647448907,3.7055455369958286,0.14015572858731926,330.2783333333333,0,40
2885,25.0,0.39060846929323984,0.7812169385864797,42622.039321302414,0.008898776418242492,1.7547161450466475,42622.039321302414,702.3274569480054,0.4175549920712729,150.5,2.6663556351647335,6.826159299590178,0.04004449388209121,330.2783333333333,0,40
2886,26.0,0.37437135308086594,0.7487427061617319,43295.29892101312,0.01668520578420467,1.5439826857831824,43295.29892101312,673.2595997107055,0.33250501370198154,156.5,1.5549035355604706,4.153372107038875,0.07897664071190211,330.2783333333333,0,40
2887,27.0,0.8237251978771902,1.6474503957543805,44778.95954725028,-0.03114571746384872,1.5571829069257763,44778.95954725028,1483.660626237157,0.6730426169033411,162.5,3.4044210207180106,4.132957240462587,0.43159065628476084,330.2783333333333,0,40
2888,28.0,0.5860964261724916,1.1721928523449832,45834.14568810003,-0.027808676307007785,1.3730671385859659,45834.14568810003,1055.1861408497498,0.5477107553643914,168.5,3.049982537113274,5.203892057542842,0.3370411568409344,330.2783333333333,0,40
2889,29.0,0.6784234510314858,1.3568469020629716,47053.75529169914,0.024471635150166853,1.5114052966678937,47053.75529169914,1219.609603599114,0.5874849585407836,174.5,2.157397788629223,3.180016530013933,0.48053392658509453,330.2783333333333,0,40
2890,30.0,0.5355718783264862,1.0711437566529725,48017.56594824464,-0.02224694104560623,1.6797608815748226,48017.56594824464,963.8106565455018,0.42930160662097383,180.5,0.8678989393907092,1.6205087953883108,0.45161290322580644,330.2783333333333,0,40
2891,31.0,0.3680311224798383,0.7360622449596766,48679.210710259875,0.010011123470522803,1.6577168284819126,48679.210710259875,661.6447620152321,0.39631549044462605,186.5,2.9702635653847196,8.070685830509994,0.058954393770856504,330.2783333333333,0,40
2892,32.0,0.4935172756698854,0.9870345513397708,49566.55265772763,0.002224694104560623,1.4738735226347586,49566.55265772763,887.3419474677576,0.5189680217045386,192.5,3.618324594004828,7.331708072616959,0.12569521690767518,330.2783333333333,0,40
2893,33.0,0.27812509432354665,0.5562501886470933,50065.826692877316,0.0011123470522803114,1.8954752520189488,50065.826692877316,499.2740351496832,0.3408647914963535,198.5,2.967997240377545,10.671447132795699,0.030033370411568408,330.2783333333333,0,40
2894,34.0,0.5009819410390364,1.0019638820780727,50966.43785173362,0.0011123470522803114,1.8452635140036997,50966.43785173362,900.6111588563072,0.4473123176973046,204.5,2.2179502710094217,4.427206031437767,0.18020022246941045,330.2783333333333,0,40
2895,35.0,0.3284157853404992,0.6568315706809984,51556.92295656151,0.012235817575083427,2.0545359475224028,51556.92295656151,590.485104827887,0.42035272577070903,210.5,4.008261479209827,12.204838068468874,0.020022246941045607,330.2783333333333,0,40
2896,36.0,0.3210840372502304,0.6421680745004608,52134.33471248244,-0.026696329254727477,1.9744467194917907,52134.33471248244,577.4117559209335,0.366925283305792,216.5,3.040409055751859,9.469200280991787,0.042269187986651836,330.2783333333333,0,40
2897,37.0,0.6057074302489112,1.2114148604978223,53223.55102927302,0.013348164627363738,1.4149361510016492,53223.55102927302,1089.2163167905746,0.6082900924766926,222.5,3.844828872483499,6.347666679445378,0.2625139043381535,330.2783333333333,0,40
2898,38.0,0.302454783572254,0.604909567144508,53767.67669134793,-0.0033370411568409346,2.0362224687143633,53767.67669134793,544.1256620749118,0.38986992464036746,228.5,3.666757263504904,12.123323758339385,0.011123470522803115,330.2783333333333,0,40
2899,39.0,0.18815929282297575,0.3763185856459515,54106.0539952132,-0.010011123470522803,1.9552211738485985,54106.0539952132,338.37730386527255,0.23040811065911052,234.5,1.8325211409148354,9.739200830431002,0.011123470522803115,330.2783333333333,0,40
2900,40.0,0.3650803060962171,0.7301606121924342,54762.748815791085,-0.0011123470522803114,1.8389241862837902,54762.748815791085,656.6948205778826,0.38912167896632655,240.5,2.088112668353131,5.719598218488421,0.05005561735261402,330.2783333333333,0,40
2901,41.0,0.3043149989584579,0.6086299979169159,55309.9588354779,-0.002224694104560623,1.903768034102275,55309.9588354779,547.2100196868123,0.38131108637992067,246.5,3.631441275088207,11.933165593273749,0.05339265850945495,330.2783333333333,0,40
2902,42.0,0.1723754742282508,0.3447509484565016,55619.94256382851,0.021134593993325918,1.8158908763134751,55619.94256382851,309.9837283506131,0.23373621954956453,252.5,2.4315578290275455,14.10617049736322,0.011123470522803115,330.2783333333333,0,40
2903,43.0,0.24373925750560435,0.4874785150112087,56058.57759851168,-0.021134593993325918,1.7957245189785336,56058.57759851168,438.63503468316776,0.27986910837921175,258.5,2.1429610934685615,8.792022735275985,0.017797552836484983,330.2783333333333,0,40
2904,44.0,0.20986757036799705,0.4197351407359941,56436.05358478884,0.05228031145717464,1.7076054278501975,56436.05358478884,377.4759862771607,0.24331889868609305,264.5,1.8411348967438907,8.772841337589753,0.012235817575083427,330.2783333333333,0,40
2905,45.0,0.214235943911427,0.428471887822854,56822.14661168005,-0.054505005561735265,1.6105293422519076,56822.14661168005,386.0930268912125,0.2409759147872703,270.5,1.8975371297469978,8.857230467971842,0.011123470522803115,330.2783333333333,0,40
2906,46.0,0.15099123483546073,0.30198246967092146,57093.64220937866,0.013348164627363738,1.6890147889405724,57093.64220937866,271.49559769860934,0.22882566064684862,276.5,2.3343721561218556,15.460315684322236,0.011123470522803115,330.2783333333333,0,40
2907,47.0,0.24760758922213333,0.49521517844426666,57538.86563513839,-0.00778642936596218,1.7247756571875628,57538.86563513839,445.22342575973016,0.2855592150626975,282.5,2.0327512243069052,8.209567528575574,0.026696329254727477,330.2783333333333,0,40
2908,48.0,0.17551908689835727,0.35103817379671454,57854.57566750245,0.014460511679644048,1.733698610061856,57854.57566750245,315.7100323640625,0.23837554748476023,288.5,2.382467225009129,13.57383557030929,0.013348164627363738,330.2783333333333,0,40
2909,49.0,0.21020877468816532,0.42041754937633063,58232.9368209022,0.0055617352614015575,2.0520626129691872,58232.9368209022,378.3611533997464,0.2308874451263967,294.5,1.6177177114551526,7.69576681018649,0.011123470522803115,330.2783333333333,0,40
2910,50.0,0.2225387539576209,0.4450775079152418,58634.57901307577,-0.02335928809788654,1.8538574780570936,58634.57901307577,401.6421921735673,0.22558467390174636,300.5,1.0369212373162549,4.6595085973821915,0.0967741935483871,330.2783333333333,0,40
2911,51.0,0.24752092338073256,0.4950418467614651,59079.691651048495,0.0055617352614015575,1.9266143972249754,59079.691651048495,445.1126379727284,0.23604621795953135,306.5,1.1397676960007967,4.6047327249487715,0.026696329254727477,330.2783333333333,0,40
2912,52.0,0.19781086437854625,0.3956217287570925,59435.41693636129,-0.0011123470522803114,2.0278129072532383,59435.41693636129,355.72528531279386,0.19043588474222858,312.5,0.6905600450952544,3.4910117159881824,0.03337041156840934,330.2783333333333,0,40
2913,53.0,0.13445750572318904,0.2689150114463781,59677.152713378986,-0.0033370411568409346,2.069493655087058,59677.152713378986,241.73577701769682,0.18661910053275424,318.5,1.6851516795493335,12.532968468257893,0.011123470522803115,330.2783333333333,0,40
2914,54.0,0.4702925389395087,0.9405850778790174,60522.75725852424,0.0033370411568409346,1.8590569787636888,60522.75725852424,845.6045451452519,0.4353797916357395,324.5,2.167600013450958,4.609046144637572,0.08231368186874305,330.2783333333333,0,40
2915,55.0,0.22629174410556152,0.45258348821112304,60929.615676642024,-0.0033370411568409346,1.7827079877723668,60929.615676642024,406.85841811778664,0.19363498030079693,330.5,1.6897587835722474,7.467169384597618,0.025583982202447165,330.2783333333333,0,40
2916,56.0,0.08416074158504981,0.16832148317009962,61080.785822793274,-0.004449388209121246,1.7319048955563527,61080.785822793274,151.17014615124936,0.1053224717823641,336.5,0.5700191038157363,6.772981001357926,0.011123470522803115,330.2783333333333,0,40
2917,57.0,0.16300627411047153,0.32601254822094305,61374.15384884958,0.004449388209121246,1.662478058893828,61374.15384884958,293.3680260563051,0.17456616996428378,342.5,0.8981843280046551,5.51012120794776,0.011123470522803115,330.2783333333333,0,40
2918,58.0,0.13811383287151316,0.2762276657430263,61622.48533721886,-0.0033370411568409346,2.093040959861116,61622.48533721886,248.33148836928012,0.17251986452474813,348.5,1.313386351388965,9.509448286840348,0.011123470522803115,330.2783333333333,0,40
2919,59.0,0.051131933094994794,0.10226386618998959,61714.404283341326,0.0055617352614015575,1.6810129972838965,61714.404283341326,91.91894612246688,0.050509130129089315,354.5,0.12007926644936523,2.348420237237609,0.002224694104560623,330.2783333333333,0,40
2920,60.0,0.0943537219257724,0.1887074438515448,61884.1238835637,0.002224694104560623,2.112285956056206,61884.1238835637,169.7196002223718,0.09039314860321473,360.5,0.11434445184539614,1.2118700726543712,0.0,330.2783333333333,0,40
2921,61.0,0.11461042223123105,0.2292208444624621,62090.208392885455,0.026696329254727477,1.7808702400188008,62090.208392885455,206.08450932175765,0.10747171655271233,366.5,0.1635329368316909,1.4268592126967017,0.0,330.2783333333333,0,40
2922,62.0,0.1008285194546223,0.2016570389092446,62271.55785587538,-0.024471635150166853,1.7611883640888166,62271.55785587538,181.34946298992145,0.09016818218745684,372.5,0.11761996901644683,1.1665347230391645,0.0,330.2783333333333,0,40
2923,63.0,0.10443535679531983,0.20887071359063966,62459.33262739343,0.047830923248053395,1.8674463612405554,62459.33262739343,187.77477151805215,0.091669493103997,378.5,0.11494525012513382,1.1006353944901253,0.0,330.2783333333333,0,40
2924,64.0,0.12385012576092581,0.24770025152185163,62682.66298545376,-0.05116796440489433,1.8099074704232407,62682.66298545376,223.3303580603315,0.1174593857032352,384.5,0.28563134282189523,2.30626607011497,0.010011123470522803,330.2783333333333,0,40
2925,65.0,0.08230750732421435,0.1646150146484287,62830.69511809714,0.017797552836484983,1.9038745368769996,62830.69511809714,148.03213264337683,0.08549802571411638,390.5,0.1717496622537972,2.0866828292741837,0.0011123470522803114,330.2783333333333,0,40
2926,66.0,0.0853295329284582,0.1706590658569164,62984.0784856676,-0.0055617352614015575,1.7784653640915329,62984.0784856676,153.3833675704591,0.08311053322612091,396.5,0.12591389650665763,1.4756191928558438,0.0,330.2783333333333,0,40
2927,67.0,0.09672305279843836,0.19344610559687672,63158.10154952703,-0.011123470522803115,1.8273014003503774,63158.10154952703,174.02306385943666,0.0947441656508042,402.5,0.13719815063455293,1.418463816691775,0.0,330.2783333333333,0,40
2928,68.0,0.1132036948865692,0.2264073897731384,63361.6417929331,0.010011123470522803,1.8008046244465963,63361.6417929331,203.54024340606702,0.10253358104747493,408.5,0.1696727713917673,1.4988271501365789,0.00778642936596218,330.2783333333333,0,40
2929,69.0,0.07869669108128807,0.15739338216257615,63503.347156793585,-0.01668520578420467,1.8350508378487578,63503.347156793585,141.7053638604848,0.07016181210038056,414.5,0.09279681350772957,1.1791704610791969,0.0,330.2783333333333,0,40
2930,70.0,0.121141351470835,0.24228270294167,63721.185596681054,0.024471635150166853,1.91845383860053,63721.185596681054,217.83843988746958,0.1512784798127922,420.5,1.1183650404733865,9.231901633049182,0.010011123470522803,330.2783333333333,0,40
2931,71.0,0.193771415496956,0.387542830993912,64066.82719970131,-0.015677491601343786,1.590309296239231,64066.82719970131,345.64160302025266,0.1333366335227539,426.49666666666667,0.2166681397254191,1.1181635803698962,0.014557670772676373,330.2783333333333,0,40
2932,1.0,0.23351356742842572,0.46702713485685143,419.08509710647576,-0.0011123470522803114,1.8799459486931198,419.08509710647576,419.08509710647576,0.19434522287310643,6.5,0.2518434180145072,1.078495869802939,0.0389321468298109,288.30611111111114,0,41
2933,2.0,0.392872791057564,0.785745582115128,1155.218196369794,-0.006674082313681869,1.5934128900409976,1155.218196369794,736.1330992633182,0.32017273386489964,12.5,0.37982251416693347,0.9667824364840821,0.22914349276974416,288.30611111111114,0,41
2934,3.0,0.33882273023487536,0.6776454604697507,1796.7274487773052,0.03337041156840934,1.5416539423211317,1796.7274487773052,641.5092524075112,0.27344184028287183,18.5,0.34873657755325493,1.0292596878358993,0.14349276974416017,288.30611111111114,0,41
2935,4.0,1.6213308878509887,3.2426617757019773,4656.530861214474,-0.008888888888888889,1.0980487582980185,4656.530861214474,2859.8034124371684,1.073288475684579,24.5,2.1240900765019597,1.3100904278196777,0.6977777777777778,288.30611111111114,0,41
2936,5.0,0.4522521082486174,0.9045042164972348,5610.790328432894,-0.013348164627363738,1.6674958960600228,5610.790328432894,954.2594672184205,0.386786079002558,30.5,0.6341565926744718,1.402219207181353,0.2803114571746385,288.30611111111114,0,41
2937,6.0,0.9112052943812657,1.8224105887625315,7376.405708487723,0.04611923509561305,1.2997948607670256,7376.405708487723,1765.615380054829,0.659712022670349,36.5,1.5738562263410794,1.7272246287921016,0.4398200224971879,288.30611111111114,0,41
2938,7.0,0.47356284168749524,0.9471256833749905,8388.437286521556,-0.01002227171492205,1.8895416600533275,8388.437286521556,1012.0315780338324,0.3911469919610111,42.49944444444444,0.7831411311849596,1.653721665311223,0.29287305122494434,288.30611111111114,0,41
2939,9.0,0.893627018119432,1.787254036238864,10186.583952011464,-0.0033370411568409346,1.4537877673601447,10186.583952011464,1798.1466654899086,0.6508969534144071,54.5,0.8883154148812712,0.9940561295367516,0.7408231368186874,288.30611111111114,0,41
2940,10.0,1.4578070309262943,2.9156140618525885,12977.881635345248,0.01463963963963964,1.4165732311680785,12977.881635345248,2791.2976833337834,1.0935986251864798,60.5,3.0717132048882596,2.1070780560966873,0.713963963963964,288.30611111111114,0,41
2941,11.0,2.6209888440311495,5.241977688062299,17677.547608702742,0.15034168564920272,1.1946780153467578,17677.547608702742,4699.665973357494,1.4720187549630204,66.5,3.316496867724956,1.265360924857695,0.8747152619589977,288.30611111111114,0,41
2942,12.0,2.088354270645472,4.176708541290944,21434.126697301763,0.5717463848720801,1.6685476103408932,21434.126697301763,3756.579088599021,1.737496607532937,72.5,7.410876453847124,3.548668230298185,0.710789766407119,288.30611111111114,0,41
2943,13.0,0.49554882144637585,0.9910976428927517,22325.33186584764,0.02335928809788654,1.4165683282851345,22325.33186584764,891.2051685458755,0.5191782395677086,78.5,1.9661871452639756,3.9676961384454428,0.2903225806451613,288.30611111111114,0,41
2944,14.0,0.46685554904004034,0.9337110980800807,23168.230784497533,0.16796440489432704,1.6784679528404718,23168.230784497533,842.8989186498948,0.451854669769885,84.5,2.129809870651264,4.562031821257411,0.20912124582869857,288.30611111111114,0,41
2945,15.0,0.6952367378443983,1.3904734756887966,24422.074972411843,0.002224694104560623,1.833148888515719,24422.074972411843,1253.8441879143102,0.6554163586380884,90.5,5.015123886078306,7.213548440532419,0.40378197997775306,288.30611111111114,0,41
2946,16.0,0.5009484901623815,1.001896980324763,25322.817468235233,-0.00778642936596218,1.9621144682699783,25322.817468235233,900.7424958233896,0.5924874987163027,96.5,3.7652353162336207,7.516212525190218,0.17797552836484984,288.30611111111114,0,41
2947,17.0,1.1850078254799143,2.3700156509598287,27454.511395810812,-0.1167964404894327,1.344431327322691,27454.511395810812,2131.6939275755794,1.0192333785783647,102.5,2.1045648544334514,1.7759923683045107,0.7664071190211346,288.30611111111114,0,41
2948,18.0,0.7923734279773027,1.5847468559546054,28879.60746676845,-0.0867630700778643,1.4280361741173058,28879.60746676845,1425.0960709576393,0.6647059529971429,108.5,2.2630316014262117,2.856016521405909,0.5105672969966629,288.30611111111114,0,41
2949,19.0,0.4278393852387524,0.8556787704775048,29652.873183215954,0.3492769744160178,1.4374773292936829,29652.873183215954,773.2657164475022,0.4019968676484178,114.5,1.4088402057193377,3.2929184510050318,0.19243604004449388,288.30611111111114,0,41
2950,20.0,0.3697927250736627,0.7395854501473254,30317.751775665245,-0.3337041156840934,1.5963549918813036,30317.751775665245,664.8785924492913,0.3589152329999766,120.5,1.4700110260904236,3.9752297068515814,0.12569521690767518,288.30611111111114,0,41
2951,21.0,0.3719976471174569,0.7439952942349138,30987.08399623639,0.01668520578420467,1.4835366331305817,30987.08399623639,669.3322205711447,0.3401302449870932,126.5,1.7242704967873215,4.635165061253437,0.054505005561735265,288.30611111111114,0,41
2952,22.0,0.5208515792844004,1.0417031585688008,31924.319858259063,0.15350389321468297,1.6170540499183914,31924.319858259063,937.2358620226732,0.468762661361421,132.5,2.40167246324119,4.611049594091383,0.27808676307007785,288.30611111111114,0,41
2953,23.0,0.7765430086714089,1.5530860173428178,33321.2637616594,-0.8798665183537263,1.2668643752137467,33321.2637616594,1396.9439034003371,0.9133668779645532,138.5,4.3945224647178724,5.659084449471101,0.4827586206896552,288.30611111111114,0,41
2954,24.0,0.6262290469448563,1.2524580938897125,34448.926442472446,-0.05005561735261402,1.7341842287539226,34448.926442472446,1127.6626808130459,0.6497972255280825,144.5,4.237239782119905,6.766277934234856,0.3559510567296997,288.30611111111114,0,41
2955,25.0,0.7512100087647411,1.5024200175294822,35800.186133123985,-0.018909899888765295,1.5385579232279367,35800.186133123985,1351.2596906515391,0.6704367435406465,150.5,2.4160583824571487,3.2162223003791124,0.6273637374860956,288.30611111111114,0,41
2956,26.0,0.4806027654659087,0.9612055309318174,36664.383424927284,0.09899888765294772,1.6564620342076832,36664.383424927284,864.1972918032989,0.5783270307676343,156.5,4.821343498402008,10.031867989207415,0.05784204671857619,288.30611111111114,0,41
2957,27.0,0.5702589147120022,1.1405178294240044,37689.23771805393,-0.042269187986651836,1.7049405700634712,37689.23771805393,1024.8542931266493,0.5543586359961402,162.5,2.9145655007714892,5.110951228607153,0.25695216907675195,288.30611111111114,0,41
2958,28.0,0.4583499001787741,0.9166998003575482,38513.26464569355,-0.041156840934371525,1.8562943998225496,38513.26464569355,824.0269276396139,0.40532091543875487,168.5,1.3647758096885738,2.9775850483577257,0.2135706340378198,288.30611111111114,0,41
2959,29.0,0.46386188588970667,0.9277237717794133,39347.88864389093,0.05116796440489433,1.7330700435371633,39347.88864389093,834.6239981973849,0.41197544673544134,174.5,0.934938962418307,2.0155546098060086,0.25695216907675195,288.30611111111114,0,41
2960,30.0,0.5648159993705456,1.1296319987410912,40364.529990920724,-0.034482758620689655,1.6483860056166464,40364.529990920724,1016.6413470297921,0.47253731665227977,180.5,1.2725687734919284,2.2530678573378444,0.40934371523915464,288.30611111111114,0,41
2961,31.0,0.5785453310987069,1.1570906621974137,41405.674024453896,0.004449388209121246,1.6026040409624072,41405.674024453896,1041.1440335331718,0.6666551647269537,186.5,5.270115901304255,9.109253187292785,0.2335928809788654,288.30611111111114,0,41
2962,32.0,0.7830120216876819,1.5660240433753638,42812.74655498561,-0.012235817575083427,1.78550304372914,42812.74655498561,1407.0725305317173,0.7476279142510545,192.5,3.7319191944221255,4.76610714913221,0.474972191323693,288.30611111111114,0,41
2963,33.0,0.6294941279001972,1.2589882558003944,43944.82558802758,0.25917686318131256,1.8458370154849078,43944.82558802758,1132.0790330419695,0.5743801520446762,198.5,2.3579933414200624,3.7458543883254607,0.5050055617352615,288.30611111111114,0,41
2964,34.0,1.3474577428466488,2.6949154856932975,46371.49864252838,-0.26918798665183535,1.1450398327927684,46371.49864252838,2426.673054500796,1.19477983100295,204.5,5.426958641093928,4.027553865718191,0.8542825361512792,288.30611111111114,0,41
2965,35.0,0.430499313327243,0.860998626654486,47145.435719741086,-0.0033370411568409346,1.75972827800698,47145.435719741086,773.9370772127077,0.4274317249521706,210.5,2.1743368766884665,5.05073250845269,0.16796440489432704,288.30611111111114,0,41
2966,36.0,0.6538952297189662,1.3077904594379324,48321.967044397985,0.01557285873192436,1.737334820070667,48321.967044397985,1176.5313246568985,0.630719989507202,216.5,3.058752369545362,4.677740761100162,0.4794215795328142,288.30611111111114,0,41
2967,37.0,0.48555659673058515,0.9711131934611703,49194.97527978442,0.017797552836484983,1.8132668872871869,49194.97527978442,873.0082353864345,0.48351255284635125,222.5,2.3681414771512705,4.877168785465502,0.27474972191323693,288.30611111111114,0,41
2968,38.0,0.5867641263641593,1.1735282527283186,50249.840588449886,0.028921023359288096,1.8497439086602732,50249.840588449886,1054.8653086654667,0.5847486990743438,228.5,3.6698886148354233,6.254452939336319,0.3348164627363737,288.30611111111114,0,41
2969,39.0,0.44607133737533133,0.8921426747506627,51053.41140314758,-0.07341490545050056,1.9219010556223919,51053.41140314758,803.5708146976904,0.47995168749330164,234.5,3.3549272128682635,7.5210553374905045,0.14349276974416017,288.30611111111114,0,41
2970,40.0,0.24039234564138923,0.48078469128277845,51485.60938579496,-0.004449388209121246,1.8668869492981461,51485.60938579496,432.19798264738347,0.27072811909162886,240.5,1.9035253024681353,7.918410619062566,0.02335928809788654,288.30611111111114,0,41
2971,41.0,0.17991870756252698,0.35983741512505396,51809.17377833444,0.004449388209121246,1.7928697722877367,51809.17377833444,323.5643925394834,0.18277276563665873,246.5,1.1607680431811653,6.451625063934859,0.028921023359288096,288.30611111111114,0,41
2972,42.0,0.2636594320072274,0.5273188640144548,52283.36012618471,0.025583982202447165,2.0080848934286863,52283.36012618471,474.1863478502637,0.32073498680246726,252.5,2.8084923929287378,10.651970125050378,0.035595105672969966,288.30611111111114,0,41
2973,43.0,0.30921681818433255,0.6184336363686651,52839.98738415306,-0.02335928809788654,1.7429169142951537,52839.98738415306,556.62725796835,0.31725744535515255,258.5,1.7117846409834179,5.535871725977649,0.0778642936596218,288.30611111111114,0,41
2974,44.0,0.2009822432647546,0.4019644865295092,53201.38894855622,-0.008898776418242492,2.09125464482294,53201.38894855622,361.4015644031606,0.20528663992692786,264.5,1.2791771464740829,6.364627669067353,0.027808676307007785,288.30611111111114,0,41
2975,45.0,0.09922917254654892,0.19845834509309784,53379.347047211166,0.021229050279329607,1.422937723420243,53379.347047211166,177.95809865494812,0.09628039385622059,270.4977777777778,0.43734846766328495,4.407458577346521,0.01564245810055866,288.30611111111114,0,41
2976,46.0,0.37094735077327085,0.7418947015465417,53567.330748334185,-0.4166666666666667,1.2766101395973173,53567.330748334185,187.98370112301927,0.6307281668665613,276.5,2.0232090003610383,5.454167541953028,0.125,288.30611111111114,0,41
2977,47.0,4.589918638810658,9.179837277621315,61087.423638470274,0.0,1.8881669300818207,61087.423638470274,7520.092890136089,5.260753022554168,282.5,6.8949124808801345,1.5021862092672624,0.8271144278606966,288.30611111111114,0,41
2978,48.0,0.12812639014418556,0.2562527802883711,61317.79488794955,0.0055617352614015575,1.7757430083110517,61317.79488794955,230.37124947927805,0.13953291269057594,288.5,0.6269621961173225,4.893310389934328,0.011123470522803115,288.30611111111114,0,41
2979,49.0,0.2053792873163411,0.4107585746326822,61688.043790406846,0.0,1.8163277213859703,61688.043790406846,370.2489024572933,0.22170108213913212,294.5,0.9892831093229131,4.816859198654938,0.04338153503893215,288.30611111111114,0,41
2980,50.0,0.09536957428956988,0.19073914857913976,61859.613191628945,-0.0055617352614015575,1.9059642666286907,61859.613191628945,171.56940122209926,0.09501543056251367,300.5,0.2421259350659794,2.5388174044985705,0.011123470522803115,288.30611111111114,0,41
2981,51.0,0.08841926968432665,0.1768385393686533,62018.591038521365,0.0011123470522803114,1.8775042359830925,62018.591038521365,158.97784689241962,0.084079752784732,306.5,0.10791570037009084,1.2204997932619224,0.002224694104560623,288.30611111111114,0,41
2982,52.0,0.08597315562310576,0.17194631124621151,62173.17077233169,0.0011123470522803114,1.8548927612827877,62173.17077233169,154.57973381032207,0.08135778073755746,312.5,0.11745417409601415,1.3661726529024567,0.0,288.30611111111114,0,41
2983,53.0,0.13598568545778503,0.27197137091557005,62417.713177794634,0.0033370411568409346,1.8192855094343945,62417.713177794634,244.5424054629475,0.1426945094570448,318.5,0.6564352248347927,4.827237680384928,0.024471635150166853,288.30611111111114,0,41
2984,54.0,0.3269685245738218,0.6539370491476436,63005.504079785074,0.0,1.934159908107472,63005.504079785074,587.79090199044,0.3283692950557673,324.5,1.9727994397397572,6.033606575162391,0.07007786429365963,288.30611111111114,0,41
2985,55.0,0.235697991938674,0.471395983877348,63429.33862405438,0.0055617352614015575,1.704313356438106,63429.33862405438,423.83454426930257,0.22147727702916284,330.5,1.0191427926498506,4.323934982505156,0.0778642936596218,288.30611111111114,0,41
2986,56.0,0.14181533917997724,0.2836306783599545,63684.67195803014,-0.004449388209121246,2.007456355944621,63684.67195803014,255.33333397576644,0.14456150671540963,336.5,0.7048834932704432,4.9704319528924765,0.017797552836484983,288.30611111111114,0,41
2987,57.0,0.1124356909905759,0.2248713819811518,63886.85328825588,-0.002224694104560623,1.9733421315121475,63886.85328825588,202.18133022573602,0.10668980951005054,342.5,0.27485906259547094,2.4445890817579357,0.011123470522803115,288.30611111111114,0,41
2988,58.0,0.13507674802036995,0.2701534960407399,64129.69224256226,-0.002224694104560623,1.9923107752063614,64129.69224256226,242.83895430638222,0.11866487430032052,348.5,0.1937345101040546,1.4342550656819106,0.01668520578420467,288.30611111111114,0,41
2989,59.0,0.06673483292752566,0.13346966585505132,64249.80714533847,0.0033370411568409346,1.8357372480375076,64249.80714533847,120.1149027762076,0.05932234467905291,354.5,0.12484905504990831,1.8708229207001232,0.006674082313681869,288.30611111111114,0,41
2990,60.0,0.07594990699815278,0.15189981399630556,64386.24129353373,-0.0033370411568409346,1.8978823648567886,64386.24129353373,136.43414819525788,0.06983534320491971,360.5,0.09572473537897906,1.2603667227835742,0.0,288.30611111111114,0,41
2991,61.0,0.11305162674806492,0.22610325349612984,64589.77000337864,0.004449388209121246,2.0905616060407777,64589.77000337864,203.52870984491165,0.09972313614805764,366.5,0.16117307246988208,1.4256590294720446,0.006674082313681869,288.30611111111114,0,41
2992,62.0,0.13022997750167084,0.2604599550033417,64823.923502926686,-0.0033370411568409346,2.084512073388386,64823.923502926686,234.15349954804697,0.12170058940570136,372.5,0.19013493500494488,1.4599936101694055,0.008898776418242492,288.30611111111114,0,41
2993,63.0,0.11105325350450718,0.22210650700901435,65023.6092484636,0.00778642936596218,2.074363586433606,65023.6092484636,199.68574553691724,0.09939024316483872,378.5,0.1526418005756206,1.3744919285001005,0.0,288.30611111111114,0,41
2994,64.0,0.11420338235990478,0.22840676471980956,65229.091016875966,-0.012235817575083427,2.046851931756508,65229.091016875966,205.48176841236273,0.11364643843950971,384.5,0.16506642836795443,1.4453725008577938,0.004449388209121246,288.30611111111114,0,41
2995,65.0,0.15600147350450033,0.31200294700900066,65509.58166623698,0.0011123470522803114,1.8659976614137324,65509.58166623698,280.49064936101786,0.14597282784517462,390.5,0.24578896440712306,1.5755554026868377,0.03114571746384872,288.30611111111114,0,41
2996,66.0,0.08499973661193033,0.16999947322386066,65662.4111926654,0.006674082313681869,1.6707762333502196,65662.4111926654,152.829526428417,0.09152056344745303,396.5,0.12523831258272852,1.4733964783268565,0.0,288.30611111111114,0,41
2997,67.0,0.07346856516500956,0.14693713033001912,65794.50767283223,-0.00778642936596218,1.428120107721061,65794.50767283223,132.0964801668306,0.0807135616396924,402.5,0.11237578807666841,1.5295764634068145,0.0,288.30611111111114,0,41
2998,68.0,0.0829476280863068,0.1658952561726136,65943.69424768945,0.002224694104560623,1.5690837816138075,65943.69424768945,149.18657485721633,0.08475803108585941,408.5,0.13976621463758626,1.6849935056872254,0.0,288.30611111111114,0,41
2999,69.0,0.0827027684620937,0.1654055369241874,66092.46626901641,-0.002224694104560623,1.528543346627917,66092.46626901641,148.77202132696402,0.08840472961544288,414.5,0.17229540306763325,2.083308772748082,0.0033370411568409346,288.30611111111114,0,41
3000,70.0,0.0680213957984108,0.1360427915968216,66214.76873866208,0.0,1.350349205376267,66214.76873866208,122.3024696456705,0.07170983162135189,420.5,0.11021331626196838,1.6202742529512064,0.0,288.30611111111114,0,41
3001,71.0,0.04259954767007133,0.08519909534014267,66291.51711089684,0.013348164627363738,1.3044572492384199,66291.51711089684,76.74837223475333,0.041794443434729156,426.5,0.06755827225130853,1.585891774592061,0.0,288.30611111111114,0,41
3002,72.0,0.0847405595205239,0.1694811190410478,66443.84054055222,-0.011123470522803115,1.930029984091477,66443.84054055222,152.32342965538555,0.0820249651304259,432.5,0.12038658040481202,1.4206488732901836,0.0,288.30611111111114,0,41
3003,73.0,0.11092643416479163,0.22185286832958326,66643.35711489017,-0.0011123470522803114,1.9004932820899352,66643.35711489017,199.51657433794753,0.10385120810264034,438.5,0.21148712869638164,1.9065530257846175,0.010011123470522803,288.30611111111114,0,41
3004,74.0,0.11497509637809922,0.22995019275619843,66850.12152328446,0.006674082313681869,1.836900375747148,66850.12152328446,206.76440839428687,0.10594075027217353,444.5,0.21613684669745323,1.8798579301615057,0.011123470522803115,288.30611111111114,0,41
3005,75.0,0.10873942059612102,0.21747884119224203,67045.87467151826,0.0011123470522803114,1.8973379363299225,67045.87467151826,195.75314823380904,0.09185644052571057,450.5,0.13915161086622552,1.279679532072009,0.0,288.30611111111114,0,41
3006,76.0,0.08692558031533314,0.17385116063066627,67202.41551990398,-0.008898776418242492,1.8447004896875898,67202.41551990398,156.54084838571725,0.08553109479389182,456.5,0.1323897461457606,1.523024012787728,0.0,288.30611111111114,0,41
3007,77.0,0.06918317352302196,0.13836634704604392,67326.90177732753,0.0033370411568409346,1.6997779826406305,67326.90177732753,124.48625742354488,0.06735782864840711,462.5,0.09985926868913363,1.4434039897852278,0.0,288.30611111111114,0,41
3008,78.0,0.051979474693652696,0.10395894938730539,67420.54740865332,0.0,1.5347236811755571,67420.54740865332,93.64563132579497,0.05800740402911739,468.5,0.08190433160907072,1.5757052585041265,0.0,288.30611111111114,0,41
3009,79.0,0.05111616281354666,0.10223232562709332,67512.4546117918,-0.0033370411568409346,1.5295719677596147,67512.4546117918,91.90720313848578,0.05712546401737251,474.5,0.08087539461330205,1.5821882974335602,0.0,288.30611111111114,0,41
3010,80.0,0.04740485872677825,0.0948097174535565,67597.68854778266,0.0,1.4749582589829708,67597.68854778266,85.23393599085102,0.05060322759499211,480.5,0.06993181160918233,1.4752034598866752,0.0,288.30611111111114,0,41
3011,81.0,0.037243651866885656,0.07448730373377131,67664.65263383935,0.0,1.3959308526960366,67664.65263383935,66.96408605668694,0.04060217250338364,486.5,0.06271421276214324,1.6838899951673147,0.0,288.30611111111114,0,41
3012,82.0,0.03557032202645224,0.07114064405290448,67728.60807284297,0.0,1.291164925883971,67728.60807284297,63.955439003620995,0.038791170346019484,492.5,0.0640741801673027,1.8013382088487495,0.0,288.30611111111114,0,41
3013,83.0,0.04438733929931582,0.08877467859863164,67807.8440704718,0.016816143497757848,1.4317499114372638,67807.8440704718,79.23599762882804,0.04715596528167142,498.49611111111113,0.07556774998783128,1.7024618096222783,0.0,288.30611111111114,0,41
3014,0.0,2.1765446793883667,4.353089358776733,3913.246772228785,0.006674082313681869,1.4556454698041887,3913.246772228785,3913.246772228785,2.326199482631701,0.5,4.499954469937903,2.067476267568484,0.5394883203559511,456.47277777777776,0,42
3015,1.0,0.8756415804987361,1.7512831609974722,5488.047265257347,0.010011123470522803,1.5568285599874239,5488.047265257347,1574.800493028562,1.0703689717415257,6.5,3.0994660895055337,3.539651563531487,0.1946607341490545,456.47277777777776,0,42
3016,2.0,0.11641907854320137,0.23283815708640274,5695.029786998056,0.09204545454545454,1.409293924836134,5695.029786998056,206.98252174070876,0.12619666716016334,12.489444444444445,0.21054370299140623,1.808498277310077,0.0,456.47277777777776,0,42
3017,3.0,0.10418668804125107,0.20837337608250214,6196.668106351646,-0.08342602892102335,1.334396356260923,6196.668106351646,501.6383193535903,0.13249995242778984,18.5,0.23177429397499472,2.224605641396599,0.0,456.47277777777776,0,42
3018,4.0,0.18245218385755402,0.36490436771510804,6612.241731151647,0.01668520578420467,1.3459932527049965,6612.241731151647,415.5736248000012,0.24542848372453158,24.5,0.3355106760912321,1.8388964658991174,0.004449388209121246,456.47277777777776,0,42
3019,5.0,0.3632530773366839,0.7265061546733678,7359.022754935229,0.09566184649610679,1.4032098591892856,7359.022754935229,746.781023783582,0.39127750056392013,30.5,4.011719024487545,11.043867966379958,0.0778642936596218,456.47277777777776,0,42
3020,6.0,2.659039443880177,5.318078887760354,12248.627836333886,-0.0867630700778643,1.2084248893947953,12248.627836333886,4889.605081398657,2.1065386973354916,36.5,9.799046272100473,3.6851827432094466,0.8253615127919911,456.47277777777776,0,42
3021,7.0,1.3331577195428501,2.6663154390857002,14048.338488551255,0.026825633383010434,1.3910671184099073,14048.338488551255,1799.710652217369,1.2344809313884053,42.373333333333335,6.133714975360455,4.600892216611665,0.43517138599105815,456.47277777777776,0,42
3022,8.0,1.664919334472144,3.329838668944288,17500.0756174562,0.030033370411568408,1.3723302845314915,17500.0756174562,3451.737128904946,1.649872353389424,48.5,16.281301053867168,9.779032963797667,0.13904338153503892,456.47277777777776,0,42
3023,9.0,3.124063250904267,6.248126501808534,21894.081980391966,-0.05660377358490566,0.8637317599544849,21894.081980391966,4394.006362935765,1.7722350722645168,54.5,3.116788291495205,0.9976713149431413,0.89937106918239,456.47277777777776,0,42
3024,10.0,0.23230584283619796,0.4646116856723959,22779.570000003656,-0.06570155902004454,1.4059284809784687,22779.570000003656,885.4880196116901,0.24388592705203466,60.49944444444444,0.33313355928701355,1.434030049437502,0.05679287305122494,456.47277777777776,0,42
3025,11.0,1.828753787023311,3.657507574046622,25887.624888562616,0.09251700680272108,1.2331025299162905,25887.624888562616,3108.0548885589596,1.498143701526638,66.5,4.210935936790934,2.3026259558128572,0.7292517006802721,456.47277777777776,0,42
3026,12.0,0.4471953835084826,0.8943907670169652,26671.27311346419,0.3015695067264574,1.6272909822267303,26671.27311346419,783.6482249015753,0.4807375942461393,72.5,4.574194618759631,10.22862665279027,0.1132286995515695,456.47277777777776,0,42
3027,13.0,0.4800730736671765,0.960146147334353,27534.45831250941,0.64293659621802,1.5868908853476706,27534.45831250941,863.1851990452196,0.6405014683797006,78.5,6.8491472005674385,14.266884722878237,0.04671857619577308,456.47277777777776,0,42
3028,14.0,0.5236343633789449,1.0472687267578897,28475.952897864783,-0.47163515016685204,1.5118734185327363,28475.952897864783,941.4945853553727,0.760940816771731,84.5,6.412232984786669,12.245630602639135,0.12347052280311457,456.47277777777776,0,42
3029,15.0,0.08477434452133306,0.16954868904266612,29218.431358314047,-0.7660626029654036,0.7295063997676706,29218.431358314047,742.4784604492634,0.39465874020796193,90.41166666666666,0.15478897823764456,1.8258941323774276,0.008237232289950576,456.47277777777776,0,42
3030,16.0,0.7530956436633913,1.5061912873267826,30932.924324268908,0.8075639599555061,1.3045485592562207,30932.924324268908,1714.4929659548616,0.6911423133890218,96.5,4.791577814144405,6.362509004614666,0.5094549499443827,456.47277777777776,0,42
3031,17.0,0.7718173156240019,1.5436346312480038,32317.596210857166,-0.7814938684503902,1.6830329892609224,32317.596210857166,1384.6718865882576,0.8342277204568133,102.49888888888889,1.1434403451927628,1.4814909202552804,0.41471571906354515,456.47277777777776,0,42
3032,18.0,0.4871035899026418,0.9742071798052836,33572.53031396718,0.8718861209964412,1.548011860737309,33572.53031396718,1254.9341031100157,0.4792483200771046,108.5,3.240532318558338,6.652655381180887,0.2597864768683274,456.47277777777776,0,42
3033,19.0,0.28658828952033155,0.5731765790406631,34087.8160585248,-0.06117908787541713,1.466599018472614,34087.8160585248,515.2857445576155,0.40572624060916834,114.5,2.930117363013156,10.224135005367286,0.02335928809788654,456.47277777777776,0,42
3034,20.0,0.33409617826278915,0.6681923565255783,34688.71338366524,0.047830923248053395,1.5086851896227647,34688.71338366524,600.8973251404459,0.45427452205035973,120.5,2.238653032901933,6.700624486464737,0.07452725250278086,456.47277777777776,0,42
3035,21.0,0.31385754537008137,0.6277150907401627,35253.10839942684,-0.11123470522803114,1.503053853617564,35253.10839942684,564.3950157615982,0.4078630475087989,126.5,1.839699025404126,5.861573355628162,0.11012235817575083,456.47277777777776,0,42
3036,22.0,0.369933398389834,0.739866796779668,35919.0837528083,-0.11123470522803114,1.4615897235507198,35919.0837528083,665.9753533814583,0.44373832712504935,132.5,3.005013433813522,8.123120126198645,0.09788654060066741,456.47277777777776,0,42
3037,23.0,0.2044618807288445,0.408923761457689,36286.129049810734,-0.6098104793756968,1.649494256818335,36286.129049810734,367.0452970024344,0.32900760917179334,138.4988888888889,0.37073178066064094,1.8132073291074833,0.054626532887402456,456.47277777777776,0,42
3038,24.0,0.30205753994269624,0.6041150798853925,37312.91288763501,-6.6,1.8568382073290561,37312.91288763501,1026.783837824274,0.4151765505586463,144.5,0.31085543231840906,1.0291265444901057,0.0,456.47277777777776,0,42
3039,25.0,0.4454642205013845,0.890928441002769,38448.69809178238,0.028026905829596414,1.2169467552132676,38448.69809178238,1135.7852041473743,0.7426000773030317,150.5,6.466331708423985,14.515939576799047,0.03811659192825112,456.47277777777776,0,42
3040,26.0,0.3702630820297905,0.740526164059581,39115.23051651574,-0.027808676307007785,1.6463886596933042,39115.23051651574,666.5324247333556,0.40114985582237933,156.5,1.350134950516669,3.6464206561323884,0.185761957730812,456.47277777777776,0,42
3041,27.0,0.2583836217501099,0.5167672435002199,39579.80426842241,0.006674082313681869,1.4341490605814666,39579.80426842241,464.57375190667517,0.3752340513750802,162.5,3.1964767865858628,12.371050320198954,0.02335928809788654,456.47277777777776,0,42
3042,28.0,0.36052517507904436,0.7210503501580887,40228.32012255515,0.00778642936596218,1.525226901116592,40228.32012255515,648.5158541327401,0.526852576217859,168.5,4.943531654448102,13.712028995934178,0.02224694104560623,456.47277777777776,0,42
3043,29.0,0.36830416105088487,0.7366083221017697,40890.488576163545,0.06117908787541713,1.4986160516912375,40890.488576163545,662.1684536083922,0.5804823917907879,174.5,5.735145570325552,15.571764255829804,0.011123470522803115,456.47277777777776,0,42
3044,30.0,0.3662939699696352,0.7325879399392704,41549.694437250386,-0.07563959955506118,1.745756305446281,41549.694437250386,659.2058610868407,0.46323984933276596,180.5,3.4311301048683993,9.367148755282079,0.028921023359288096,456.47277777777776,0,42
3045,31.0,0.27472455400157775,0.5494491080031555,42043.64918534514,0.002224694104560623,1.2842566536933115,42043.64918534514,493.95474809475127,0.3767819654142791,186.5,1.9455576519118851,7.08184843172304,0.06117908787541713,456.47277777777776,0,42
3046,32.0,0.31877400590023486,0.6375480118004697,42616.80484795372,0.03114571746384872,1.7499745410495349,42616.80484795372,573.1556626085803,0.41677956876570915,192.5,2.1940475501011125,6.88276807233703,0.042269187986651836,456.47277777777776,0,42
3047,33.0,0.22396604894235914,0.44793209788471827,43019.45570219292,-0.02224694104560623,1.535671280416403,43019.45570219292,402.6508542392039,0.2500138261800788,198.5,0.5170298351501166,2.3085188027011254,0.02224694104560623,456.47277777777776,0,42
3048,34.0,0.28623220763102053,0.5724644152620411,43534.10121151347,-0.004449388209121246,1.6703919592573526,43534.10121151347,514.6455093205514,0.4265908740764709,204.5,3.5215546610048962,12.303139084699028,0.011123470522803115,456.47277777777776,0,42
3049,35.0,0.17605932258629964,0.3521186451725993,43849.59575864548,0.030133928571428572,1.679907714295523,43849.59575864548,315.49454713200976,0.1886701977336884,210.49833333333333,0.26079138965403037,1.4812699823163145,0.005580357142857143,456.47277777777776,0,42
3050,36.0,0.17749850247449564,0.3549970049489913,44037.880734492384,-9.0,2.4839673066542542,44037.880734492384,188.28497584690194,0.07790314589956497,216.5,0.06733373631732444,0.3793481938079983,0.0,456.47277777777776,0,42
3051,37.0,0.22131417214214918,0.44262834428429837,44435.78705748467,0.006674082313681869,1.5331570091522224,44435.78705748467,397.9063229922831,0.319666700001429,222.5,1.6736994543950205,7.562549827672176,0.012235817575083427,456.47277777777776,0,42
3052,38.0,0.5221628673090734,1.0443257346181467,45374.635892906284,-0.01557285873192436,1.4891550268855813,45374.635892906284,938.848835421617,0.7453892302491087,228.5,6.211589607077653,11.89588535678266,0.1446051167964405,456.47277777777776,0,42
3053,39.0,0.4671993469640851,0.9343986939281702,46214.706579584854,0.013348164627363738,1.5046122182466048,46214.706579584854,840.0706866785695,0.5126006002252961,234.5,2.414917711058225,5.168923558542273,0.22803114571746386,456.47277777777776,0,42
3054,40.0,0.3427207196645245,0.685441439329049,46831.30397937461,-0.021134593993325918,1.4218315923022484,46831.30397937461,616.5973997897527,0.4146816679392167,240.5,2.088006718929048,6.092443786220201,0.09454949944382647,456.47277777777776,0,42
3055,41.0,0.19249953299978406,0.3849990659995681,47175.86180607196,0.0335195530726257,1.6567659885226589,47175.86180607196,344.55782669735345,0.19869832291421863,246.49777777777777,0.24978268543726428,1.297575539767904,0.00558659217877095,456.47277777777776,0,42
3056,43.0,0.16966415779829952,0.33932831559659904,47397.998330959796,-5.0,1.8610969307989862,47397.998330959796,222.13652488783555,0.10839309760294369,258.5,0.11453546881998147,0.6750716845931818,0.0,456.47277777777776,0,42
3057,44.0,0.604011244461376,1.208022488922752,48484.71631781304,-0.018909899888765295,1.6146293972692092,48484.71631781304,1086.7179868532476,0.6616126427066549,264.5,3.2078023437580683,5.310832162766457,0.2992213570634038,456.47277777777776,0,42
3058,45.0,0.28018837520266904,0.5603767504053381,48988.531336219436,-0.002224694104560623,1.7591593151532094,48988.531336219436,503.8150184063925,0.3352522977286952,270.5,1.658224061680452,5.918247180958192,0.017797552836484983,456.47277777777776,0,42
3059,46.0,0.2279529083318784,0.4559058166637568,49398.303239748384,0.00778642936596218,1.5407473482016816,49398.303239748384,409.7719035289483,0.2618964442135135,276.5,0.8701562629107131,3.8172632640591098,0.014460511679644048,456.47277777777776,0,42
3060,47.0,0.345729106291345,0.69145821258269,50020.29147600534,0.01557285873192436,1.6633335028702365,50020.29147600534,621.9882362569551,0.5347876429962172,282.5,5.4510021715553485,15.766685744305843,0.012235817575083427,456.47277777777776,0,42
3061,48.0,0.2525394545658571,0.5050789091317142,50474.29086761109,-0.024471635150166853,1.6399844029230888,50474.29086761109,453.99939160575013,0.3813014900004505,288.5,3.4674126495405404,13.73018190564085,0.01668520578420467,456.47277777777776,0,42
3062,49.0,0.26751976548120465,0.5350395309624093,50955.29140594629,0.0,1.326153309040635,50955.29140594629,481.0005383352036,0.3911200502364572,294.5,2.9525306942934906,11.036682425997899,0.012235817575083427,456.47277777777776,0,42
3063,50.0,0.3120842164211335,0.624168432842267,51516.43223324246,0.0,1.529710382568084,51516.43223324246,561.1408272961708,0.4220897819798374,300.5,3.5373873942691607,11.334720591879373,0.024471635150166853,456.47277777777776,0,42
3064,51.0,0.41867828794615214,0.8373565758923043,52269.21579496963,0.0,1.4541493992286025,52269.21579496963,752.783561727163,0.6860038459073319,306.5,6.910095184391861,16.50454629087572,0.041156840934371525,456.47277777777776,0,42
3065,52.0,0.09218218402138231,0.18436436804276463,52623.43100014058,0.0,1.1748786055694966,52623.43100014058,354.2152051709563,0.09984858339919318,312.5,0.16496063553759144,1.7895066957767853,0.0,456.47277777777776,0,42
3066,53.0,0.23959989829603526,0.4791997965920705,53054.23161727687,0.0,1.583385837873268,53054.23161727687,430.80061713628675,0.30468889620959716,318.5,2.127542917333704,8.879565193742444,0.013348164627363738,456.47277777777776,0,42
3067,54.0,0.4190235026441611,0.8380470052883222,53807.63587503106,0.0,1.089076010042205,53807.63587503106,753.4042577541913,0.5450189260547158,324.5,4.3927183240685315,10.483226588363639,0.04671857619577308,456.47277777777776,0,42
3068,55.0,0.10679163226437631,0.21358326452875262,53999.64939486316,0.00778642936596218,1.0438857858450283,53999.64939486316,192.01351983210043,0.11949228829142917,330.5,0.5253633621490367,4.919518046586577,0.020022246941045607,456.47277777777776,0,42
3069,56.0,0.07138882995198684,0.14277765990397367,54128.04161929461,-0.00778642936596218,0.8907112485786486,54128.04161929461,128.39222443144536,0.08163412857747882,336.5,0.20661124554921886,2.8941676966575445,0.008898776418242492,456.47277777777776,0,42
3070,57.0,0.18822129176358604,0.3764425835271721,54466.46350188554,0.0,1.2474996386399195,54466.46350188554,338.4218825909338,0.2803265829944363,342.5,2.10945252343038,11.207300213835225,0.026696329254727477,456.47277777777776,0,42
3071,58.0,0.3528665611777665,0.705733122355533,55101.07488329087,0.0,0.9651066156729983,55101.07488329087,634.6113814053315,0.45936964134852165,348.5,2.1663000934458774,6.139148142049488,0.06340378197997776,456.47277777777776,0,42
3072,59.0,0.12155977945088217,0.24311955890176434,55319.63936674363,0.02224694104560623,1.1996384433363707,55319.63936674363,218.56448345275567,0.11577793880584897,354.5,0.9730259847950327,8.00450600676021,0.012235817575083427,456.47277777777776,0,42
3073,60.0,5.307808513345287,10.615617026690574,64889.16487668417,-0.02224694104560623,1.5409312135337754,64889.16487668417,9569.52550994054,5.484453810196911,360.5,7.7646695741692335,1.462876732392799,0.8576195773081201,456.47277777777776,0,42
3074,61.0,0.10621400856176988,0.21242801712353976,65080.13766407817,0.025583982202447165,1.2290003762143435,65080.13766407817,190.97278739399917,0.14146981899243377,366.5,0.43675828608422446,4.11205915300921,0.011123470522803115,456.47277777777776,0,42
3075,62.0,0.09267320269556317,0.18534640539112635,65246.764082524736,-0.025583982202447165,1.3310883969803613,65246.764082524736,166.626418446569,0.1154825152028166,372.5,0.27404639605335174,2.957126635124611,0.011123470522803115,456.47277777777776,0,42
3076,63.0,0.10587190112857907,0.21174380225715814,65437.10277658881,0.0,1.2702993918051209,65437.10277658881,190.3386940640703,0.12312439992110402,378.5,0.22000081067792715,2.0779905558769656,0.0011123470522803114,456.47277777777776,0,42
3077,64.0,0.07171939521318316,0.1434387904263663,65566.05424918202,0.0,1.020517589485121,65566.05424918202,128.95147259321675,0.08903171442122133,384.5,0.14863061664725666,2.0723908254588292,0.0,456.47277777777776,0,42
3078,65.0,0.2021997757432301,0.4043995514864602,65929.69184629974,0.0,1.124371093364982,65929.69184629974,363.63759711771854,0.22009150335433375,390.5,2.777528789470341,13.7365572205059,0.012235817575083427,456.47277777777776,0,42
3079,66.0,0.12832921422999782,0.25665842845999565,66160.42777348516,0.0,1.269830341049322,66160.42777348516,230.73592718542204,0.16165402907598422,396.5,0.6585326518795628,5.131587969511827,0.020022246941045607,456.47277777777776,0,42
3080,67.0,0.12248381712818827,0.24496763425637655,66368.48160405426,0.0,0.9461121394622498,66368.48160405426,208.05383056910068,0.1430129665167948,402.5,0.516971482017573,4.220732943655117,0.04332129963898917,456.47277777777776,0,42
3081,68.0,0.11721507460947961,0.23443014921895922,66579.2343082022,0.002224694104560623,1.0388828001702994,66579.2343082022,210.7527041479334,0.12625354863720586,408.5,0.29036411486884794,2.4771908889384875,0.012235817575083427,456.47277777777776,0,42
3082,69.0,0.07465383064898659,0.14930766129797318,66817.79085387447,-0.0025380710659898475,0.9448582421427192,66817.79085387447,238.55654567226884,0.07912113343342612,414.5,0.1434461836847673,1.9214845700180363,0.0012690355329949238,456.47277777777776,0,42
3083,70.0,0.23009865127043505,0.4601973025408701,67228.7904104375,0.06159014557670773,1.0391878489338984,67228.7904104375,410.9995565630379,0.21653737161976241,420.49666666666667,0.6258109584483005,2.7197506590891947,0.09070548712206047,456.47277777777776,0,42
3084,71.0,0.20008348294522774,0.4001669658904555,67545.45729882273,-0.10054844606946983,1.0893500342854936,67545.45729882273,316.6668883852253,0.26290707897484855,426.5,1.1842609127556845,5.9188339553239,0.04204753199268738,456.47277777777776,0,42
3085,72.0,0.06363005552652981,0.12726011105305962,67659.8641386595,0.0055617352614015575,1.2194679384841876,67659.8641386595,114.40683983676718,0.08709789712802786,432.5,0.2535311593450024,3.984456044349915,0.011123470522803115,456.47277777777776,0,42
3086,73.0,0.09471568419101754,0.1894313683820351,67830.75307917832,-0.0055617352614015575,1.0806853770094706,67830.75307917832,170.8889405188238,0.10807680144264727,438.5,0.21012550555945428,2.2184869101054514,0.0,456.47277777777776,0,42
3087,74.0,0.09088507279473315,0.1817701455894663,67994.16444006325,0.0,0.9947753598023155,67994.16444006325,163.4113608849293,0.12453086731366077,444.5,0.35917053824970624,3.951920015082173,0.011123470522803115,456.47277777777776,0,42
3088,75.0,0.09256527878117854,0.18513055756235708,68160.59681131193,0.0,1.1668216597664998,68160.59681131193,166.43237124868028,0.1180134663359983,450.5,0.18182839277229904,1.9643260968525331,0.0,456.47277777777776,0,42
3089,76.0,0.02915191146702645,0.0583038229340529,68213.04339659603,0.0,0.8756152940789176,68213.04339659603,52.44658528409491,0.03907547138352235,456.5,0.06608969588896077,2.267079329042091,0.0,456.47277777777776,0,42
3090,77.0,0.027063011217818643,0.054126022435637286,68261.70269076564,0.004449388209121246,0.8878830178975151,68261.70269076564,48.65929416961444,0.03432332946503125,462.5,0.06532726827446891,2.413895029960915,0.0,456.47277777777776,0,42
3091,78.0,0.029884208109012468,0.059768416218024936,68315.4344969457,-0.004449388209121246,0.868521697739618,68315.4344969457,53.73180618006154,0.03946267230953234,468.5,0.07683790172472116,2.5711874795018717,0.0,456.47277777777776,0,42
3092,79.0,0.027874242174437784,0.05574848434887557,68365.5523843753,0.002224694104560623,0.8242795735978933,68365.5523843753,50.11788742960198,0.034698082248619935,474.5,0.06322342237809084,2.2681665023370643,0.0,456.47277777777776,0,42
3093,80.0,0.029378485619566963,0.058756971239133926,68418.73951123263,-0.002224694104560623,0.918571567933962,68418.73951123263,53.18712685733044,0.035769829946844016,480.5,0.06614318320423289,2.25141568087429,0.0,456.47277777777776,0,42
3094,81.0,0.028745803469990446,0.05749160693998089,68470.42446587169,0.002224694104560623,0.9298371257210917,68470.42446587169,51.68495463905856,0.0348853464379638,486.5,0.06319501203176552,2.1984082684534725,0.0,456.47277777777776,0,42
3095,82.0,0.03139657175589774,0.06279314351179548,68526.87550188875,-0.002224694104560623,0.9217093421288335,68526.87550188875,56.45103601705341,0.04009557450933206,492.5,0.07232101501197458,2.3034685307127307,0.0,456.47277777777776,0,42
3096,83.0,0.028894024255811356,0.05778804851162271,68578.42244116109,0.017937219730941704,0.9096374017501523,68578.42244116109,51.54693927234621,0.035404735390562526,498.49611111111113,0.06781446987199359,2.3470067468485043,0.0,456.47277777777776,0,42
3097,0.0,0.3883682180498931,0.7767364360997862,5.523312678690086,1.5,0.6808101543204284,5.523312678690086,5.523312678690086,0.43910363631768834,0.25166666666666665,0.34927463466720843,0.8993388707783952,0.0,384.0838888888889,0,43
3098,1.0,0.6058263211312804,1.2116526422625609,1310.1258583181088,0.0033370411568409346,1.7778758987495473,1310.1258583181088,1304.6025456394188,0.7040156081754478,6.5,6.090217075086833,10.052744264584543,0.2324805339265851,384.0838888888889,0,43
3099,2.0,0.07231025652191439,0.14462051304382878,1617.9799080221928,0.10850439882697947,1.448439517980812,1617.9799080221928,307.854049704084,0.46719569717702397,12.19,0.12473620707300699,1.7250140308270703,0.01466275659824047,384.0838888888889,0,43
3100,3.0,0.9916406311823039,1.9832812623646079,3606.5343706124654,0.0389321468298109,1.3244230273981006,3606.5343706124654,1988.5544625902726,0.631041226551655,18.5,0.9438914709742755,0.9518483221576969,0.7975528364849833,384.0838888888889,0,43
3101,4.0,0.805669486533676,1.611338973067352,5219.5799045924105,-0.08565072302558398,1.3267283225823774,5219.5799045924105,1613.045533979945,0.5405312982402954,24.5,0.9567396070969701,1.1875088024163114,0.5539488320355951,384.0838888888889,0,43
3102,5.0,1.0955420916848582,2.1910841833697163,7500.6391771965855,-0.011862396204033215,1.357070289436566,7500.6391771965855,2281.059272604175,0.7366216451071933,30.499444444444446,1.3936383801314018,1.2720993476280722,0.6927639383155397,384.0838888888889,0,43
3103,6.0,1.2102243715261558,2.4204487430523116,9277.885035524887,0.1952,1.2424999530047474,9277.885035524887,1777.2458583283014,0.791700817434727,36.5,1.2763142504073153,1.0546096082975231,0.7424,384.0838888888889,0,43
3104,7.0,1.4894556035103934,2.978911207020787,11979.494426065503,-0.1084788029925187,1.2742384551673103,11979.494426065503,2701.609390540616,0.8921194425066408,42.5,1.389697622586398,0.9330238640957925,0.8354114713216958,384.0838888888889,0,43
3105,8.0,0.5862252265405687,1.1724504530811375,12871.87737497717,-0.04353932584269663,1.4333759873175342,12871.87737497717,892.382948911667,0.4258890064433269,48.5,0.6962888186986469,1.18774966885609,0.3904494382022472,384.0838888888889,0,43
3106,9.0,1.538058566778629,3.076117133557258,15899.287352448915,0.09500609013398295,1.2260329190783872,15899.287352448915,3027.409977471745,1.0696750413260931,54.5,1.860356615451536,1.2095486190411726,0.8611449451887941,384.0838888888889,0,43
3107,10.0,0.4527284598462478,0.9054569196924956,16855.477024415588,-0.06674082313681869,1.423629275562169,16855.477024415588,956.1896719666729,0.3606811610912005,60.5,0.42137373914754045,0.930742766404931,0.38598442714126807,384.0838888888889,0,43
3108,11.0,0.40904329042677867,0.8180865808535573,17660.792478765532,0.03114571746384872,1.4716784250643766,17660.792478765532,805.315454349944,0.3438750573352514,66.5,1.7830773864125729,4.35914102038487,0.1946607341490545,384.0838888888889,0,43
3109,12.0,1.102382316097861,2.204764632195722,19565.35714486497,0.5941520467836258,1.2801579678342674,19565.35714486497,1904.564666099439,0.9266387362045901,72.5,2.7654187258998726,2.5085840778802733,0.7450292397660818,384.0838888888889,0,43
3110,13.0,1.0090861530556727,2.0181723061113455,21381.259487104646,0.12903225806451613,1.4443730272042556,21381.259487104646,1815.902342239675,0.8283920385158174,78.5,3.231198318739265,3.202103516091946,0.7308120133481646,384.0838888888889,0,43
3111,14.0,1.0136496299249302,2.0272992598498605,23093.440356413364,0.21770334928229665,1.2827281930461458,23093.440356413364,1712.1808693087187,0.8857212826027955,84.5,3.7954670072957573,3.7443579075511972,0.777511961722488,384.0838888888889,0,43
3112,15.0,1.2224296503235523,2.4448593006471047,25291.726054099072,-0.20022246941045607,1.3252813399688341,25291.726054099072,2198.2856976857074,0.9684270067227518,90.5,2.522026564520572,2.0631261388768203,0.8020022246941045,384.0838888888889,0,43
3113,16.0,0.7989760248225247,1.5979520496450494,26467.88648139584,-0.17310443490701002,1.328902396964438,26467.88648139584,1176.160427296767,0.7210746874866737,96.5,3.2309447092471806,4.043856897914885,0.6223175965665236,384.0838888888889,0,43
3114,17.0,1.3603080007552544,2.7206160015105088,28918.48731585155,0.28809788654060065,1.1592592628819438,28918.48731585155,2450.600834455712,0.9462697516354684,102.5,2.1257600112533646,1.562704924232692,0.7775305895439377,384.0838888888889,0,43
3115,18.0,0.6605555694958213,1.3211111389916426,30106.73430140188,0.08342602892102335,1.3726906864494817,30106.73430140188,1188.2469855503296,0.592008647122079,108.5,3.9258225500007136,5.943213154643681,0.43937708565072303,384.0838888888889,0,43
3116,19.0,0.6271509521399584,1.2543019042799168,31234.655924081195,-0.05005561735261402,1.6096976463466923,31234.655924081195,1127.9216226793142,0.6072356019603504,114.5,2.7154303797608192,4.329787542369591,0.45272525027808674,384.0838888888889,0,43
3117,20.0,0.5352632715203405,1.070526543040681,32197.176468086767,0.08231368186874305,1.3915746037958017,32197.176468086767,962.5205440055724,0.4864287859099486,120.5,1.0193334530346072,1.9043590458566924,0.4649610678531702,384.0838888888889,0,43
3118,21.0,0.658361766915082,1.316723533830164,33380.953729253284,-0.01668520578420467,1.5634581776633014,33380.953729253284,1183.7772611665168,0.5384350405599392,126.5,2.025775741081833,3.076994811794904,0.5317018909899889,384.0838888888889,0,43
3119,22.0,0.6649308427304542,1.3298616854609084,34577.65058837058,-0.1557285873192436,1.4217163073140975,34577.65058837058,1196.696859117299,0.6106045626321376,132.5,2.6808994097740966,4.0318469794021325,0.48164627363737483,384.0838888888889,0,43
3120,23.0,0.45832088964298173,0.9166417792859635,35401.74956231212,-0.8420467185761957,1.6768591038174177,35401.74956231212,824.0989739415381,0.4871132889247514,138.5,1.358525642759304,2.964136423756628,0.27363737486095663,384.0838888888889,0,43
3121,24.0,0.3938029852170791,0.7876059704341583,36079.728682372064,0.029005524861878452,1.476123216446984,36079.728682372064,677.9791200599429,0.39783606348933676,144.5,2.1596417122338414,5.484066381679065,0.07596685082872928,384.0838888888889,0,43
3122,25.0,0.7586205887563949,1.5172411775127899,37443.345973519725,0.018909899888765295,1.5569271617384763,37443.345973519725,1363.6172911476606,0.7607988921730648,150.5,4.312640713267107,5.684845332680476,0.2803114571746385,384.0838888888889,0,43
3123,26.0,0.4100813628036815,0.820162725607363,38180.49210925965,-0.041156840934371525,1.7344285339902032,38180.49210925965,737.1461357399239,0.3601001651463186,156.5,1.7445680951877482,4.254199906234038,0.18687430478309233,384.0838888888889,0,43
3124,27.0,0.8155339032314487,1.6310678064628974,39646.899892180765,-0.00778642936596218,1.5083309962189513,39646.899892180765,1466.4077829211164,0.7753588960368231,162.5,4.331618316388113,5.311389629817509,0.5795328142380423,384.0838888888889,0,43
3125,28.0,0.2631697281715917,0.5263394563431834,40120.112129091336,0.021134593993325918,1.668615416400235,40120.112129091336,473.21223691057094,0.20833926461268493,168.5,0.2444226888267284,0.9287644537420359,0.06229143492769744,384.0838888888889,0,43
3126,29.0,0.6074007856105067,1.2148015712210134,41212.53063322877,0.0033370411568409346,1.4479779185075015,41212.53063322877,1092.4185041374367,0.6355264533533399,174.5,3.769006228455061,6.205138876576826,0.27919911012235815,384.0838888888889,0,43
3127,30.0,1.3023625939613208,2.6047251879226416,43554.52621855542,-0.012235817575083427,1.7372369906598046,43554.52621855542,2341.995585326644,1.2748774808435506,180.5,3.8528202293024414,2.958331456360046,0.35372636262513907,384.0838888888889,0,43
3128,31.0,0.33899183765790114,0.6779836753158023,44164.11877129334,0.026696329254727477,1.818817640354064,44164.11877129334,609.5925527379222,0.36486174775395797,186.5,2.6353108806337677,7.773965588201662,0.1067853170189099,384.0838888888889,0,43
3129,32.0,0.4436828220439789,0.8873656440879578,44961.431651315674,-0.041156840934371525,1.8107454261829576,44961.431651315674,797.3128800223349,0.374905481111889,192.5,1.180921004860173,2.661633370027378,0.3136818687430478,384.0838888888889,0,43
3130,33.0,0.425367218681359,0.850734437362718,45726.08925057362,0.04004449388209121,1.5666985732813719,45726.08925057362,764.6575992579455,0.4420830718066436,198.5,2.2915399437884862,5.387203910287854,0.09788654060066741,384.0838888888889,0,43
3131,34.0,0.4926701546041263,0.9853403092082526,46612.87202246132,-0.02224694104560623,1.9590412188704596,46612.87202246132,886.7827718877015,0.4599522352343365,204.5,1.3159979806005804,2.671154256660869,0.26362625139043383,384.0838888888889,0,43
3132,35.0,0.4113458906721025,0.822691781344205,47352.61008556524,0.030033370411568408,1.910283830890919,47352.61008556524,739.7380631039196,0.455171871722011,210.5,3.4647836479970255,8.423041840373994,0.10233592880978866,384.0838888888889,0,43
3133,36.0,0.3964279000890967,0.7928558001781933,48065.428104017534,-0.020022246941045607,1.7245640687603023,48065.428104017534,712.8180184522935,0.3758674351161012,216.5,1.9004929545907074,4.794044400415748,0.18798665183537264,384.0838888888889,0,43
3134,37.0,0.3947973744362501,0.7895947488725003,48775.44977461011,0.024471635150166853,1.6794190502262634,48775.44977461011,710.0216705925777,0.35158318833834207,222.5,1.2750127760022636,3.2295371209672172,0.1646273637374861,384.0838888888889,0,43
3135,38.0,0.5323915902389743,1.0647831804779486,49733.74469934543,-0.004449388209121246,1.5319755807165796,49733.74469934543,958.2949247353172,0.4210515192155205,228.5,1.8847456799121816,3.5401492331352884,0.3025583982202447,384.0838888888889,0,43
3136,39.0,0.36537786002977063,0.7307557200595413,50391.316778325614,0.0,1.5410903595923753,50391.316778325614,657.5720789801853,0.3550134267925587,234.5,1.9142368156485576,5.239060778046561,0.10789766407119021,384.0838888888889,0,43
3137,40.0,0.45242921392930385,0.9048584278586077,51205.47091524682,-0.027808676307007785,1.684860796358431,51205.47091524682,814.1541369212064,0.39426388640381566,240.5,1.4196287743958897,3.13779201406238,0.21023359288097887,384.0838888888889,0,43
3138,41.0,0.7564141000576277,1.5128282001152553,52566.619730348015,-0.02224694104560623,1.575505322006073,52566.619730348015,1361.1488151011945,0.7073371767607597,246.5,2.7533606022785766,3.640017553967874,0.5828698553948832,384.0838888888889,0,43
3139,42.0,0.2944815465203179,0.5889630930406358,53096.11728058422,0.012235817575083427,1.854967720711236,53096.11728058422,529.4975502362067,0.34471732208701694,252.5,2.6361411365666276,8.95180417148735,0.054505005561735265,384.0838888888889,0,43
3140,43.0,0.1834622321329512,0.3669244642659024,53424.53983877018,0.008938547486033519,1.6185249586012025,53424.53983877018,328.4225581859573,0.1454084158997171,258.4977777777778,0.18976639609023316,1.034362189339948,0.01005586592178771,384.0838888888889,0,43
3141,44.0,0.12665807255056846,0.2533161451011369,53555.94030947695,-8.0,0.8650807484897012,53555.94030947695,131.40047070677247,0.18950828278775722,264.5,0.1565311527517313,1.2358561092838038,0.0,384.0838888888889,0,43
3142,45.0,0.08351911540568414,0.1670382308113683,53824.59492304314,-0.00631911532385466,1.2149047414756535,53824.59492304314,268.654613566192,0.08011781550369429,270.5,0.12243545949611949,1.4659573308625677,0.0,384.0838888888889,0,43
3143,46.0,0.17652019277416978,0.35304038554833955,54141.97822965106,0.006674082313681869,1.618389128702165,54141.97822965106,317.3833066079169,0.22649979961393646,276.5,1.9693941133609234,11.156763894318074,0.012235817575083427,384.0838888888889,0,43
3144,47.0,0.1612364404550105,0.322472880910021,54431.967918837625,-0.0055617352614015575,1.6738957920551285,54431.967918837625,289.98968918656465,0.16234208850048285,282.5,0.7536123535394287,4.67395801726166,0.027808676307007785,384.0838888888889,0,43
3145,48.0,0.08938193762711223,0.17876387525422446,54592.675828248066,0.0,1.79643146799301,54592.675828248066,160.70790941044106,0.10419656758303575,288.5,0.5133511251515088,5.743342992777032,0.011123470522803115,384.0838888888889,0,43
3146,49.0,0.09512400094296773,0.19024800188593546,54763.90036650362,0.010011123470522803,1.7290856543967024,54763.90036650362,171.22453825555567,0.10686121421993872,294.5,0.3168665518922933,3.331089406997009,0.011123470522803115,384.0838888888889,0,43
3147,50.0,0.09656589248418694,0.19313178496837388,54937.58877764623,-0.010011123470522803,2.054005920212324,54937.58877764623,173.68841114261159,0.09733812195726212,300.5,0.31086157020335503,3.219165299531197,0.011123470522803115,384.0838888888889,0,43
3148,51.0,0.08268851558786346,0.1653770311757269,55086.341592731034,-0.0011123470522803114,2.039024027310214,55086.341592731034,148.7528150848011,0.0887873356028571,306.5,0.16377778668344692,1.9806594122423125,0.004449388209121246,384.0838888888889,0,43
3149,52.0,0.06587368515359392,0.13174737030718783,55204.78247863709,0.0,1.8375478100471194,55204.78247863709,118.44088590605679,0.06916258694821706,312.5,0.09905564160157633,1.5037209679497046,0.0,384.0838888888889,0,43
3150,53.0,0.07546444307842974,0.15092888615685948,55340.50057850477,0.0,1.8341313535258876,55340.50057850477,135.71809986767767,0.083022085802364,318.5,0.143851635993923,1.906217420095698,0.0,384.0838888888889,0,43
3151,54.0,0.09636671208938676,0.1927334241787735,55513.78074926458,0.0,1.918705607883479,55513.78074926458,173.28017075981188,0.1034934920127928,324.5,0.415384464193617,4.310455915610355,0.008898776418242492,384.0838888888889,0,43
3152,55.0,0.09094855225891949,0.18189710451783897,55677.299866220805,0.0,1.5149709141454022,55677.299866220805,163.51911695622402,0.0964556766411916,330.5,0.15703959971822692,1.726686085900018,0.002224694104560623,384.0838888888889,0,43
3153,56.0,0.06772912866301761,0.13545825732603523,55799.09665392293,0.0,1.6218611603271238,55799.09665392293,121.79678770212195,0.07318079315731789,336.5,0.13042185080980373,1.9256389884876588,0.0,384.0838888888889,0,43
3154,57.0,0.06664193327601232,0.13328386655202465,55918.918849953276,0.0011123470522803114,1.5174586733359146,55918.918849953276,119.822196030349,0.06471124938344795,342.5,0.0922951114811722,1.3849404863288037,0.0,384.0838888888889,0,43
3155,58.0,0.05797823847487855,0.1159564769497571,56023.20794129687,0.002224694104560623,1.533639552545916,56023.20794129687,104.28909134359128,0.0603660456976599,348.5,0.12714509912310767,2.1929796845793876,0.0,384.0838888888889,0,43
3156,59.0,0.05218801903924588,0.10437603807849176,56117.05347939791,-0.002224694104560623,1.5338670335367555,56117.05347939791,93.84553810104262,0.05563276806139765,354.5,0.08838992223675794,1.6936822639366307,0.0,384.0838888888889,0,43
3157,60.0,1.1036172549282735,2.207234509856547,58101.357303758974,0.01668520578420467,1.9276240644744937,58101.357303758974,1984.3038243610645,1.2173024478783314,360.5,2.5754964113522183,2.3336862484264125,0.44048943270300334,384.0838888888889,0,43
3158,61.0,0.6962723166311333,1.3925446332622666,59353.252319137006,-0.011123470522803115,1.742268400973333,59353.252319137006,1251.8950153780315,0.7247867867259357,366.5,2.1286930907476003,3.0572708980404943,0.21468298109010012,384.0838888888889,0,43
3159,62.0,0.19638999149614877,0.39277998299229755,59706.42141490233,-0.004449388209121246,1.872362218701567,59706.42141490233,353.16909576532635,0.22764727490575037,372.5,0.9419910940737677,4.796533096709464,0.060066740823136816,384.0838888888889,0,43
3160,63.0,0.05536743320968562,0.11073486641937123,59805.9720598133,-0.0011123470522803114,1.7103243599327664,59805.9720598133,99.5506449109671,0.05201467095035594,378.5,0.0706171802252684,1.275428101530903,0.0011123470522803114,384.0838888888889,0,43
3161,64.0,0.038313681435225067,0.07662736287045013,59874.8600590339,0.002224694104560623,1.6281366161433524,59874.8600590339,68.88799922059843,0.04147144238693955,384.5,0.05687677166834434,1.4845029122169562,0.0,384.0838888888889,0,43
3162,65.0,0.04047071548472276,0.08094143096944552,59947.664764731366,-0.002224694104560623,1.5228890546619036,59947.664764731366,72.80470569746831,0.04387555027669422,390.5,0.07166936896395541,1.7708945370884237,0.0,384.0838888888889,0,43
3163,66.0,0.04031135065772551,0.08062270131545102,60020.16613528068,-0.0011123470522803114,1.4642350343873562,60020.16613528068,72.5013705493111,0.043827955343408054,396.5,0.06510720802099101,1.6151085726152288,0.0,384.0838888888889,0,43
3164,67.0,0.0331793938957966,0.0663587877915932,60079.86401081997,0.0011123470522803114,1.398501212568519,60079.86401081997,59.697875539292,0.03500505078095212,402.5,0.05034674380439589,1.5174099913493047,0.0,384.0838888888889,0,43
3165,68.0,0.033346396827008344,0.06669279365401669,60139.820832314916,0.0,1.352753275020502,60139.820832314916,59.95682149494678,0.03923958231420345,408.5,0.057647119923480226,1.72873609771206,0.0,384.0838888888889,0,43
3166,69.0,0.03714701339922735,0.0742940267984547,60206.653344041915,0.0,1.3337710457284209,60206.653344041915,66.83251172699966,0.040533377532354004,414.5,0.057652379074612244,1.5520057684048267,0.0,384.0838888888889,0,43
3167,70.0,0.03659626288422735,0.0731925257684547,60272.45342470767,0.0011123470522803114,1.2562437247202372,60272.45342470767,65.80008066575829,0.03985315772516896,420.5,0.07382902424567848,2.0173924446667506,0.0,384.0838888888889,0,43
3168,71.0,0.03394379832593011,0.06788759665186021,60333.577144613475,-0.002224694104560623,1.4547024915001256,60333.577144613475,61.12371990580141,0.03819812473143223,426.5,0.062468583920433696,1.8403533782697836,0.0,384.0838888888889,0,43
3169,72.0,0.035521259238645526,0.07104251847729105,60397.44436872457,0.00778642936596218,1.6156678636385242,60397.44436872457,63.86722411109804,0.03718837206040992,432.5,0.054113735618248726,1.5234182790281101,0.0,384.0838888888889,0,43
3170,73.0,0.03294166266350411,0.06588332532700822,60456.68031311675,-0.00778642936596218,1.4556799580021473,60456.68031311675,59.23594439217413,0.03504009436488293,438.5,0.05886024585230133,1.7868025197620727,0.0,384.0838888888889,0,43
3171,74.0,0.036532196935530226,0.07306439387106045,60522.365203206835,0.0,1.5030934144980954,60522.365203206835,65.68489009008772,0.039939240894628296,444.5,0.07634972956684272,2.0899298693035084,0.0,384.0838888888889,0,43
3172,75.0,0.03411775313768607,0.06823550627537214,60583.70892334838,0.0,1.4322119752898892,60583.70892334838,61.3437201415436,0.036502931701728206,450.5,0.05544137204530091,1.625000679897089,0.0,384.0838888888889,0,43
3173,76.0,0.03467631007276435,0.0693526201455287,60646.13000435269,0.0011123470522803114,1.4986420502726154,60646.13000435269,62.421081004315056,0.037976613037756186,456.5,0.055534422242661245,1.601508987724717,0.0,384.0838888888889,0,43
3174,77.0,0.03392067313394029,0.06784134626788058,60707.119374647526,0.0011123470522803114,1.3696890297743944,60707.119374647526,60.98937029483204,0.03700013224771322,462.5,0.05354235800638721,1.5784580039130736,0.0,384.0838888888889,0,43
3175,78.0,0.036485193824278346,0.07297038764855669,60772.71975314358,-0.002224694104560623,1.3183554282821583,60772.71975314358,65.60037849605578,0.03975790061804309,468.5,0.07220829945918683,1.9791123984967638,0.0,384.0838888888889,0,43
3176,79.0,0.03419776834100189,0.06839553668200378,60834.25294405254,0.002224694104560623,1.42464329213652,60834.25294405254,61.533190908958204,0.038823121478244176,474.5,0.05553349834078983,1.6238924653515232,0.0,384.0838888888889,0,43
3177,80.0,0.031558615197611876,0.06311723039522375,60891.04858825263,0.0055617352614015575,1.3221099749679013,60891.04858825263,56.7956442000941,0.03366219713893342,480.5,0.04936892727035731,1.5643565777909416,0.0,384.0838888888889,0,43
3178,81.0,0.03029121949661544,0.06058243899323088,60945.501679673114,0.004449388209121246,1.3747332112595425,60945.501679673114,54.45309142048063,0.03348234088098508,486.5,0.04916684867865494,1.6231386354104544,0.0,384.0838888888889,0,43
3179,82.0,0.027782591667803072,0.055565183335606144,60995.454779491774,-0.012235817575083427,1.2394007798950681,60995.454779491774,49.95309981866012,0.029495074029439308,492.5,0.05526325915288562,1.9891326127407178,0.0,384.0838888888889,0,43
3180,83.0,0.028738534675721582,0.057477069351443165,61046.7243253532,0.0257847533632287,1.309247945385094,61046.7243253532,51.269545861425286,0.02949029873939343,498.49611111111113,0.04298922333452241,1.4958738787346684,0.0,384.0838888888889,0,43
3181,0.0,0.7464954887413686,1.4929909774827372,1342.030292003752,0.0055617352614015575,1.4641030376084796,1342.030292003752,1342.030292003752,1.0429249491651518,0.5,9.181108446070363,12.298946992365893,0.07452725250278086,408.30611111111114,0,44
3182,1.0,0.7892036669708353,1.5784073339416707,2762.114428032302,0.23136818687430477,1.4873366927037879,2762.114428032302,1420.08413602855,0.7656881775048822,6.5,3.3280553281060627,4.216979047854639,0.3348164627363737,408.30611111111114,0,44
3183,2.0,0.2870827546758289,0.5741655093516578,3371.1582194350717,-0.22246941045606228,1.8823247911181733,3371.1582194350717,609.0437914027698,0.2258958322313861,12.5,0.2977460173709182,1.0371435153154016,0.09454949944382647,408.30611111111114,0,44
3184,3.0,1.2039357016637822,2.4078714033275643,5618.137940742778,-0.0033370411568409346,1.5111705176199262,5618.137940742778,2246.979721307706,1.0378557307765497,18.5,8.225294391710378,6.83200471615171,0.4694104560622914,408.30611111111114,0,44
3185,4.0,0.9620106581174307,1.9240213162348614,7402.8072521884915,0.01557285873192436,1.5609707314797654,7402.8072521884915,1784.669311445714,0.6631957718067115,24.5,1.819691156738076,1.8915498922839897,0.4382647385984427,408.30611111111114,0,44
3186,5.0,0.3451114365809045,0.690222873161809,8080.153225288127,0.0055617352614015575,1.7316642246035785,8080.153225288127,677.3459730996356,0.29602409588937156,30.5,0.3648508370210882,1.0571971784990564,0.13125695216907676,408.30611111111114,0,44
3187,6.0,0.7309900870606916,1.4619801741213831,9642.908439361534,0.020022246941045607,1.58431678820488,9642.908439361534,1562.755214073407,0.5245018638673583,36.5,0.8990170638113212,1.2298621824356955,0.4649610678531702,408.30611111111114,0,44
3188,7.0,0.740096942913587,1.480193885827174,11218.25330549874,0.04449388209121246,1.597171419955745,11218.25330549874,1575.3448661372058,0.4978298934193317,42.5,6.643099014782305,8.97598494141861,0.25695216907675195,408.30611111111114,0,44
3189,8.0,2.300535814749566,4.601071629499132,15576.498017191858,0.002224694104560623,1.9815740769023324,15576.498017191858,4358.244711693118,2.6219557711356436,48.5,5.309181499130139,2.3078021498691994,0.6562847608453838,408.30611111111114,0,44
3190,9.0,0.7432747544128806,1.4865495088257612,17157.356353142484,0.09454949944382647,1.4923968469583537,17157.356353142484,1580.8583359506265,0.5504124888643112,54.5,0.9252596294949206,1.2448419968545703,0.4972191323692992,408.30611111111114,0,44
3191,10.0,1.5331439697042697,3.0662879394085394,20097.305336270412,-0.025611175785797437,1.115828612313988,20097.305336270412,2939.948983127928,0.9824109249811406,60.49722222222222,1.4838363239736594,0.9678388679048052,0.8742724097788126,408.30611111111114,0,44
3192,11.0,0.48826191521810886,0.9765238304362177,21307.70465937685,-0.14126807563959956,1.5508667880858609,21307.70465937685,1210.3993231064378,0.4279907480061955,66.5,1.2111079838584002,2.4804473707874446,0.28587319243604004,408.30611111111114,0,44
3193,12.0,0.5448445275207864,1.0896890550415728,22286.595519530787,1.2347052280311457,1.5641242381044982,22286.595519530787,978.890860153937,0.48346775751977983,72.5,4.930242082449566,9.04889713196481,0.1935483870967742,408.30611111111114,0,44
3194,13.0,0.790550713366544,1.581101426733088,23703.124878512364,-0.11160714285714286,1.4893475949991235,23703.124878512364,1416.5293589815774,0.7809587739649038,78.5,4.367278955432458,5.524350154380976,0.5111607142857143,408.30611111111114,0,44
3195,14.0,0.6164921443835385,1.232984288767077,24811.595700117217,-0.40489432703003336,1.5050064037314035,24811.595700117217,1108.470821604853,0.6297903185666589,84.5,1.5467842300026233,2.5090088237042028,0.4838709677419355,408.30611111111114,0,44
3196,15.0,1.5351050272115814,3.0702100544231627,27549.72970467063,0.033707865168539325,1.2167451733514874,27549.72970467063,2738.1340045534125,1.011888116230019,90.5,2.2777498890696184,1.4837746269432803,0.7606741573033707,408.30611111111114,0,44
3197,16.0,1.0384137610146194,2.0768275220292387,29417.25440689514,0.1635150166852058,1.3091173583655271,29417.25440689514,1867.5247022245094,0.7347071505721031,96.5,2.6770901962153593,2.578057318500491,0.5317018909899889,408.30611111111114,0,44
3198,17.0,1.2841338021512554,2.5682676043025108,31725.717483680746,-0.15239154616240266,1.3047161047453266,31725.717483680746,2308.463076785607,0.9039515125919463,102.5,2.6799623882496166,2.0869806431074305,0.5962180200222469,408.30611111111114,0,44
3199,18.0,0.5881421901888253,1.1762843803776506,32784.851275325294,0.15906562847608455,1.4916051269339574,32784.851275325294,1059.1337916445482,0.5129661453309993,108.5,1.6873344785657234,2.8689226971185287,0.3381535038932147,408.30611111111114,0,44
3200,19.0,0.7023846016317821,1.4047692032635641,34051.675692547404,-0.0867630700778643,1.3481396540839272,34051.675692547404,1266.8244172221093,0.6108848890509231,114.5,3.1970024812029583,4.551640901260751,0.4694104560622914,408.30611111111114,0,44
3201,20.0,0.6972204268866834,1.3944408537733668,35305.62621486197,0.06674082313681869,1.70896330542861,35305.62621486197,1253.950522314568,0.6629968368434951,120.5,3.803095055117882,5.454652371703942,0.38264738598442716,408.30611111111114,0,44
3202,21.0,0.49619363410631734,0.9923872682126347,36197.77507858392,-0.11345939933259176,1.5264763094806881,36197.77507858392,892.1488637219518,0.5088884716844129,126.5,2.178509809913664,4.3904428839304375,0.27697441601779754,408.30611111111114,0,44
3203,22.0,0.5098492005236137,1.0196984010472274,37114.65190363683,0.03225806451612903,1.6289817058372944,37114.65190363683,916.8768250529101,0.46398640597683977,132.5,1.8369030645007334,3.6028360201687852,0.28587319243604004,408.30611111111114,0,44
3204,23.0,0.6037129265363255,1.207425853072651,38200.22155706589,-0.8353726362625139,1.7760106588101352,38200.22155706589,1085.5696534290546,0.6418361168932921,138.5,3.0460770007584923,5.045571938031394,0.3125695216907675,408.30611111111114,0,44
3205,24.0,0.49455763506492534,0.9891152701298507,39090.71307492687,-0.010011123470522803,1.5902187800765417,39090.71307492687,890.4915178609808,0.6041894459617272,144.5,5.312638338737926,10.742202651548359,0.1067853170189099,408.30611111111114,0,44
3206,25.0,0.44118426913172853,0.8823685382634571,39883.9661280711,0.018909899888765295,1.9923234660613307,39883.9661280711,793.2530531442317,0.4863367483147261,150.5,3.7043692625183766,8.396421907355741,0.10456062291434928,408.30611111111114,0,44
3207,26.0,0.3406714144080245,0.681342828816049,40496.49797370676,0.002224694104560623,1.8507226773689043,40496.49797370676,612.5318456356617,0.3516723416788765,156.5,1.879389143248526,5.516720992027727,0.06229143492769744,408.30611111111114,0,44
3208,27.0,0.6584275338342014,1.3168550676684028,41680.27461862368,-0.017797552836484983,1.7123920310249068,41680.27461862368,1183.7766449169212,0.6345478348024608,162.5,3.2462257101994973,4.930270293066039,0.41268075639599555,408.30611111111114,0,44
3209,28.0,0.3874940655421234,0.7749881310842468,42377.10161588046,0.07341490545050056,1.6987515319746058,42377.10161588046,696.8269972567796,0.44565116181469494,168.5,3.660189056482816,9.445793837802471,0.04560622914349277,408.30611111111114,0,44
3210,29.0,0.5517069555386254,1.1034139110772507,43370.016301774354,0.004449388209121246,1.6409293487428476,43370.016301774354,992.9146858938911,0.5953106843721409,174.5,4.0575860935902694,7.354603839694016,0.23025583982202447,408.30611111111114,0,44
3211,30.0,0.49813473654094326,0.9962694730818865,44266.783199391786,-0.06674082313681869,1.9981916293169233,44266.783199391786,896.7668976174318,0.4176148409958197,180.5,1.074901788127034,2.1578535068467053,0.2936596218020022,408.30611111111114,0,44
3212,31.0,0.558608675371724,1.117217350743448,45271.46207880763,0.0033370411568409346,1.6023868159363304,45271.46207880763,1004.678879415842,0.5713883479533481,186.5,3.2315294426188417,5.784961073990541,0.27030033370411566,408.30611111111114,0,44
3213,32.0,0.2934230439246588,0.5868460878493176,45798.66964634283,-0.02335928809788654,1.7939302712858556,45798.66964634283,527.2075675352025,0.24907225501117278,192.5,0.40362555123815325,1.3755755029989765,0.05561735261401557,408.30611111111114,0,44
3214,33.0,0.41770933086091483,0.8354186617218297,46549.629234408996,0.012235817575083427,1.7804208934327268,46549.629234408996,750.9595880661655,0.4933635133566933,198.5,4.18729634385101,10.02442616070087,0.05784204671857619,408.30611111111114,0,44
3215,34.0,0.6280017718214728,1.2560035436429455,47678.75850534789,0.03337041156840934,1.7242669814210005,47678.75850534789,1129.1292709388945,0.6900494281378585,204.5,4.800018572772922,7.643320111742396,0.3192436040044494,408.30611111111114,0,44
3216,35.0,0.7459539079213832,1.4919078158427663,49019.78604417202,-0.04004449388209121,1.4187362789193507,49019.78604417202,1341.027538824128,0.7221596853380471,210.5,1.5489950173164468,2.07652912715848,0.6129032258064516,408.30611111111114,0,44
3217,36.0,0.3799416401677609,0.7598832803355218,49703.641340061105,0.018909899888765295,1.766653946708375,49703.641340061105,683.8552958890868,0.41421261924259367,216.5,2.8267802972297043,7.440038148968238,0.05228031145717464,408.30611111111114,0,44
3218,37.0,0.551908276332081,1.103816552664162,50697.33080247495,0.002224694104560623,1.789411668327421,50697.33080247495,993.689462413844,0.7031787050692119,222.5,5.372195932284281,9.733856444384706,0.054505005561735265,408.30611111111114,0,44
3219,38.0,0.6191554516497463,1.2383109032994926,51810.837460764735,0.09899888765294772,1.7531996274404373,51810.837460764735,1113.5066582897853,0.6342213230922346,228.5,3.968221792384117,6.409088027587818,0.3414905450500556,408.30611111111114,0,44
3220,39.0,1.285619245678327,2.571238491356654,54122.997405592825,-0.09121245828698554,1.9954970499472722,54122.997405592825,2312.1599448280904,1.4318053933316708,234.5,5.298704386563137,4.121519185695917,0.3971078976640712,408.30611111111114,0,44
3221,40.0,1.059471073383988,2.118942146767976,55996.0898025608,-0.01021566401816118,1.699418463366955,55996.0898025608,1873.0923969679716,1.064884772269829,240.5,4.246020873773374,4.007679851240708,0.7253121452894438,408.30611111111114,0,44
3222,41.0,0.5980113804056435,1.196022760811287,57071.12103929741,0.08565072302558398,1.6216617182812592,57071.12103929741,1075.0312367366132,0.6063243983633833,246.5,3.191606980741083,5.3370338513895,0.2436040044493882,408.30611111111114,0,44
3223,42.0,0.4832709408350276,0.9665418816700552,57942.04263374781,-0.05672969966629588,1.8593958382014604,57942.04263374781,870.9215944504031,0.4314297394989257,252.5,2.272557359886106,4.702449843062012,0.27586206896551724,408.30611111111114,0,44
3224,43.0,0.5693984993458736,1.1387969986917472,58965.783540405784,0.07119021134593993,1.8206265997149045,58965.783540405784,1023.7409066579712,0.5545588459056742,258.5,2.6769971545728013,4.7014475058296465,0.21579532814238042,408.30611111111114,0,44
3225,44.0,1.9534583250607016,3.906916650121403,62477.706891410635,-0.1067853170189099,1.720795066099294,62477.706891410635,3511.9233510048507,1.8718407214620445,264.5,7.2846686126142535,3.7291139100128436,0.23581757508342602,408.30611111111114,0,44
3226,45.0,0.22420113778959758,0.44840227557919515,62880.92812103474,-0.011123470522803115,2.1094750968885676,62880.92812103474,403.22122962410504,0.27261699508952225,270.5,2.419979442964499,10.793787519649156,0.011123470522803115,408.30611111111114,0,44
3227,46.0,0.1823339623457776,0.3646679246915552,63208.78641353116,-0.006674082313681869,1.9508452156138878,63208.78641353116,327.8582924964212,0.223800827114221,276.5,1.6842628064227576,9.237241294788113,0.011123470522803115,408.30611111111114,0,44
3228,47.0,0.22846213934990037,0.45692427869980073,63619.51382331736,0.0,1.8076356480806934,63619.51382331736,410.7274097861955,0.3197834792768353,282.5,3.087259492025567,13.51322149398805,0.012235817575083427,408.30611111111114,0,44
3229,48.0,0.8024060078574093,1.6048120157148187,65062.098103316814,0.0055617352614015575,1.6817367217180688,65062.098103316814,1442.584279999457,1.521304470327455,288.5,10.509174387315054,13.097078392242766,0.030033370411568408,408.30611111111114,0,44
3230,49.0,0.11633973541846103,0.23267947083692206,65271.279330580655,0.010011123470522803,1.7862514104346705,65271.279330580655,209.18122726384172,0.1152846322024263,294.5,0.4574518917120937,3.932034829430292,0.011123470522803115,408.30611111111114,0,44
3231,50.0,0.12022731766707602,0.24045463533415204,65487.50618880201,0.0011123470522803114,1.8150013630972432,65487.50618880201,216.226858221351,0.10889670416682817,300.5,0.22627956589166787,1.8820977651540338,0.011123470522803115,408.30611111111114,0,44
3232,51.0,0.07570469426489229,0.15140938852978458,65623.6430111998,-0.006674082313681869,1.8701608481695455,65623.6430111998,136.13682239779882,0.08739741043061454,306.5,0.4827668268225673,6.376973469219176,0.011123470522803115,408.30611111111114,0,44
3233,52.0,0.19010436678231624,0.3802087335646325,65965.64771160293,0.018909899888765295,1.6234417226892608,65965.64771160293,342.0047004031221,0.13712191572211807,312.5,0.24913340859788513,1.3105086054291513,0.024471635150166853,408.30611111111114,0,44
3234,53.0,0.2753914559586294,0.5507829119172588,66460.89390584228,-0.008898776418242492,1.397727349128106,66460.89390584228,495.24619423935656,0.2007908700989489,318.5,0.4424110139040283,1.6064805364567643,0.05005561735261402,408.30611111111114,0,44
3235,54.0,0.2429474995312862,0.4858949990625724,66897.71991516011,-0.004449388209121246,1.755542236116369,66897.71991516011,436.8260093178251,0.2243093042655513,324.5,1.2029194414417717,4.951355514103007,0.026696329254727477,408.30611111111114,0,44
3236,55.0,0.20779567938755195,0.4155913587751039,67271.27440667868,-0.014460511679644048,1.52198097574775,67271.27440667868,373.55449151857465,0.16522508331963673,330.5,0.5485417841360855,2.6398132326563957,0.013348164627363738,408.30611111111114,0,44
3237,56.0,0.2008671331998994,0.4017342663997988,67632.48715159448,0.0033370411568409346,1.7137902041338495,67632.48715159448,361.2127449157997,0.21159666352533774,336.5,1.5277696280144826,7.605871621088321,0.012235817575083427,408.30611111111114,0,44
3238,57.0,0.19166485472914938,0.38332970945829875,67977.32291232645,-0.0055617352614015575,1.9816214620923183,67977.32291232645,344.8357607319631,0.25108582337672,342.5,2.254485181442285,11.762642580603544,0.011123470522803115,408.30611111111114,0,44
3239,58.0,0.09973077497623661,0.19946154995247323,68156.65770640972,0.018909899888765295,1.7533728860224396,68156.65770640972,179.33479408327548,0.09173990813244859,348.5,0.13712531728097058,1.374954895453727,0.002224694104560623,408.30611111111114,0,44
3240,59.0,0.13339492969909036,0.26678985939818073,68396.65036571241,-0.020022246941045607,1.6882059530867592,68396.65036571241,239.9926593026903,0.22096795393631732,354.5,2.692279956726938,20.18277578315855,0.010011123470522803,408.30611111111114,0,44
3241,60.0,0.07117470699773192,0.14234941399546383,68524.62248889414,0.0033370411568409346,1.6310516315437853,68524.62248889414,127.97212318172387,0.07741223466865606,360.5,0.26579412894814314,3.734390209103538,0.013348164627363738,408.30611111111114,0,44
3242,61.0,0.16909405228068417,0.33818810456136833,68828.76158140086,-0.0011123470522803114,1.6396304772509132,68828.76158140086,304.1390925067244,0.15739648364965525,366.5,0.6856581648518911,4.054892266191286,0.07452725250278086,408.30611111111114,0,44
3243,62.0,0.17817018520727781,0.35634037041455563,69149.20795416314,0.0,1.7023798329029043,69149.20795416314,320.44637276227877,0.18816598126688025,372.5,0.7782556552762753,4.368046507730102,0.10233592880978866,408.30611111111114,0,44
3244,63.0,0.09646890966788602,0.19293781933577203,69322.70310193779,0.0,1.622976860467037,69322.70310193779,173.49514777465083,0.09357024266564942,378.5,0.4387577076037288,4.548177325878794,0.03781979977753059,408.30611111111114,0,44
3245,64.0,0.04692841713417249,0.09385683426834499,69407.08039594517,-0.0033370411568409346,1.6078699636800997,69407.08039594517,84.37729400738317,0.0483395145985123,384.5,0.06441914386585564,1.3727107752574652,0.0,408.30611111111114,0,44
3246,65.0,0.056322753320122036,0.11264550664024407,69508.3098537584,0.0033370411568409346,1.5724166992724655,69508.3098537584,101.22945781322778,0.05556067328223692,390.5,0.08835315599841463,1.56869383668517,0.0,408.30611111111114,0,44
3247,66.0,0.10317208369213317,0.20634416738426634,69748.99528010192,0.052930056710775046,1.406239113964683,69748.99528010192,240.68542634352343,0.11067139023484306,396.5,0.4009190809766557,3.885925985298537,0.017013232514177693,408.30611111111114,0,44
3248,67.0,0.41756304044734915,0.8351260808946983,70499.7871353581,-0.008898776418242492,1.8561812562572375,70499.7871353581,750.791855256175,0.45087784298810357,402.5,1.9157400123665242,4.587906080754006,0.0778642936596218,408.30611111111114,0,44
3249,68.0,0.08708047668290585,0.1741609533658117,70656.4318599302,-0.017797552836484983,1.9651054082402457,70656.4318599302,156.6447245721065,0.07325483566999734,408.5,0.11262587190094711,1.293353874382912,0.0011123470522803114,408.30611111111114,0,44
3250,69.0,0.03778048925075062,0.07556097850150124,70724.42632081406,-0.00778642936596218,1.528283417382869,70724.42632081406,67.99446088385594,0.03755064978658923,414.5,0.053945051099727824,1.4278547517395117,0.0,408.30611111111114,0,44
3251,70.0,0.034040942039314404,0.06808188407862881,70785.67593429826,0.0,1.7285821979430718,70785.67593429826,61.249613484193105,0.03361475808676889,420.5,0.049230245737071555,1.4462069140217915,0.0,408.30611111111114,0,44
3252,71.0,0.026088913546314752,0.052177827092629504,70832.60625787971,0.0,1.570909863957038,70832.60625787971,46.93032358145865,0.026888614499025947,426.5,0.06337119342262261,2.4290468558654967,0.0,408.30611111111114,0,44
3253,72.0,0.030569480190024003,0.061138960380048006,70887.60006145106,0.002224694104560623,1.3655812360263262,70887.60006145106,54.99380357134214,0.03008157524976466,432.5,0.04737666946360896,1.5498029135303972,0.0,408.30611111111114,0,44
3254,73.0,0.043611700139019355,0.08722340027803871,70966.08603373486,0.0,1.7384393064302057,70966.08603373486,78.48597228380095,0.0472807198886323,438.5,0.0697706559613802,1.599815089505223,0.0,408.30611111111114,0,44
3255,74.0,0.04574530602879891,0.09149061205759781,71048.3956631113,-0.0011123470522803114,1.662218664059295,71048.3956631113,82.30962937643926,0.04771482613243186,444.5,0.07562467500413321,1.6531679765465723,0.0,408.30611111111114,0,44
3256,75.0,0.03701767369680652,0.07403534739361305,71114.93994736702,-0.0011123470522803114,1.7757140564039633,71114.93994736702,66.54428425572405,0.03837763155747982,450.5,0.06045427717709971,1.6331192951845335,0.0,408.30611111111114,0,44
3257,76.0,0.0587896605269072,0.1175793210538144,71220.6437569943,0.0033370411568409346,1.739739126495062,71220.6437569943,105.70380962727359,0.06038191206038713,456.5,0.08383788022328713,1.426065050756939,0.0,408.30611111111114,0,44
3258,77.0,0.04066513158017698,0.08133026316035397,71293.87157432572,0.002224694104560623,1.795570268118345,71293.87157432572,73.2278173314262,0.04163512690534764,462.5,0.05131861119677963,1.2619806994992213,0.0,408.30611111111114,0,44
3259,78.0,0.038972510044747666,0.07794502008949533,71364.06539593312,-0.0033370411568409346,1.9446543091101616,71364.06539593312,70.19382160740497,0.03910146036162791,468.5,0.053490353349246775,1.3725149672892492,0.0,408.30611111111114,0,44
3260,79.0,0.06119838101713738,0.12239676203427476,71474.10008500188,-0.002224694104560623,1.7816534438273195,71474.10008500188,110.0346890687506,0.06380908774849199,474.5,0.09210243909652008,1.5049816280389614,0.0,408.30611111111114,0,44
3261,80.0,0.041579305463667345,0.08315861092733469,71548.88679703943,0.0,1.4731494932544464,71548.88679703943,74.78671203755948,0.04612742490879921,480.5,0.07174701883014206,1.7255463512452305,0.0,408.30611111111114,0,44
3262,81.0,0.03522824774044523,0.07045649548089046,71612.33842736253,0.002224694104560623,1.4537811416031485,71612.33842736253,63.451630323092104,0.03606080239242327,486.5,0.056228862516590344,1.5961299844055117,0.0,408.30611111111114,0,44
3263,82.0,0.03724295732384552,0.07448591464769104,71679.32087247392,-0.002224694104560623,1.4534098065864418,71679.32087247392,66.98244511139637,0.03948401654336681,492.5,0.0636330352683191,1.7085924384306834,0.0,408.30611111111114,0,44
3264,83.0,0.023918768092700493,0.047837536185400986,71721.99195475118,0.01905829596412556,1.3600985253600204,71721.99195475118,42.67108227725839,0.025618965920742944,498.49611111111113,0.03489425126867271,1.4588649019646502,0.0,408.30611111111114,0,44
3265,0.0,0.07122895206827501,0.14245790413655002,349.99010906824293,0.07407407407407407,1.3061546865525517,349.99010906824293,349.99010906824293,0.07411133170958187,0.5,0.13158395826132874,1.8473381180057473,0.0,432.1116666666667,0,45
3266,1.0,0.3565879884627405,0.713175976925481,1036.6576273247908,-0.03781979977753059,1.5452721084733814,1036.6576273247908,686.667518256548,0.2846917330294197,6.5,0.32735333475626427,0.9180155960033665,0.027808676307007785,432.1116666666667,0,45
3267,2.0,0.37806178242355093,0.7561235648471019,1874.169678634938,-0.011123470522803115,1.5008855386024589,1874.169678634938,837.5120513101472,0.32582486097822344,12.5,0.5194069150319168,1.373867815208081,0.07563959955506118,432.1116666666667,0,45
3268,3.0,1.1788416672145852,2.3576833344291703,3879.4672842622917,0.16666666666666666,1.0084809094457965,3879.4672842622917,2005.2976056273537,0.6665532218664532,18.5,1.3821928924345257,1.1725008802076253,0.48756218905472637,432.1116666666667,0,45
3269,4.0,0.48212560162290374,0.9642512032458075,4995.543576445692,-0.13236929922135707,1.4626622317635776,4995.543576445692,1116.0762921834007,0.39757449141234247,24.5,0.5421427404990997,1.1244844469452975,0.18242491657397109,432.1116666666667,0,45
3270,5.0,0.9849894425193885,1.969978885038777,6815.992380265567,-0.01875,1.5319013494249702,6815.992380265567,1820.4488038198742,0.8013230663650077,30.5,8.029427860428283,8.151790784569991,0.0875,432.1116666666667,0,45
3271,6.0,0.43796859118204756,0.8759371823640951,7825.883664789305,0.012235817575083427,1.650701019859733,7825.883664789305,1009.8912845237382,0.392341174741568,36.5,2.456144642253009,5.608038319880522,0.06451612903225806,432.1116666666667,0,45
3272,7.0,1.7750792638042783,3.5501585276085565,11126.637986393294,0.1710843373493976,1.1373030563228423,11126.637986393294,3300.7543216039894,1.6941846851720477,42.5,9.9441548776693,5.602090611073552,0.5734939759036145,432.1116666666667,0,45
3273,8.0,0.9496242629442025,1.899248525888405,13141.860390953654,-0.1522956326987682,1.4712000215002188,13141.860390953654,2015.2224045603598,0.7729624789155117,48.49666666666667,1.9357096728937124,2.03839534058688,0.3505039193729003,432.1116666666667,0,45
3274,9.0,0.8052170028180778,1.6104340056361557,14863.875174855186,0.05580357142857143,1.5653411469216656,14863.875174855186,1722.0147839015317,0.7150932880018177,54.5,1.172240877020603,1.4558074070940186,0.41629464285714285,432.1116666666667,0,45
3275,10.0,0.41960667691530384,0.8392133538306077,15860.641995951686,-0.05339265850945495,1.4875485898083642,15860.641995951686,996.7668210965003,0.3830703848319219,60.5,0.5108314949242855,1.2174055443531349,0.1067853170189099,432.1116666666667,0,45
3276,11.0,1.4821487185325535,2.964297437065107,18644.196820588415,0.067853170189099,1.3048494271139068,18644.196820588415,2783.554824636729,1.1831089805433115,66.5,4.3104673809646155,2.908255647403808,0.6796440489432704,432.1116666666667,0,45
3277,12.0,0.7008451397358539,1.4016902794717079,19901.84336851578,-0.0713489409141583,1.6313448688360084,19901.84336851578,1257.6465479273647,0.7799223374458516,72.49888888888889,2.328802198820995,3.322848467920762,0.1806020066889632,432.1116666666667,0,45
3278,13.0,0.684902840861756,1.369805681723512,21383.289206869093,0.7476635514018691,1.641480178835635,21383.289206869093,1481.4458383533129,0.5578054922048602,78.5,3.337393765676823,4.872798835930742,0.2605140186915888,432.1116666666667,0,45
3279,14.0,0.6411088456588214,1.2822176913176428,22537.51235008173,-0.1657397107897664,1.6665428954950678,22537.51235008173,1154.2231432126391,0.6761253737666925,84.5,2.1718536333272738,3.3876519533830733,0.17018909899888765,432.1116666666667,0,45
3280,15.0,0.5479561185168256,1.0959122370336511,23525.4196501842,0.13236929922135707,1.8310835752435057,23525.4196501842,987.9073001024699,0.5212553194270764,90.5,2.9948117814331696,5.465422650155536,0.14794215795328142,432.1116666666667,0,45
3281,16.0,0.923388464058586,1.846776928117172,25181.549718935217,-0.02591283863368669,1.4656703924739338,25181.549718935217,1656.1300687510156,0.8891551046507206,96.5,5.2267141060835565,5.660363226881226,0.2744405182567727,432.1116666666667,0,45
3282,17.0,0.9282880000684017,1.8565760001368035,26851.153112709708,0.15350389321468297,1.3688073897972974,26851.153112709708,1669.6033937744905,0.9329249608127658,102.5,3.8895051054263434,4.189976715350992,0.4872080088987764,432.1116666666667,0,45
3283,18.0,0.9856089249123691,1.9712178498247381,28623.506327263683,-0.19132369299221358,1.4063827546091374,28623.506327263683,1772.3532145539757,1.1068477538373005,108.5,2.9759803577330435,3.019433248331877,0.28698553948832034,432.1116666666667,0,45
3284,19.0,0.6467386370891354,1.2934772741782707,29786.27360274182,0.10011123470522804,1.797458589440761,29786.27360274182,1162.767275478138,0.5953947510279355,114.5,3.4570409056642313,5.345344637555297,0.26028921023359286,432.1116666666667,0,45
3285,20.0,0.669911583364916,1.339823166729832,30990.681888509996,0.13236929922135707,1.5970124864690003,30990.681888509996,1204.4082857681751,0.7054888181880593,120.5,4.177451446258189,6.2358250700415745,0.24582869855394884,432.1116666666667,0,45
3286,21.0,1.15690948393469,2.31381896786938,33071.836236004856,-0.1657397107897664,1.3710695957105437,33071.836236004856,2081.1543474948594,0.9593150193472859,126.5,2.298009777896141,1.9863349810916306,0.5951056729699666,432.1116666666667,0,45
3287,22.0,0.3322830045745185,0.664566009149037,33669.229969585096,-0.12013348164627363,1.554557804137661,33669.229969585096,597.3937335802402,0.327872727701217,132.5,0.5728194420708806,1.7238902808296324,0.047830923248053395,432.1116666666667,0,45
3288,23.0,0.592910181761372,1.185820363522744,34735.34569647792,-0.5639599555061179,1.6661370453105844,34735.34569647792,1066.1157268928218,0.5953261205728088,138.5,2.2322907902304627,3.7649729400816576,0.29477196885428253,432.1116666666667,0,45
3289,24.0,0.5503396328523275,1.100679265704655,35725.742756753636,-0.020022246941045607,1.5704708224577422,35725.742756753636,990.3970602757181,0.48126017244451275,144.5,1.9119338629836842,3.4740980820778233,0.06117908787541713,432.1116666666667,0,45
3290,25.0,0.5880828487579156,1.1761656975158312,36783.08288957306,0.013348164627363738,1.4861221797933923,36783.08288957306,1057.3401328194232,0.5418678590796697,150.5,1.9817384339027595,3.36982865269472,0.2803114571746385,432.1116666666667,0,45
3291,26.0,0.4829909318234871,0.9659818636469742,37651.92408594218,0.017797552836484983,1.5289764733824593,37651.92408594218,868.8411963691178,0.5796900221035391,156.5,4.939118255643947,10.226109705614487,0.042269187986651836,432.1116666666667,0,45
3292,27.0,0.4776504992888664,0.9553009985777328,38513.07362532769,0.07341490545050056,1.6340509246823987,38513.07362532769,861.1495393855148,0.439554819993666,162.5,1.75300344275706,3.6700546641675436,0.11790878754171301,432.1116666666667,0,45
3293,28.0,0.8826714466687436,1.7653428933374873,40099.988156318104,-0.09788654060066741,1.4774036841833653,40099.988156318104,1586.9145309904125,0.9163068966458477,168.5,4.888383752142642,5.538169123507623,0.42380422691879865,432.1116666666667,0,45
3294,29.0,0.41088367398648556,0.8217673479729711,40838.52646801307,0.008898776418242492,1.460087878658449,40838.52646801307,738.538311694967,0.3719295460110471,174.5,1.359877995449933,3.309642318605876,0.06562847608453838,432.1116666666667,0,45
3295,30.0,0.3448782195065222,0.6897564390130444,41459.529734219126,-0.012235817575083427,1.7272591032954587,41459.529734219126,621.0032662060548,0.34783156986784314,180.5,1.8237205987220162,5.288013262569997,0.027808676307007785,432.1116666666667,0,45
3296,31.0,0.32926927802588324,0.6585385560517665,42051.366471423076,0.05561735261401557,1.5887105990610721,42051.366471423076,591.8367372039502,0.35465984535929007,186.5,2.188975808349618,6.647980708900351,0.041156840934371525,432.1116666666667,0,45
3297,32.0,0.732202559679359,1.464405119358718,43369.81866024488,-0.047830923248053395,1.6106896699073099,43369.81866024488,1318.4521888218005,0.6799789391278261,192.5,2.634522478601863,3.59807876082208,0.3770856507230256,432.1116666666667,0,45
3298,33.0,0.4348966392898878,0.8697932785797756,44160.6631810629,-0.008938547486033519,1.4192139627207083,44160.6631810629,790.8445208180201,0.34715922085066614,198.5,0.6390295563936388,1.4693826041908837,0.14860335195530727,432.1116666666667,0,45
3299,34.0,0.4380727390263055,0.876145478052611,44948.76758978182,-0.0033370411568409346,1.2983096548221147,44948.76758978182,788.1044087189221,0.3980815169323263,204.5,1.2002037071735485,2.7397361219993157,0.06451612903225806,432.1116666666667,0,45
3300,35.0,0.3641076845958009,0.7282153691916018,45603.3914947906,0.07341490545050056,1.3754361375240767,45603.3914947906,654.6239050087825,0.46351248729863587,210.5,4.433148974153385,12.175378773108461,0.024471635150166853,432.1116666666667,0,45
3301,36.0,0.7669377692567408,1.5338755385134817,46983.393002402154,-0.07007786429365963,1.5015612199362773,46983.393002402154,1380.0015076115524,0.7248529675279595,216.5,3.7890077733405176,4.940437053990108,0.3781979977753059,432.1116666666667,0,45
3302,37.0,0.9971566020612562,1.9943132041225125,48776.32620445666,0.06896551724137931,1.7088692265341177,48776.32620445666,1792.9332020545044,1.5311676185666383,222.5,8.60930919629807,8.633858692307182,0.0778642936596218,432.1116666666667,0,45
3303,38.0,1.2154286087248007,2.4308572174496015,50962.55550774751,-0.07230255839822025,0.9728181123845852,50962.55550774751,2186.229303290849,1.0390119597262468,228.5,5.356179472942095,4.406823596625451,0.14349276974416017,432.1116666666667,0,45
3304,39.0,0.38439076207060824,0.7687815241412165,51926.88154763281,-0.003386004514672686,1.0712612912899309,51926.88154763281,964.3260398853017,0.2892295441984933,234.5,0.7081603240475629,1.8422927758016252,0.06772009029345373,432.1116666666667,0,45
3305,40.0,4.577576380173877,9.155152760347754,60157.82604549765,0.024471635150166853,1.1676082318355214,60157.82604549765,8230.944497864839,6.177216672854699,240.5,20.016076270029764,4.372636217873325,0.2725250278086763,432.1116666666667,0,45
3306,41.0,2.3682125648114636,4.736425129622927,64416.21754280389,0.027808676307007785,0.985238472813376,64416.21754280389,4258.391497306242,2.7633893946491126,246.5,9.725524323316858,4.106693996909487,0.29810901001112344,432.1116666666667,0,45
3307,42.0,2.1722766557164155,4.344553311432831,68322.43666291602,-0.04004449388209121,1.4560517509404056,68322.43666291602,3906.2191201121313,1.7714375132631324,252.5,12.685284410713727,5.839626539893985,0.2825361512791991,432.1116666666667,0,45
3308,43.0,0.42429125672898643,0.8485825134579729,69085.19387744908,-0.006674082313681869,1.7699984768982973,69085.19387744908,762.7572145330632,0.4134778694159278,258.5,2.3616392205087693,5.56608033527604,0.025583982202447165,432.1116666666667,0,45
3309,44.0,5.236232916253998,10.472465832507996,78500.00439347816,0.020022246941045607,1.0014503544443025,78500.00439347816,9414.810516029072,7.036734088772793,264.5,15.189587549676936,2.9008617058508483,0.42936596218020023,432.1116666666667,0,45
3310,45.0,0.4434364631540483,0.8868729263080966,79297.12125011483,0.03781979977753059,1.7186585811863162,79297.12125011483,797.1168566366687,0.35884970063679344,270.5,1.26049564131058,2.8425620039114556,0.03337041156840934,432.1116666666667,0,45
3311,46.0,0.3653819268370141,0.7307638536740282,79954.2665911077,-0.07007786429365963,1.5368035881706434,79954.2665911077,657.1453409928799,0.2647244986873363,276.5,0.3957008686158614,1.0829787670159494,0.07341490545050056,432.1116666666667,0,45
3312,47.0,0.26547708002484377,0.5309541600496875,80431.59438099223,0.004449388209121246,1.2329588874643516,80431.59438099223,477.3277898845263,0.35115303433075357,282.5,2.754115993557768,10.374213824033449,0.021134593993325918,432.1116666666667,0,45
3313,48.0,0.2974595163502211,0.5949190327004422,80966.58802270143,0.0011123470522803114,1.8471197825287398,80966.58802270143,534.9936417091958,0.2655939666788244,288.5,0.4797535677559136,1.6128365084513356,0.06451612903225806,432.1116666666667,0,45
3314,49.0,0.17004970798369543,0.34009941596739085,81103.95224321919,-0.009900990099009901,2.3652950137185336,81103.95224321919,137.36422051776026,0.13492254845719187,294.2266666666667,0.16209344523871308,0.9532121352084579,0.0049504950495049506,432.1116666666667,0,45
3315,50.0,0.11320544812925415,0.2264108962585083,81353.37987399143,0.16819571865443425,1.4812203294156527,81353.37987399143,249.42763077224663,0.10432380267909094,300.4972222222222,0.21061513819749392,1.8604682166623348,0.0,432.1116666666667,0,45
3316,52.0,0.1259023212317709,0.2518046424635418,81591.31959336571,-17.333333333333332,2.1071714272398268,81591.31959336571,237.93971937427705,0.9616953178708293,312.5,0.08326841582362929,0.6613731582465604,0.0,432.1116666666667,0,45
3317,53.0,0.15941956892936485,0.3188391378587297,81878.38192165642,0.00778642936596218,1.784080138277451,81878.38192165642,287.0623282907036,0.19579014520575017,318.5,1.466076155339421,9.196337470897351,0.008898776418242492,432.1116666666667,0,45
3318,54.0,0.11863676933275247,0.23727353866550493,82091.65345605015,-0.00778642936596218,1.9597411305621986,82091.65345605015,213.2715343937307,0.15173719651797163,324.5,0.9454504597278798,7.969286967652329,0.011123470522803115,432.1116666666667,0,45
3319,55.0,0.12057541135046196,0.24115082270092392,82308.84596816286,0.0011123470522803114,1.8330010424296275,82308.84596816286,217.1925121127133,0.16317631944956906,330.5,1.3257527130068665,10.99521617349877,0.011123470522803115,432.1116666666667,0,45
3320,56.0,0.12008714823549632,0.24017429647099264,82524.87047173166,-0.002224694104560623,1.8435919941012053,82524.87047173166,216.02450356879854,0.11252215804787143,336.5,0.18751861517395985,1.5615210947155425,0.002224694104560623,432.1116666666667,0,45
3321,57.0,0.2507681151529113,0.5015362303058226,82975.75154277666,0.012235817575083427,1.6625277379593857,82975.75154277666,450.8810710450052,0.2945364402569288,342.5,1.0450163725359018,4.167261742581111,0.09566184649610679,432.1116666666667,0,45
3322,58.0,0.06904421186907513,0.13808842373815025,83100.00380143938,-0.01557285873192436,1.8507818354287395,83100.00380143938,124.25225866271649,0.06947691023827297,348.5,0.16043239347511137,2.3236182893843558,0.0,432.1116666666667,0,45
3323,59.0,0.05240532591392934,0.10481065182785868,83194.23492848505,0.0055617352614015575,1.6149730902062198,83194.23492848505,94.23112704567029,0.055197438287666455,354.5,0.14279091725032836,2.724740563294055,0.0,432.1116666666667,0,45
3324,60.0,0.06447495254787576,0.12894990509575152,83310.07902586863,0.01668520578420467,1.5610428145017754,83310.07902586863,115.84409738358227,0.07256713407889792,360.5,0.20837768542909277,3.2319168482421494,0.0,432.1116666666667,0,45
3325,61.0,0.12073567593971192,0.24147135187942384,83527.29166398483,-0.014460511679644048,1.6786226375339959,83527.29166398483,217.21263811619428,0.13870748791199924,366.5,0.3105937880527478,2.572510450083035,0.010011123470522803,432.1116666666667,0,45
3326,62.0,0.1708480003586165,0.341696000717233,83834.55272277596,-0.00778642936596218,1.7866788090019758,83834.55272277596,307.2610587911331,0.15551194647721672,372.5,0.42801473450921756,2.5052370154218853,0.011123470522803115,432.1116666666667,0,45
3327,63.0,0.08179970275886123,0.16359940551772245,83981.6735128809,0.03337041156840934,1.7722832952240795,83981.6735128809,147.1207901049347,0.08800567183449481,378.5,0.3140791640086125,3.839612534222673,0.011123470522803115,432.1116666666667,0,45
3328,64.0,0.10494896509009276,0.20989793018018552,84170.68134921738,-0.025583982202447165,1.7372768428213028,84170.68134921738,189.00783633648825,0.09341242483957247,384.5,0.14908905079892773,1.4205861932125123,0.0011123470522803114,432.1116666666667,0,45
3329,65.0,0.10437768933586389,0.20875537867172778,84358.57530010173,-0.00778642936596218,1.91327135953278,84358.57530010173,187.89395088434685,0.09711047103180083,390.5,0.13778073628082432,1.3200209465978592,0.0,432.1116666666667,0,45
3330,66.0,0.08595789548706556,0.17191579097413112,84513.21439182055,0.002224694104560623,1.836158941400399,84513.21439182055,154.6390917188255,0.09988601555097781,396.5,0.3172633141353655,3.690915329390602,0.010011123470522803,432.1116666666667,0,45
3331,67.0,0.0710353107439976,0.1420706214879952,84641.12553238611,0.0033370411568409346,1.922243465220056,84641.12553238611,127.9111405655567,0.07219754020532003,402.5,0.10028308164201954,1.4117356648642991,0.0011123470522803114,432.1116666666667,0,45
3332,68.0,0.09831229180549107,0.19662458361098215,84817.9922384418,0.0,1.832988640747655,84817.9922384418,176.86670605569088,0.0934832137005214,408.5,0.16988054592402246,1.7279685256460888,0.0,432.1116666666667,0,45
3333,69.0,0.07726143503695503,0.15452287007391005,84956.97076097445,0.0,1.6417614197790429,84956.97076097445,138.97852253264864,0.09278698670654317,414.5,0.24822763602661016,3.212827148601111,0.010011123470522803,432.1116666666667,0,45
3334,70.0,0.5040029494911545,1.008005898982309,85863.08632849461,-0.0033370411568409346,1.8751752678094569,85863.08632849461,906.115567520159,0.5886803147424936,420.5,1.7543073044615811,3.4807480913211797,0.2424916573971079,432.1116666666667,0,45
3335,71.0,0.037079638809201856,0.07415927761840371,85929.8029338214,-0.002224694104560623,1.5093666658697316,85929.8029338214,66.71660532678652,0.042784833131490826,426.5,0.14765682234007896,3.9821537394111766,0.0011123470522803114,432.1116666666667,0,45
3336,72.0,0.050715050736213935,0.10143010147242787,86021.00901374797,0.008898776418242492,1.5708758259075395,86021.00901374797,91.2060799265746,0.054058288548463215,432.5,0.15002816423262544,2.958257204808341,0.0,432.1116666666667,0,45
3337,73.0,0.06321317841837483,0.12642635683674966,86134.55886590546,0.0,1.880076186777679,86134.55886590546,113.54985215749184,0.07902539466312532,438.5,0.3240336698358732,5.126046149606092,0.011123470522803115,432.1116666666667,0,45
3338,74.0,0.22832778987372815,0.4566555797474563,86545.09223209837,-0.0011123470522803114,1.5277687203927464,86545.09223209837,410.5333661929035,0.2402676395523012,444.5,1.3682757491876327,5.992594024338118,0.05116796440489433,432.1116666666667,0,45
3339,75.0,0.08404287294855496,0.16808574589710992,86696.35544444052,0.0055617352614015575,1.6858865970124335,86696.35544444052,151.26321234214993,0.08879202520050392,450.5,0.11929074219141371,1.4194034307279688,0.0,432.1116666666667,0,45
3340,76.0,0.08069444543156326,0.16138889086312652,86841.38329473884,-0.013348164627363738,1.7574160489196378,86841.38329473884,145.0278502983274,0.08526968997583671,456.5,0.13792971534334258,1.7092838869599816,0.0,432.1116666666667,0,45
3341,77.0,0.13573716599825994,0.2714743319965199,87085.55223595758,0.012235817575083427,1.7814296303757384,87085.55223595758,244.16894121874066,0.14146321809965193,462.5,1.0261757576253885,7.5600205004909515,0.024471635150166853,432.1116666666667,0,45
3342,78.0,0.06149905759303342,0.12299811518606683,87196.12754150985,-0.010011123470522803,1.75105589772993,87196.12754150985,110.57530555226549,0.0665365468873068,468.5,0.10336251337532207,1.6807170291830769,0.0,432.1116666666667,0,45
3343,79.0,0.07806785030877295,0.1561357006175459,87336.40810710595,0.002224694104560623,1.798367861377338,87336.40810710595,140.2805655960983,0.08094768767874369,474.5,0.11030129643356062,1.412890146165142,0.0,432.1116666666667,0,45
3344,80.0,0.07081402149274808,0.14162804298549617,87464.02994789727,-0.0033370411568409346,1.751021518901949,87464.02994789727,127.62184079132567,0.07577748542535237,480.5,0.11071139671193594,1.5634106689347345,0.0,432.1116666666667,0,45
3345,81.0,0.08425177071476492,0.16850354142952984,87615.69709213165,0.0011123470522803114,1.732446505463424,87615.69709213165,151.66714423437952,0.09483751494525168,486.5,0.27799302126219494,3.2995510824733008,0.011123470522803115,432.1116666666667,0,45
3346,82.0,0.038239306451522306,0.07647861290304461,87684.45136513149,-0.0011123470522803114,1.4284183374350576,87684.45136513149,68.75427299983858,0.040055967181554214,492.5,0.05295294491263582,1.384777858870601,0.0,432.1116666666667,0,45
3347,83.0,0.026953766421922133,0.053907532843844266,87732.53688442826,0.005605381165919282,1.2241905000263311,87732.53688442826,48.08551929677196,0.030411304305414326,498.49611111111113,0.040071855575947904,1.4866885372782825,0.0,432.1116666666667,0,45
3348,0.0,0.8219811936610916,1.6439623873221831,1473.987873348505,0.01002227171492205,1.2558674678422923,1473.987873348505,1473.987873348505,0.6029089924656378,0.49944444444444447,0.820387738966514,0.9980614462874992,0.6024498886414253,330.2783333333333,0,46
3349,2.0,0.2306597210788323,0.4613194421576646,1971.6212123491825,-0.03114571746384872,1.7884847419268837,1971.6212123491825,497.63333900067755,0.193711708522786,12.5,0.2407477282026056,1.0437354518447783,0.03114571746384872,330.2783333333333,0,46
3350,3.0,1.5322383703868443,3.0644767407736886,4984.656802054915,0.04401805869074492,1.4234863559295592,4984.656802054915,3013.0355897057325,1.6576515757423642,18.5,8.529341454452355,5.566589128230063,0.5146726862302483,330.2783333333333,0,46
3351,4.0,0.9465143681476561,1.8930287362953122,6795.352722319305,0.02378255945639864,1.2988635859739701,6795.352722319305,1810.6959202643902,0.5425316742694596,24.5,1.4452016547674278,1.5268671067251844,0.420158550396376,330.2783333333333,0,46
3352,5.0,0.6448900655299918,1.2897801310599837,8040.080291076352,-0.058954393770856504,1.4711126934881293,8040.080291076352,1244.7275687570473,0.5282159029367861,30.5,0.8316220507219931,1.289556306063637,0.45050055617352613,330.2783333333333,0,46
3353,6.0,2.5236152827848652,5.0472305655697305,13049.146671441335,0.12142857142857143,0.9746484365707677,13049.146671441335,5009.066380364982,1.2294215987276105,36.5,3.2636118594315033,1.2932287586363147,0.9083333333333333,330.2783333333333,0,46
3354,7.0,0.673008922774422,1.346017845548844,14660.410526309432,-0.0967741935483871,1.4093954932448656,14660.410526309432,1611.263854868097,0.5360529106823572,42.5,0.7112622680370475,1.0568392839502474,0.5595105672969967,330.2783333333333,0,46
3355,8.0,1.7290636227283722,3.4581272454567444,18065.524779113544,0.14533333333333334,1.3377515977093777,18065.524779113544,3405.1142528041128,1.1583758591532516,48.5,1.7799007905912974,1.029401560008941,0.844,330.2783333333333,0,46
3356,9.0,0.380011772522711,0.760023545045422,18813.089056459572,-0.11234705228031146,1.7695952441529195,18813.089056459572,747.5642773460277,0.33034471258523146,54.5,0.49272164465721807,1.2965957380380133,0.26696329254727474,330.2783333333333,0,46
3357,10.0,2.0522436855682837,4.1044873711365675,22705.617408869082,-0.03240223463687151,1.231140541751256,22705.617408869082,3892.5283524095103,1.3257974868292837,60.5,3.6967930661908914,1.8013421564833407,0.6703910614525139,330.2783333333333,0,46
3358,11.0,1.748018213686023,3.496036427372046,26129.242530623644,0.28450704225352114,1.1519239139109814,26129.242530623644,3423.6251217545614,0.9647929506159948,66.5,3.067073746237432,1.754600565499792,0.652112676056338,330.2783333333333,0,46
3359,12.0,0.974337655513477,1.948675311026954,27881.23053809256,0.5005561735261401,1.5812444565487596,27881.23053809256,1751.9880074689172,0.7737124094305446,72.5,5.170533892853418,5.3067166845035265,0.5561735261401557,330.2783333333333,0,46
3360,13.0,0.5624124104656939,1.1248248209313878,28894.94983489097,0.10011123470522804,1.4784239406915618,28894.94983489097,1013.7192967984083,0.6478350764956728,78.5,2.285152236156059,4.063125552766316,0.3236929922135706,330.2783333333333,0,46
3361,14.0,1.2027949002884855,2.405589800576971,31056.68892794119,-0.1635150166852058,1.5380713659541556,31056.68892794119,2161.7390930502224,0.8381411673711299,84.5,2.155426999510283,1.7920154125972039,0.6184649610678532,330.2783333333333,0,46
3362,15.0,0.9814800249316775,1.962960049863355,32821.62001746855,0.20578420467185762,1.4749030431446843,32821.62001746855,1764.9310895273593,0.7541692361896215,90.5,2.361682533624276,2.4062461523744987,0.5817575083426029,330.2783333333333,0,46
3363,16.0,0.5342557793223742,1.0685115586447484,33783.3931474816,-0.027808676307007785,1.6523657401319396,33783.3931474816,961.7731300130472,0.5119216527779809,96.5,3.9790308540888155,7.447801236957394,0.18687430478309233,330.2783333333333,0,46
3364,17.0,1.73776076458528,3.47552152917056,36910.531089737124,-0.07897664071190211,1.128513252016736,36910.531089737124,3127.1379422555256,1.1807095604397309,102.5,7.944549547249074,4.571716492370603,0.7052280311457174,330.2783333333333,0,46
3365,18.0,0.49752204081624624,0.9950440816324925,37805.6089265867,0.289210233592881,1.7769971640893887,37805.6089265867,895.0778368495739,0.6960736750930065,108.5,4.034097347753857,8.108379160721046,0.23136818687430477,330.2783333333333,0,46
3366,19.0,1.07292586319631,2.14585172639262,39708.512820698415,-0.3688989784335982,1.1066351070958678,39708.512820698415,1902.9038941117178,0.941164555231494,114.5,4.432302604238686,4.131042746079951,0.695800227014756,330.2783333333333,0,46
3367,20.0,0.7135886080562676,1.4271772161125351,41002.24623899922,0.07838745800671892,1.344561598383067,41002.24623899922,1293.733418300806,0.7032612252614894,120.5,2.8405236470179323,3.9806179848571133,0.5173572228443449,330.2783333333333,0,46
3368,21.0,0.44499117078967965,0.8899823415793593,41802.8280397625,-0.02335928809788654,1.7251516936945681,41802.8280397625,800.581800763277,0.44733858173217916,126.5,1.8301346563447878,4.112743749717636,0.20244716351501668,330.2783333333333,0,46
3369,22.0,1.3228073382939238,2.6456146765878477,44181.43928560992,0.05116796440489433,1.311960012035223,44181.43928560992,2378.6112458474236,0.9773761197862598,132.5,3.610699229300971,2.729573026074856,0.7931034482758621,330.2783333333333,0,46
3370,23.0,0.5474298862659391,1.0948597725318783,45200.38109059273,-0.778642936596218,1.7453634371237028,45200.38109059273,1018.9418049828091,0.682128624239247,138.5,3.0631951599674085,5.595593585256544,0.24805339265850945,330.2783333333333,0,46
3371,24.0,1.6970833282952895,3.394166656590579,48236.30672809496,-0.026615969581749048,0.9917239591592317,48236.30672809496,3035.9256375022305,1.1347759888879054,144.5,3.912308888145634,2.305313370838146,0.7237008871989861,330.2783333333333,0,46
3372,25.0,0.6374101308435112,1.2748202616870223,49383.37016881723,0.04449388209121246,1.6093143514993824,49383.37016881723,1147.0634407222678,0.5909069211110758,150.5,2.467628332705813,3.8713352883806516,0.37263626251390436,330.2783333333333,0,46
3373,26.0,0.6428092146175942,1.2856184292351884,50541.104523801885,0.11790878754171301,1.733821454663985,50541.104523801885,1157.7343549846555,0.693260465678852,156.5,4.908255397319458,7.635633226321076,0.2992213570634038,330.2783333333333,0,46
3374,27.0,0.7784774169789644,1.5569548339579289,51865.22760738369,-0.17668711656441718,1.5479802086635719,51865.22760738369,1324.123083581806,0.5619456398979474,162.5,2.2883912656400884,2.9395730893782934,0.35460122699386504,330.2783333333333,0,46
3375,28.0,0.46394655914379884,0.9278931182875977,52699.51469975493,0.03781979977753059,1.6840061269249564,52699.51469975493,834.2870923712399,0.5513969771872047,168.5,3.3345659842148963,7.187392423749731,0.10011123470522804,330.2783333333333,0,46
3376,29.0,0.5185116656962399,1.0370233313924797,53633.20825930942,-0.04338153503893215,1.8405520280400929,53633.20825930942,933.6935595544855,0.5838120107097089,174.5,4.570078525486833,8.813839355668666,0.1446051167964405,330.2783333333333,0,46
3377,30.0,0.44554328371391594,0.8910865674278319,54435.262757286895,0.0033370411568409346,1.6820495989455502,54435.262757286895,802.0544979774786,0.44075937494122835,180.5,2.554002611741755,5.732333322258504,0.12124582869855395,330.2783333333333,0,46
3378,31.0,1.192272933668748,2.384545867337496,56579.19456851064,0.004449388209121246,1.9631026167284207,56579.19456851064,2143.931811223745,1.1463270104466106,186.5,4.4802747907600855,3.7577593722385467,0.3426028921023359,330.2783333333333,0,46
3379,32.0,0.40108304158955566,0.8021660831791113,57300.71231900501,0.01557285873192436,1.71886156504117,57300.71231900501,721.5177504943713,0.4355323904717678,192.5,2.763763243755478,6.890750685449692,0.07675194660734148,330.2783333333333,0,46
3380,33.0,0.8607051544768619,1.7214103089537238,58848.437211965225,0.0389321468298109,1.5531740715746707,58848.437211965225,1547.7248929602138,0.8514526235741032,198.5,4.4439551168614235,5.163156156027051,0.6028921023359288,330.2783333333333,0,46
3381,34.0,0.3978730797744809,0.7957461595489618,59564.666559198035,-0.04671857619577308,1.813032177352829,59564.666559198035,716.2293472328092,0.375977015431593,204.5,1.6858801663005503,4.237231046785389,0.09566184649610679,330.2783333333333,0,46
3382,35.0,0.4940084488572447,0.9880168977144894,60452.83392306693,0.028921023359288096,1.8157630766930495,60452.83392306693,888.1673638688953,0.4727508981725402,210.5,2.082781282803336,4.21608433544262,0.18131256952169078,330.2783333333333,0,46
3383,36.0,0.476712210160356,0.953424420320712,61309.83598192376,0.0011123470522803114,1.9595004522969315,61309.83598192376,857.0020588568295,0.46818767987773446,216.5,2.0613214087356386,4.32403736426691,0.17908787541713014,330.2783333333333,0,46
3384,37.0,0.7035149870091065,1.407029974018213,62574.64800333648,-0.041156840934371525,1.5122473947073918,62574.64800333648,1264.8120214127193,0.7421992219243202,222.5,5.151755355808753,7.32287932871296,0.45383759733036705,330.2783333333333,0,46
3385,38.0,0.9302778573931092,1.8605557147862184,64247.614437506345,0.012235817575083427,1.7163433128008023,64247.614437506345,1672.9664341698663,1.0368602145937982,228.5,8.928697216425483,9.597882122494148,0.4671857619577308,330.2783333333333,0,46
3386,39.0,0.22287907461434853,0.44575814922869705,64647.661324246714,-0.02224694104560623,1.866940605973175,64647.661324246714,400.0468867403688,0.22603752903776494,234.5,1.2872365097341523,5.775492885375083,0.03114571746384872,330.2783333333333,0,46
3387,40.0,0.18742518096509733,0.37485036193019466,64984.760317475804,0.027808676307007785,2.0443181763303224,64984.760317475804,337.0989932290904,0.23586617046909808,240.5,1.9679745589797395,10.500054202141703,0.011123470522803115,330.2783333333333,0,46
3388,41.0,0.21893931888840376,0.4378786377768075,65378.987918970306,-0.025583982202447165,1.828059196325317,65378.987918970306,394.22760149450187,0.26316405876388627,246.5,2.142274980493081,9.784788732192167,0.04338153503893215,330.2783333333333,0,46
3389,42.0,0.19507471767163861,0.39014943534327723,65729.81844568369,-0.0033370411568409346,1.7812013629756704,65729.81844568369,350.83052671338373,0.1589651181561731,252.5,0.2793956309334719,1.4322493158942682,0.03337041156840934,330.2783333333333,0,46
3390,43.0,0.1656849914625563,0.3313699829251126,66027.73798559819,0.002224694104560623,1.8790338636985866,66027.73798559819,297.91953991449554,0.18417726065819337,258.5,1.158828853372801,6.994169134714224,0.011123470522803115,330.2783333333333,0,46
3391,44.0,0.13660338094189375,0.2732067618837875,66273.35086453146,-0.0055617352614015575,1.869616901158324,66273.35086453146,245.61287893327244,0.19651522233606994,264.5,1.7106147253039587,12.522491855685429,0.011123470522803115,330.2783333333333,0,46
3392,45.0,0.10919036715769216,0.21838073431538432,66469.6340753962,0.002224694104560623,1.9298780643458737,66469.6340753962,196.2832108647417,0.13169575774006415,270.5,0.8347239720745452,7.644666776044824,0.011123470522803115,330.2783333333333,0,46
3393,46.0,0.11904420042453216,0.23808840084906432,66683.71382952608,0.0055617352614015575,1.982110324624172,66683.71382952608,214.07975412988162,0.11735298365021812,276.5,0.33617289889419216,2.8239334440093815,0.011123470522803115,330.2783333333333,0,46
3394,47.0,0.20096880229067635,0.4019376045813527,67044.71476472262,0.0033370411568409346,2.0169419042412375,67044.71476472262,361.00093519654183,0.15417390768877506,282.5,0.19067486333969028,0.9487784231499914,0.0033370411568409346,330.2783333333333,0,46
3395,48.0,0.14820882538989233,0.29641765077978466,67311.22844048272,-0.002224694104560623,1.937792416334498,67311.22844048272,266.51367576009943,0.15157082062078384,288.5,0.7828567161383029,5.282119428980326,0.008898776418242492,330.2783333333333,0,46
3396,49.0,0.10629670030094214,0.21259340060188428,67502.64791337322,0.0033370411568409346,1.8671488612769187,67502.64791337322,191.41947289049858,0.0967370149571544,294.5,0.19575897342854418,1.8416279421122266,0.011123470522803115,330.2783333333333,0,46
3397,50.0,0.15422185928281246,0.3084437185656249,67780.03601305986,0.006674082313681869,1.875479711060009,67780.03601305986,277.38809968663554,0.16661848037476884,300.5,0.7089270202091391,4.596799853833346,0.011123470522803115,330.2783333333333,0,46
3398,51.0,0.1653215476823332,0.3306430953646664,68078.16780732262,-0.012235817575083427,1.717167899395104,68078.16780732262,298.13179426276474,0.15566177720853497,306.5,0.3969386102772106,2.401009522605799,0.03114571746384872,330.2783333333333,0,46
3399,52.0,0.11115840791270644,0.22231681582541288,68278.04730977025,0.017797552836484983,2.2572227190817227,68278.04730977025,199.8795024476276,0.10630331183285235,312.5,0.4343623231873657,3.9075975568890278,0.014460511679644048,330.2783333333333,0,46
3400,53.0,0.2062590229964213,0.4125180459928426,68648.89254594594,-0.010011123470522803,1.9928298871977408,68648.89254594594,370.84523617569357,0.25101141306022307,318.5,1.0351107835741478,5.018499402046074,0.05116796440489433,330.2783333333333,0,46
3401,54.0,0.071069016371056,0.142138032742112,68776.7421222994,-0.014460511679644048,1.8216808309785901,68776.7421222994,127.84957635345927,0.07246487817061076,324.5,0.12081027592714148,1.6999007738672376,0.002224694104560623,330.2783333333333,0,46
3402,55.0,0.06001455955051184,0.12002911910102368,68884.634022222,0.0,1.8806068350331435,68884.634022222,107.89189992260071,0.05732608160212989,330.5,0.06845414316859377,1.1406256028752269,0.0,330.2783333333333,0,46
3403,56.0,0.05870175438104791,0.11740350876209582,68990.16878997396,0.0055617352614015575,1.8980776870532683,68990.16878997396,105.53476775196032,0.05765183352506212,336.5,0.06575331553650969,1.1201252199327523,0.0,330.2783333333333,0,46
3404,57.0,0.07847021195664754,0.15694042391329507,69131.2706541426,-0.006674082313681869,1.9218987201553372,69131.2706541426,141.1018641686387,0.08169440614421651,342.5,0.26462244858636536,3.3722662649689465,0.008898776418242492,330.2783333333333,0,46
3405,58.0,0.04191376242774013,0.08382752485548026,69206.6605408368,0.0,1.7252903150162366,69206.6605408368,75.3898866942036,0.03906338331477678,348.5,0.08142281441521375,1.9426271873251117,0.002224694104560623,330.2783333333333,0,46
3406,59.0,0.03657834676204702,0.07315669352409404,69272.42840831481,0.01557285873192436,1.4230592246178508,69272.42840831481,65.76786747800361,0.04468959660448695,354.5,0.20510937188169204,5.607398639856231,0.010011123470522803,330.2783333333333,0,46
3407,60.0,0.06204325512839544,0.12408651025679088,69384.02017713942,0.004449388209121246,1.7348196616554459,69384.02017713942,111.59176882461179,0.05852528156041153,360.5,0.08324547137925027,1.3417328153878758,0.0011123470522803114,330.2783333333333,0,46
3408,61.0,0.06810904239381793,0.13621808478763586,69506.63858687907,-0.017797552836484983,1.7865960153411766,69506.63858687907,122.61840973964718,0.06641106944063867,366.5,0.10877115815948746,1.5970149386413972,0.0,330.2783333333333,0,46
3409,62.0,0.0849773277149383,0.1699546554298766,69659.43186387126,0.004449388209121246,1.5719415641155048,69659.43186387126,152.79327699218993,0.08348260666948172,372.5,0.10990317660192243,1.2933235200170032,0.0,330.2783333333333,0,46
3410,63.0,0.12637505212677508,0.25275010425355016,69886.65420759514,-0.004449388209121246,1.5444828120879355,69886.65420759514,227.2223437238863,0.12953883440785588,378.5,0.613625189943519,4.855588026408499,0.012235817575083427,330.2783333333333,0,46
3411,64.0,0.06797437012656005,0.1359487402531201,70008.91560605564,0.0011123470522803114,1.5248133277225284,70008.91560605564,122.26139846049773,0.06397639367875256,384.5,0.08399517038328326,1.2356888372322454,0.0,330.2783333333333,0,46
3412,65.0,0.05945931035940712,0.11891862071881425,70115.92187810391,-0.0033370411568409346,1.4472427776214023,70115.92187810391,107.00627204826742,0.060348028502910225,390.5,0.0861112156893621,1.4482377136373623,0.0,330.2783333333333,0,46
3413,66.0,0.06750402036872305,0.1350080407374461,70237.31036054682,0.002224694104560623,1.3485605339696929,70237.31036054682,121.38848244291148,0.07200965337534164,396.5,0.10298146709015259,1.5255605003619528,0.0,330.2783333333333,0,46
3414,67.0,0.07228333703794912,0.14456667407589824,70367.32132149143,0.0011123470522803114,1.1717322005510145,70367.32132149143,130.0109609446081,0.07932314958588906,402.5,0.1184229267602881,1.6383157116572449,0.0,330.2783333333333,0,46
3415,68.0,0.06832342691207058,0.13664685382414116,70490.36348154451,-0.0033370411568409346,1.0539613431052781,70490.36348154451,123.04216005308263,0.07643482780719706,408.5,0.1280134623289286,1.873639366679845,0.0,330.2783333333333,0,46
3416,69.0,0.03235338961409281,0.06470677922818562,70548.53487607063,0.0011123470522803114,1.0525340146210656,70548.53487607063,58.171394526114454,0.03748738621040813,414.5,0.06094693033736923,1.8837880996191314,0.0,330.2783333333333,0,46
3417,70.0,0.03561298827092743,0.07122597654185486,70612.72788713816,0.0011123470522803114,1.1093963766027226,70612.72788713816,64.19301106753119,0.03950924107103065,420.5,0.06399944077600761,1.7970814549211358,0.0,330.2783333333333,0,46
3418,71.0,0.03777913543053922,0.07555827086107844,70680.65477264224,0.0033370411568409346,1.117410216497044,70680.65477264224,67.92688550408639,0.04167894182389743,426.5,0.07764336374441473,2.0551916516768878,0.0,330.2783333333333,0,46
3419,72.0,0.04431672740806651,0.08863345481613302,70760.3678211504,-0.004449388209121246,1.376156360066954,70760.3678211504,79.71304850815795,0.05115908168305878,432.5,0.06927169267937765,1.5631048755366546,0.0,330.2783333333333,0,46
3420,73.0,0.049334719850795225,0.09866943970159045,70849.11763390484,0.002224694104560623,1.4770065449996612,70849.11763390484,88.74981275443861,0.060756219536717365,438.5,0.08255394051303927,1.6733436566116142,0.0,330.2783333333333,0,46
3421,74.0,0.06630113867890745,0.1326022773578149,70968.32708124934,0.0,1.4256005901761615,70968.32708124934,119.20944734450313,0.08706740877437882,444.5,0.32017969919557654,4.8291734587876105,0.011123470522803115,330.2783333333333,0,46
3422,75.0,0.04057063479026595,0.0811412695805319,71041.55159686913,0.0011123470522803114,1.2409281602283038,71041.55159686913,73.2245156197896,0.04916120194327352,450.5,0.07357762606294509,1.8135685192827806,0.0,330.2783333333333,0,46
3423,76.0,0.04052935290682704,0.08105870581365408,71114.34948505533,-0.004449388209121246,1.3335612244279496,71114.34948505533,72.79788818619272,0.04798295012381908,456.5,0.06677482412131287,1.6475669936014414,0.0,330.2783333333333,0,46
3424,77.0,0.04530405653308604,0.09060811306617209,71195.86378547628,0.002224694104560623,1.3482421831722256,71195.86378547628,81.51430042095308,0.05301071803912511,462.5,0.07717521049759385,1.7034944860010925,0.0,330.2783333333333,0,46
3425,78.0,0.04324187428389157,0.08648374856778314,71273.68715413244,-0.0011123470522803114,1.2915847322392422,71273.68715413244,77.82336865615798,0.05075135951148145,468.5,0.08160667715740792,1.8872141531526532,0.0,330.2783333333333,0,46
3426,79.0,0.08164054214987948,0.16328108429975896,71420.4768489179,-0.0011123470522803114,1.3822403084293529,71420.4768489179,146.7896947854606,0.09190123430173301,474.5,0.7796359313053584,9.549617270719084,0.012235817575083427,330.2783333333333,0,46
3427,80.0,0.04139152227574397,0.08278304455148794,71494.89880596985,0.0011123470522803114,1.2325120702574908,71494.89880596985,74.421957051949,0.04825647053273738,480.5,0.0748038816463391,1.8072271212449524,0.0,330.2783333333333,0,46
3428,81.0,0.04272051442293575,0.0854410288458715,71571.7102909021,0.0033370411568409346,1.332602195421857,71571.7102909021,76.81148493225919,0.046899275197375585,486.5,0.07099159975481642,1.6617683731987674,0.0,330.2783333333333,0,46
3429,82.0,0.04623409411521323,0.09246818823042646,71654.88982020527,-0.004449388209121246,1.198503640772281,71654.88982020527,83.17952930316096,0.054599658377490715,492.5,0.08148543916198639,1.7624534604036672,0.0,330.2783333333333,0,46
3430,83.0,0.0329102923653285,0.065820584730657,71713.67272313904,0.007847533632286996,1.259975223367207,71713.67272313904,58.782902933773585,0.03767191129314391,498.49611111111113,0.05385567620717676,1.636438704625868,0.0,330.2783333333333,0,46
3431,0.0,0.9347705982834492,1.8695411965668984,1680.0395299191603,-0.010011123470522803,1.5134643940880412,1680.0395299191603,1680.0395299191603,0.9838653047140079,0.5,6.801892453636647,7.27653658141066,0.17686318131256953,384.22277777777776,0,47
3432,1.0,0.3683931025135531,0.7367862050271062,2381.8705942517076,-0.0011123470522803114,1.6551118037435248,2381.8705942517076,701.8310643325474,0.3071524563164839,6.5,1.2542647764944226,3.404691260331831,0.1457174638487208,384.22277777777776,0,47
3433,2.0,0.04947420027920385,0.0989484005584077,2470.711155739202,-0.017817371937639197,1.246727468788726,2470.711155739202,88.84056148749414,0.10083309035138795,12.499444444444444,0.0774919817473692,1.5663109521740453,0.005567928730512249,384.22277777777776,0,47
3434,3.0,0.21100851603705673,0.42201703207411345,2793.5450534593106,0.018741633199464525,1.8541083006045487,2793.5450534593106,322.8338977201088,0.17272309896552673,18.5,0.1959969066748166,0.9288578032575527,0.009370816599732263,384.22277777777776,0,47
3435,4.0,0.4737513163823948,0.9475026327647896,3770.025757186184,0.020022246941045607,1.3481344438518486,3770.025757186184,976.4807037268733,0.35311504762392143,24.5,0.46748837967561346,0.9867801175633544,0.303670745272525,384.22277777777776,0,47
3436,5.0,1.8264552673237908,3.6529105346475816,7078.85016265189,-0.01557285873192436,1.1380885839054193,7078.85016265189,3308.824405465706,1.9965374130667637,30.5,14.249557991729171,7.801755809003908,0.5595105672969967,384.22277777777776,0,47
3437,6.0,0.672943250199814,1.345886500399628,8352.363350529049,-0.01557285873192436,1.2551152056449029,8352.363350529049,1273.513187877159,0.5363688624414998,36.5,0.7328081533329203,1.0889598091894537,0.5317018909899889,384.22277777777776,0,47
3438,7.0,2.29749920355355,4.5949984071071,12503.141986759705,0.4967234600262123,1.0804988265745912,12503.141986759705,4150.778636230656,1.2665622704738817,42.48555555555556,2.957961306485613,1.2874700029973998,0.9069462647444299,384.22277777777776,0,47
3439,8.0,0.425404557892651,0.850809115785302,13641.493832810296,-0.39265850945494996,1.6280635613296763,13641.493832810296,1138.3518460505911,0.34302783764977635,48.5,0.4231102719011878,0.9946068137990138,0.2992213570634038,384.22277777777776,0,47
3440,9.0,1.8974605913765104,3.7949211827530207,18018.329788315437,-0.021664766248574687,1.1169108233515235,18018.329788315437,4376.835955505141,1.4285695664226208,54.49944444444444,8.333585746465783,4.391967761723153,0.8905359179019384,384.22277777777776,0,47
3441,10.0,0.06822924605815182,0.13645849211630365,18697.02103844515,-0.01765650080256822,0.9008731372395605,18697.02103844515,678.691250129712,0.08926732068825342,60.477777777777774,0.11954870737984744,1.7521622220177548,0.0032102728731942215,384.22277777777776,0,47
3442,11.0,0.7798409591359866,1.5596819182719732,20630.85931273669,0.013348164627363738,1.3603056361362758,20630.85931273669,1933.838274291542,0.8456459797079557,66.5,5.769587961935618,7.39841616978922,0.2525027808676307,384.22277777777776,0,47
3443,12.0,1.1817555724738562,2.3635111449477124,22757.84590118721,0.5672969966629589,1.195439953376975,22757.84590118721,2126.98658845052,0.9333933509090834,72.5,3.9153689358131234,3.313180006942377,0.8264738598442715,384.22277777777776,0,47
3444,13.0,0.7963436073089759,1.5926872146179518,24363.536301326054,-0.5905420991926182,1.3688591132928989,24363.536301326054,1605.690400138843,0.6596144996237493,78.49888888888889,1.9472539845964068,2.4452434435640362,0.28027681660899656,384.22277777777776,0,47
3445,14.0,1.8377096105067672,3.6754192210135344,27607.64527598359,0.07142857142857142,0.6143306759803903,27607.64527598359,3244.1089746575344,1.0571965481169676,84.45111111111112,2.3234479876811767,1.2643172644890626,0.9839285714285714,384.22277777777776,0,47
3446,15.0,0.3483045786025994,0.6966091572051988,28231.971013220056,0.7289719626168224,1.9107324846940275,28231.971013220056,624.3257372364678,0.30487694594277176,90.5,4.545599757911274,13.05064600686059,0.02453271028037383,384.22277777777776,0,47
3447,16.0,0.741472406553388,1.482944813106776,29565.409146248807,-0.18131256952169078,1.6943216987446115,29565.409146248807,1333.4381330287506,0.7984847174835623,96.5,3.0228650791498737,4.076840961892517,0.24026696329254726,384.22277777777776,0,47
3448,17.0,2.3581450266610835,4.716290053322167,30975.64138563227,-1.5986622073578596,1.3833497983194865,30975.64138563227,1410.232239383462,3.826841652424408,102.16666666666667,10.55280384824323,4.4750444645828376,0.19063545150501673,384.22277777777776,0,47
3449,18.0,0.9197875479843872,1.8395750959687744,32793.80734337151,0.8153503893214683,1.5598512644693472,32793.80734337151,1818.165957739242,0.7377711560616798,108.5,3.864084685744446,4.201062184644879,0.5361512791991101,384.22277777777776,0,47
3450,19.0,0.6527657940957268,1.3055315881914535,33967.747789916146,-0.01668520578420467,1.3468261702847761,33967.747789916146,1173.940446544635,0.6317622247455307,114.5,1.9160818515640343,2.935328212499819,0.5016685205784205,384.22277777777776,0,47
3451,20.0,1.1915214693775122,2.3830429387550245,36111.59713005281,-0.00778642936596218,1.2714552805235606,36111.59713005281,2143.849340136665,0.8716184675229942,120.5,4.435396704532559,3.722464780135055,0.699666295884316,384.22277777777776,0,47
3452,21.0,0.8698718211232687,1.7397436422465373,37216.345549171965,-1.1927710843373494,1.4671069071188962,37216.345549171965,1104.7484191191543,0.7905670255401602,126.49888888888889,1.6570885502343922,1.9049801476435777,0.6058519793459552,384.22277777777776,0,47
3453,22.0,0.9541311510174049,1.9082623020348097,37696.46358661579,6.035714285714286,1.5056722535433484,37696.46358661579,480.1180374438263,0.8622269826129417,132.5,7.537762423526331,7.900132403693871,0.2,384.22277777777776,0,47
3454,23.0,0.4360281105257793,0.8720562210515586,38480.74839493064,-0.9632925472747497,1.5840756106401357,38480.74839493064,784.2848083148492,0.5818035094470522,138.5,2.1468856779415466,4.923732268896035,0.1557285873192436,384.22277777777776,0,47
3455,24.0,0.4681603613797241,0.9363207227594482,39322.51038405131,-0.013348164627363738,1.53641969303351,39322.51038405131,841.7619891206705,0.5122520519520686,144.5,4.273967888124092,9.129281845921774,0.05339265850945495,384.22277777777776,0,47
3456,25.0,0.6509180223235468,1.3018360446470936,40493.40929154703,-0.002224694104560623,1.8053823185311282,40493.40929154703,1170.8989074957208,0.7226747189729268,150.5,4.3932250480166255,6.749275480703957,0.185761957730812,384.22277777777776,0,47
3457,26.0,0.3779211748259851,0.7558423496519702,41172.96578980424,0.05005561735261402,1.8073109756335597,41172.96578980424,679.5564982572105,0.4529293806653979,156.5,3.5884419496474345,9.495212728685402,0.04671857619577308,384.22277777777776,0,47
3458,27.0,0.43868603527798977,0.8773720705559795,41961.8976822565,-0.04004449388209121,1.5696320861726358,41961.8976822565,788.9318924522595,0.5080863371777831,162.5,3.7424961411877984,8.531149478729647,0.10011123470522804,384.22277777777776,0,47
3459,28.0,0.4743792323126428,0.9487584646252856,42815.50118703408,0.014460511679644048,1.7866762607391067,42815.50118703408,853.6035047775804,0.4672883090994118,168.5,2.646199520755763,5.578236441454856,0.18687430478309233,384.22277777777776,0,47
3460,29.0,0.39617037426001167,0.7923407485200233,43527.87305651943,-0.004449388209121246,1.7206045251227509,43527.87305651943,712.3718694853451,0.4567351016692072,174.5,3.8915841386978163,9.823006442535554,0.07675194660734148,384.22277777777776,0,47
3461,30.0,0.5095589020673748,1.0191178041347495,44443.91990545535,-0.017797552836484983,1.433009094827458,44443.91990545535,916.0468489359191,0.44028063253412275,180.5,1.1894873859934973,2.334347179820678,0.40378197997775306,384.22277777777776,0,47
3462,31.0,0.35565807859276,0.71131615718552,45083.4967899123,-0.01668520578420467,1.4975947644336531,45083.4967899123,639.5768844569538,0.42396330012913297,186.5,3.6771090988191566,10.33888816294699,0.04004449388209121,384.22277777777776,0,47
3463,32.0,0.3538101342932286,0.7076202685864572,45719.803503089955,0.004449388209121246,1.5499781528737422,45719.803503089955,636.3067131776552,0.3880963671532407,192.5,2.7362475541238265,7.733660765793938,0.10456062291434928,384.22277777777776,0,47
3464,33.0,0.31653933495610104,0.6330786699122021,46288.84855668205,0.042269187986651836,1.9464413848534168,46288.84855668205,569.0450535920972,0.3911144250835032,198.5,3.2263454274328884,10.192557673378353,0.041156840934371525,384.22277777777776,0,47
3465,34.0,0.6766342792146371,1.3532685584292743,47505.758650191005,-0.020022246941045607,1.2882043491595863,47505.758650191005,1216.9100935089518,0.5990879239979267,204.5,2.5328659026500118,3.7433307481700226,0.5650723025583982,384.22277777777776,0,47
3466,35.0,0.27748746982170963,0.5549749396434193,48005.04774325757,-0.012235817575083427,1.764218015454792,48005.04774325757,499.28909306656715,0.314004095238626,210.5,2.178437975205222,7.850581421225633,0.020022246941045607,384.22277777777776,0,47
3467,36.0,0.5217290347749867,1.0434580695499733,48943.09592044201,-0.014460511679644048,1.5347101397463976,48943.09592044201,938.0481771844352,0.5520895278982694,216.5,3.446626914179051,6.606162748188867,0.21802002224694106,384.22277777777776,0,47
3468,37.0,0.30667657520226216,0.6133531504045243,49494.48963405204,0.0,2.0308951453749073,49494.48963405204,551.3937136100358,0.29920881635921603,222.5,1.43044482367878,4.664343283263026,0.058954393770856504,384.22277777777776,0,47
3469,38.0,0.16475674914035168,0.32951349828070337,49791.027084836714,-0.004449388209121246,1.8793972335363054,49791.027084836714,296.5374507846718,0.21206817365090463,228.5,1.4454742685488278,8.77338425339692,0.011123470522803115,384.22277777777776,0,47
3470,39.0,0.24619010226437021,0.49238020452874043,50233.72589326056,0.004449388209121246,2.097229311448435,50233.72589326056,442.69880842384737,0.2870405509187144,234.5,2.243218568348306,9.111733362616809,0.012235817575083427,384.22277777777776,0,47
3471,40.0,0.2694118266817979,0.5388236533635958,50719.155989568404,0.0011123470522803114,2.155399748866675,50719.155989568404,485.4300963078422,0.2491885838365428,240.5,0.9379179194765319,3.4813539220915715,0.013348164627363738,384.22277777777776,0,47
3472,41.0,0.3915516389443468,0.7831032778886936,51423.374229895955,-0.0011123470522803114,1.6526367319751512,51423.374229895955,704.218240327551,0.48834131362289507,246.5,4.579544545450916,11.695889098555988,0.0389321468298109,384.22277777777776,0,47
3473,42.0,1.8647793617358353,3.7295587234716705,54776.505158904125,0.027808676307007785,1.6187174372409556,54776.505158904125,3353.13092900817,2.0455098865368018,252.5,7.924106325332671,4.249353295049605,0.16796440489432704,384.22277777777776,0,47
3474,43.0,0.41905012192435237,0.8381002438487047,55529.92486718274,-0.030033370411568408,1.727557129624741,55529.92486718274,753.4197082786122,0.47026033128072287,258.5,3.562552439273576,8.501494816213642,0.10901001112347053,384.22277777777776,0,47
3475,44.0,0.3605316660555356,0.7210633321110712,56178.29010069402,0.008898776418242492,1.6959750953967956,56178.29010069402,648.3652335112856,0.3664201405039302,264.5,2.0742055131287205,5.753185388185053,0.08342602892102335,384.22277777777776,0,47
3476,45.0,0.19526436266677447,0.39052872533354893,56529.436791684566,-0.00778642936596218,1.586564851055442,56529.436791684566,351.146690990543,0.20004947260531888,270.5,1.2013502794752609,6.152429778112699,0.012235817575083427,384.22277777777776,0,47
3477,46.0,0.13702898667723432,0.27405797335446863,56776.140221067246,-0.0055617352614015575,1.761070406640254,56776.140221067246,246.70342938268004,0.14247928644538208,276.5,0.6509863039925451,4.750719681857638,0.02335928809788654,384.22277777777776,0,47
3478,47.0,0.054617847012155926,0.10923569402431185,56874.38605414745,0.0033370411568409346,1.669226209228324,56874.38605414745,98.24583308020374,0.07199220236456687,282.5,0.48891225445605146,8.95151092915174,0.012235817575083427,384.22277777777776,0,47
3479,48.0,0.08383044630689973,0.16766089261379946,57025.1131966073,0.00778642936596218,1.7582726059915106,57025.1131966073,150.72714245985117,0.10167904800102773,288.5,0.5850175802381391,6.97858124357843,0.011123470522803115,384.22277777777776,0,47
3480,49.0,0.06976717098673248,0.13953434197346495,57150.71492633597,-0.0011123470522803114,1.8348472080908123,57150.71492633597,125.60172972866712,0.07911375938137134,294.5,0.24937517507330903,3.5743913870426587,0.011123470522803115,384.22277777777776,0,47
3481,50.0,0.08626234171116295,0.1725246834223259,57305.93603611805,-0.006674082313681869,1.84591596386225,57305.93603611805,155.22110978208366,0.09752947589227584,300.5,0.35779964907918044,4.14780820902383,0.011123470522803115,384.22277777777776,0,47
3482,51.0,0.08465167199885991,0.16930334399771982,57458.84458059481,-0.002224694104560623,1.7860574842266186,57458.84458059481,152.9085444767552,0.09231512920616215,306.5,0.10967416470487336,1.295593602762512,0.002224694104560623,384.22277777777776,0,47
3483,52.0,0.08298442102148462,0.16596884204296924,57608.099034732506,0.0,1.7194260388891793,57608.099034732506,149.2544541376992,0.0957904094925736,312.5,0.14804862026293397,1.7840531805916229,0.0,384.22277777777776,0,47
3484,53.0,0.09389109595347653,0.18778219190695306,57776.859787749,0.002224694104560623,1.58370181129613,57776.859787749,168.7607530164969,0.12229249168291646,318.5,0.6281025664493192,6.689692564250682,0.008898776418242492,384.22277777777776,0,47
3485,54.0,0.07505592178415588,0.15011184356831175,57911.810335116956,0.011123470522803115,1.8261847828310478,57911.810335116956,134.95054736795282,0.09029487137152147,324.5,0.37394387816414854,4.9822035260525865,0.011123470522803115,384.22277777777776,0,47
3486,55.0,0.09194595536390167,0.18389191072780334,58077.12916286118,-0.013348164627363738,1.5612775560259384,58077.12916286118,165.3188277442241,0.10094084972351389,330.5,0.4546973174886873,4.945267202772501,0.011123470522803115,384.22277777777776,0,47
3487,56.0,0.10752463154137881,0.21504926308275762,58270.57327438981,0.02224694104560623,1.8246528229831618,58270.57327438981,193.44411152863177,0.15052937388992085,336.5,1.2768078808141234,11.874561786549979,0.011123470522803115,384.22277777777776,0,47
3488,57.0,0.23879041602848883,0.47758083205697766,58700.133230289066,0.026696329254727477,1.5653770281199275,58700.133230289066,429.5599558992544,0.23988006219894306,342.5,1.1855708681090447,4.964901388536466,0.024471635150166853,384.22277777777776,0,47
3489,58.0,0.3841284696627319,0.7682569393254638,59391.11668817409,-0.042269187986651836,1.8842004486677022,59391.11668817409,690.9834578850205,0.41561447318917666,348.5,2.2252764867923718,5.793052748071976,0.0867630700778643,384.22277777777776,0,47
3490,59.0,0.27113561419781473,0.5422712283956295,59878.72666346214,0.011123470522803115,1.7605931973704718,59878.72666346214,487.60997528805456,0.325005199615738,354.5,2.7298548593502217,10.068226807558295,0.024471635150166853,384.22277777777776,0,47
3491,60.0,0.5017355227988841,1.0034710455977682,60781.115540333296,-0.011123470522803115,1.5820004152540805,60781.115540333296,902.3888768711549,0.5224763579789509,360.5,3.9686291100436217,7.909802933435927,0.23804226918798665,384.22277777777776,0,47
3492,61.0,0.2896686937602268,0.5793373875204536,61302.8264548483,0.011123470522803115,1.7792179891140947,61302.8264548483,521.7109145150025,0.2502421538404846,366.5,0.7960566454037342,2.748162513076646,0.08231368186874305,384.22277777777776,0,47
3493,62.0,0.29665769882093235,0.5933153976418647,61836.255589272296,0.04004449388209121,1.666323750770902,61836.255589272296,533.4291344239973,0.37390344005909315,372.5,3.0611905218408917,10.31893166436472,0.017797552836484983,384.22277777777776,0,47
3494,63.0,1.0068928563702377,2.0137857127404755,63647.56566920723,-0.041156840934371525,1.425677596931617,63647.56566920723,1811.310079934934,0.8972418583988981,378.5,5.423419530837723,5.386292589649195,0.5183537263626251,384.22277777777776,0,47
3495,64.0,0.12251861151540236,0.24503722303080472,63867.97058280274,-0.008898776418242492,1.6204529098218645,63867.97058280274,220.4049135955138,0.13451932402794742,384.5,0.4754446842783765,3.880591515017343,0.011123470522803115,384.22277777777776,0,47
3496,65.0,0.134471934724838,0.268943869449676,64109.75386024169,0.0033370411568409346,1.5324522576823987,64109.75386024169,241.78327743894624,0.13627144002176855,390.5,0.3630023144107695,2.6994652464364384,0.01557285873192436,384.22277777777776,0,47
3497,66.0,0.1187962142374605,0.237592428474921,64323.4605871835,-0.011123470522803115,1.441612870119128,64323.4605871835,213.7067269418112,0.12352501412864478,396.5,0.4192126279447987,3.5288382768396893,0.011123470522803115,384.22277777777776,0,47
3498,67.0,0.09248136531012378,0.18496273062024757,64489.78745518387,0.002224694104560623,1.3946343269714914,64489.78745518387,166.32686800036754,0.11317975805191993,402.5,0.2926777746568408,3.1647216028373433,0.011123470522803115,384.22277777777776,0,47
3499,68.0,0.19997756764500887,0.39995513529001775,64849.42026790948,0.00778642936596218,1.4591540186921126,64849.42026790948,359.6328127256129,0.23329169308607475,408.5,0.9899491095137903,4.950300782091236,0.058954393770856504,384.22277777777776,0,47
3500,69.0,0.4672595051554704,0.9345190103109408,65689.55285817904,-0.008898776418242492,1.9625607251479036,65689.55285817904,840.1325902695608,0.39358254119927866,414.5,2.407843486101033,5.153118255560956,0.10344827586206896,384.22277777777776,0,47
3501,70.0,0.08388126949695113,0.16776253899390225,65840.36978817277,0.014460511679644048,1.675855156373449,65840.36978817277,150.816929993729,0.0948832604752976,420.5,0.3102905906839329,3.699164218004726,0.011123470522803115,384.22277777777776,0,47
3502,71.0,0.07034085660494799,0.14068171320989598,65966.86839211048,-0.004449388209121246,1.7327289678460562,65966.86839211048,126.49860393771087,0.0879537740415881,426.5,0.49829849843024515,7.08405502123489,0.012235817575083427,384.22277777777776,0,47
3503,72.0,0.08348480312904394,0.16696960625808788,66116.97406813654,0.0,1.845519215973699,66116.97406813654,150.10567602605443,0.08213816539593835,432.5,0.12330653531031475,1.4769937843623786,0.0,384.22277777777776,0,47
3504,73.0,0.06812883279456805,0.1362576655891361,66239.70873285008,-0.006674082313681869,1.9053952732693016,66239.70873285008,122.73466471354186,0.0756689681313119,438.5,0.10813334556396068,1.5871891698191871,0.0,384.22277777777776,0,47
3505,74.0,0.09673428303990128,0.19346856607980256,66414.03393749025,-0.002224694104560623,1.876152669657987,66414.03393749025,174.3252046401758,0.12063615918344131,444.5,0.6163847623299735,6.371937052303629,0.011123470522803115,384.22277777777776,0,47
3506,75.0,0.08636208042620294,0.17272416085240588,66569.40518543821,-0.0033370411568409346,1.79255174697089,66569.40518543821,155.37124794795818,0.10036346384774768,450.5,0.2889893119008366,3.346252319011469,0.011123470522803115,384.22277777777776,0,47
3507,76.0,0.08661354531432733,0.17322709062865466,66725.13633991344,0.014460511679644048,1.6183696690536342,66725.13633991344,155.73115447523014,0.10906717176320455,456.5,0.35011709109278105,4.0422902655950494,0.011123470522803115,384.22277777777776,0,47
3508,77.0,0.06928615684298851,0.13857231368597703,66849.86368672558,-0.010011123470522803,1.4574385790895183,66849.86368672558,124.72734681214206,0.08898557376743572,462.5,0.26619657744061465,3.8419879174977316,0.011123470522803115,384.22277777777776,0,47
3509,78.0,0.06256903819392769,0.12513807638785537,66962.3520053325,-0.004449388209121246,1.4592674932761691,66962.3520053325,112.48831860692007,0.07515635509521994,468.5,0.20475385775076857,3.272446942785831,0.011123470522803115,384.22277777777776,0,47
3510,79.0,0.08723815254925514,0.17447630509851028,67119.20620361612,0.0,1.4328186188540184,67119.20620361612,156.85419828361773,0.10444815734560811,474.5,0.32409309072792736,3.7150384465666284,0.011123470522803115,384.22277777777776,0,47
3511,80.0,0.0456044461422904,0.0912088922845808,67201.2057796869,0.0011123470522803114,1.2373535487953866,67201.2057796869,81.9995760707825,0.04859796294728504,480.5,0.08354098724580039,1.8318605818639746,0.0,384.22277777777776,0,47
3512,81.0,0.04535042444510979,0.09070084889021958,67282.78598080501,0.002224694104560623,1.35490682423885,67282.78598080501,81.58020111810765,0.05053902818280892,486.5,0.07586923299861029,1.672955301453444,0.0,384.22277777777776,0,47
3513,82.0,0.03324932302756453,0.06649864605512906,67342.58333582204,-0.002224694104560623,1.357913873420586,67342.58333582204,59.79735501702817,0.036578142430528864,492.5,0.054135919290995295,1.6281810984877871,0.0,384.22277777777776,0,47
3514,83.0,0.03239962230762119,0.06479924461524238,67400.42823229516,0.011210762331838564,1.2573077039501004,67400.42823229516,57.84489647312148,0.037473701174911965,498.49611111111113,0.05896893033496305,1.8200499306774978,0.0,384.22277777777776,0,47
3515,0.0,4.7620967736154265,9.524193547230853,8562.249998960555,0.008898776418242492,1.1454162776568526,8562.249998960555,8562.249998960555,5.765685888362734,0.5,26.37631711203568,5.538803255358992,0.13125695216907676,282.38944444444445,0,48
3516,1.0,8.825242835093743,17.650485670187486,24430.415245358407,0.01668520578420467,1.36108608183057,24430.415245358407,15868.165246397852,8.94769683079082,6.5,28.67229886554099,3.248896308158803,0.4760845383759733,282.38944444444445,0,48
3517,2.0,15.45818869685891,30.91637739371782,52300.193029885726,-0.010011123470522803,1.7546472443734642,52300.193029885726,27869.77778452732,17.378412435850695,12.5,50.07895421089478,3.2396392095453446,0.27474972191323693,282.38944444444445,0,48
3518,3.0,2.3035901650056214,4.607180330011243,56462.418480783876,0.030066815144766147,1.2433957282316055,56462.418480783876,4162.22545089815,2.132742567180262,18.499444444444446,16.491892778683887,7.1592130532662015,0.18262806236080179,282.38944444444445,0,48
3519,4.0,0.8587703785573674,1.7175407571147348,58259.70013048379,-0.026225769669327253,1.372653653862437,58259.70013048379,1797.2816496999149,0.5471428338736198,24.5,1.592179978662248,1.854022936069269,0.11630558722919042,282.38944444444445,0,48
3520,5.0,0.8031414053338229,1.6062828106676459,59808.35185361247,-0.008898776418242492,1.2892474933419307,59808.35185361247,1548.651723128678,0.5819131402391692,30.5,1.0936999766030358,1.3617776014778409,0.20133481646273638,282.38944444444445,0,48
3521,6.0,0.5370264778011341,1.0740529556022682,60894.370227825784,-0.002224694104560623,1.4843604327687174,60894.370227825784,1086.0183742133158,0.42410622935716275,36.5,0.625286899325286,1.1643502232618697,0.07897664071190211,282.38944444444445,0,48
3522,7.0,1.4001662302886488,2.8003324605772977,63484.574579904685,0.13604651162790699,1.3778004140783808,63484.574579904685,2590.204352078901,0.831931380235249,42.5,2.060551712672928,1.4716479144395151,0.34418604651162793,282.38944444444445,0,48
3523,8.0,0.45816551436167396,0.9163310287233479,64619.304815901334,-0.09566184649610679,1.436894463403452,64619.304815901334,1134.7302359966488,0.3640557613678915,48.5,0.5449193356841079,1.1893503954423572,0.058954393770856504,282.38944444444445,0,48
3524,9.0,0.4357782353208214,0.8715564706416428,65474.170064564656,-0.018909899888765295,1.3804328071000072,65474.170064564656,854.8652486633218,0.34457147476818123,54.5,0.4700379921504554,1.0786174114556497,0.011123470522803115,282.38944444444445,0,48
3525,10.0,0.28871043733552343,0.5774208746710469,66039.98305047645,-0.0055617352614015575,1.46141682553203,66039.98305047645,565.812985911798,0.22153197140778208,60.5,0.36989263332217365,1.2811889889948964,0.00778642936596218,282.38944444444445,0,48
3526,11.0,0.2859101244925335,0.571820248985067,66561.22563351592,0.03337041156840934,1.4820711517112117,66561.22563351592,521.2425830394641,0.22398915008080686,66.5,0.4224778206605812,1.4776595316813068,0.010011123470522803,282.38944444444445,0,48
3527,12.0,0.49647369011994347,0.9929473802398869,67428.92316097295,0.42470588235294116,1.4559474663085095,67428.92316097295,867.6975274570286,0.40336153739614666,72.5,1.147994341196801,2.3122964298862567,0.08705882352941176,282.38944444444445,0,48
3528,13.0,0.6146120659319518,1.2292241318639037,68535.08365907826,0.20022246941045607,1.4711742006667385,68535.08365907826,1106.1604981053097,0.5010722982503191,78.5,1.8808664311954102,3.0602497664008674,0.1646273637374861,282.38944444444445,0,48
3529,14.0,1.1494103439270233,2.2988206878540467,70398.33338189467,0.22551546391752578,1.367226350543623,70398.33338189467,1863.2497228164139,0.82848015519576,84.5,3.2130293996453356,2.795371919716543,0.327319587628866,282.38944444444445,0,48
3530,15.0,0.7802286186580977,1.5604572373161953,71759.56302747561,-0.11494252873563218,1.2494923180284265,71759.56302747561,1361.229645580941,0.6515001621544289,90.5,1.9389106102700968,2.485054462120086,0.18735632183908046,282.38944444444445,0,48
3531,16.0,0.7066312463310376,1.4132624926620752,73030.36794968513,-0.045077105575326216,1.4088696910751122,73030.36794968513,1270.8049222095142,0.6112992153860253,96.5,1.4965794895150846,2.117907320523409,0.19098457888493475,282.38944444444445,0,48
3532,17.0,0.937918663420476,1.875837326840952,74717.34385484121,0.06562847608453838,1.419037711674808,74717.34385484121,1686.9759051560832,0.8114486135922736,102.5,5.303628459366177,5.654678455831644,0.2447163515016685,282.38944444444445,0,48
3533,18.0,0.7779622909931655,1.555924581986331,76116.0499113971,-0.5272525027808677,1.397659868645553,76116.0499113971,1398.7060565558932,0.834189321388534,108.5,5.8642136605043245,7.537915048578932,0.1646273637374861,282.38944444444445,0,48
3534,19.0,0.8972457224868534,1.7944914449737068,77729.2786902111,0.4916573971078977,1.2422693680609882,77729.2786902111,1613.2287788139947,0.8449319571975267,114.5,4.975974644282256,5.545832673897383,0.2335928809788654,282.38944444444445,0,48
3535,20.0,1.0417002491147391,2.0834004982294783,79604.0880058662,0.12458286985539488,1.2570522073795165,79604.0880058662,1874.809315655104,0.9750758144670186,120.5,2.9277851502000343,2.810583133380388,0.3170189098998888,282.38944444444445,0,48
3536,21.0,0.640754846954823,1.281509693909646,80758.77052956089,0.042269187986651836,1.5105720965319394,80758.77052956089,1154.6825236946897,0.627803544262548,126.5,2.5219665721613587,3.935930542151907,0.05672969966629588,282.38944444444445,0,48
3537,22.0,0.4115254449367849,0.8230508898735698,81498.86576491904,0.058954393770856504,1.6508330896212942,81498.86576491904,740.0952353581524,0.4379781045878961,132.5,4.589056624591817,11.1513314208232,0.011123470522803115,282.38944444444445,0,48
3538,23.0,0.3554108337851243,0.7108216675702486,82138.24846917592,-0.9021134593993326,1.7256005923994384,82138.24846917592,639.3827042568737,0.5404170588474794,138.5,2.3190177137614523,6.524893147076922,0.012235817575083427,282.38944444444445,0,48
3539,24.0,0.4253244669522163,0.8506489339044326,82903.44087854678,-0.04449388209121246,1.6002716275019029,82903.44087854678,765.1924093708658,0.4278783562228893,144.5,2.60822586732878,6.132320310700124,0.011123470522803115,282.38944444444445,0,48
3540,25.0,0.3499327593442943,0.6998655186885886,83533.1000020084,0.05116796440489433,1.692097724464911,83533.1000020084,629.6591234616208,0.3450816158742801,150.5,1.898728523600051,5.425981057497726,0.011123470522803115,282.38944444444445,0,48
3541,26.0,0.5277542979179954,1.0555085958359909,84483.17814882824,-0.034482758620689655,1.5501488443631575,84483.17814882824,950.0781468198402,0.48192018547457277,156.5,1.7723389516839216,3.358265311482721,0.05005561735261402,282.38944444444445,0,48
3542,27.0,0.5466172178210987,1.0932344356421975,85465.98043045457,0.054505005561735265,1.435573995786902,85465.98043045457,982.8022816263256,0.44997187856765647,162.5,1.7515172186903993,3.204284756474045,0.07452725250278086,282.38944444444445,0,48
3543,28.0,0.37954785694555254,0.7590957138911051,86148.51965684755,0.07563959955506118,1.5864661466050818,86148.51965684755,682.5392263929825,0.3732216614608956,168.5,1.9166867306647482,5.049921098460328,0.011123470522803115,282.38944444444445,0,48
3544,29.0,0.48736641529713637,0.9747328305942727,87024.92968520854,-0.10122358175750834,1.6594735745683058,87024.92968520854,876.4100283609878,0.4139871232470231,174.5,1.3102847246861933,2.688500240393754,0.06340378197997776,282.38944444444445,0,48
3545,30.0,0.4046777655966048,0.8093555311932096,87753.06634921306,-0.0055617352614015575,1.457017926613414,87753.06634921306,728.1366640045162,0.3740883246478657,180.5,1.6880763192864885,4.171408618899054,0.011123470522803115,282.38944444444445,0,48
3546,31.0,0.4211264293920386,0.8422528587840772,88513.5921912577,-0.017797552836484983,1.4269336057897228,88513.5921912577,760.525842044648,0.4676250973607703,186.5,3.3828167864113277,8.032781963589768,0.011123470522803115,282.38944444444445,0,48
3547,32.0,0.365433121418746,0.730866242837492,89171.48121265008,0.010011123470522803,1.7230096153863923,89171.48121265008,657.8890213923733,0.32591460612029627,192.5,1.3355621643107252,3.6547375867999614,0.04338153503893215,282.38944444444445,0,48
3548,33.0,0.37676037780281285,0.7535207556056257,89849.9699087431,-0.011123470522803115,1.6921653727931012,89849.9699087431,678.4886960930307,0.3290585612268204,198.5,0.9526180620455938,2.528445447477948,0.02335928809788654,282.38944444444445,0,48
3549,34.0,0.299812242678011,0.599624485356022,90389.02420696516,0.01557285873192436,1.7091783316120492,90389.02420696516,539.0542982220504,0.3104312692493735,204.5,1.7828229203207242,5.946464708699105,0.011123470522803115,282.38944444444445,0,48
3550,35.0,0.356166058376513,0.712332116753026,91029.77411576861,0.0055617352614015575,1.6697862664381062,91029.77411576861,640.7499088034529,0.35213077290852873,210.5,1.9057897403050694,5.3508460323032985,0.012235817575083427,282.38944444444445,0,48
3551,36.0,0.4589578530656276,0.9179157061312552,91855.32901238422,-0.030033370411568408,1.4251013193129118,91855.32901238422,825.5548966156057,0.41442964334085836,216.5,1.1722960716691269,2.5542564831143593,0.011123470522803115,282.38944444444445,0,48
3552,37.0,0.4857831261036939,0.9715662522073878,92729.7807058381,0.011123470522803115,1.5283923316390815,92729.7807058381,874.4516934538842,0.48206371435097856,222.5,2.142388477711266,4.410174752043482,0.011123470522803115,282.38944444444445,0,48
3553,38.0,0.26506884396075797,0.5301376879215159,93206.60189075608,0.014460511679644048,1.8298816589342934,93206.60189075608,476.8211849179788,0.26135841808999355,228.5,1.053600866100971,3.974819712334623,0.011123470522803115,282.38944444444445,0,48
3554,39.0,0.48038288968951837,0.9607657793790367,94071.91693803837,0.021134593993325918,1.876544073944151,94071.91693803837,865.315047282289,0.5598838774274016,234.5,1.9882631947941847,4.138913432323206,0.08565072302558398,282.38944444444445,0,48
3555,40.0,0.43772644720019716,0.8754528944003943,94859.03602333707,-0.03781979977753059,1.3286127335690643,94859.03602333707,787.1190852987056,0.4440093425901178,240.5,2.899319232774087,6.623587062922117,0.026696329254727477,282.38944444444445,0,48
3556,41.0,0.29663890110463165,0.5932778022092633,95392.22930218396,0.017797552836484983,1.6016820404902499,95392.22930218396,533.1932788468839,0.27919416012975473,246.5,1.154376641527828,3.891521433059286,0.013348164627363738,282.38944444444445,0,48
3557,42.0,0.44769017744717793,0.8953803548943559,96197.2617610798,0.017797552836484983,1.8229336133633154,96197.2617610798,805.0324588958465,0.41625834208997037,252.5,2.0618163523123902,4.605453628822714,0.017797552836484983,282.38944444444445,0,48
3558,43.0,0.2902482698686689,0.5804965397373378,96720.485800637,0.025583982202447165,1.7471580248734357,96720.485800637,523.2240395572007,0.33789784527765127,258.5,2.1630187929013633,7.452305551657837,0.02224694104560623,282.38944444444445,0,48
3559,44.0,0.3263644511342351,0.6527289022684702,97307.57739225724,-0.07007786429365963,1.733816519578157,97307.57739225724,587.0915916202357,0.3334653109096589,264.5,2.0087916576541534,6.155056565360817,0.011123470522803115,282.38944444444445,0,48
3560,45.0,0.2065650114344934,0.4131300228689868,97677.72398883368,-0.0033519553072625698,1.9127237854920682,97677.72398883368,370.1465965764364,0.16824940823666254,270.4977777777778,0.2462448922257824,1.192093910366192,0.0033519553072625698,282.38944444444445,0,48
3561,46.0,0.3571303265095781,0.7142606530191562,97749.96575689522,3.5,0.45720406845699135,97749.96575689522,72.24176806154719,0.17659878376249874,276.5,0.03771501135775133,0.10560573706064087,0.0,282.38944444444445,0,48
3562,47.0,0.2605803981477446,0.5211607962954892,98218.50406635382,0.013348164627363738,1.9847375890524308,98218.50406635382,468.53830945859954,0.32336661195355965,282.5,2.948245762236148,11.314150193924194,0.021134593993325918,282.38944444444445,0,48
3563,48.0,0.16506131741562693,0.33012263483125387,98515.23660506788,-0.02224694104560623,1.8258567247249635,98515.23660506788,296.73253871405905,0.22894041732877318,288.5,2.1327871257028934,12.921180801753222,0.011123470522803115,282.38944444444445,0,48
3564,49.0,0.12709915883639905,0.2541983176727981,98744.19194083597,-0.00778642936596218,1.6333843888353308,98744.19194083597,228.9553357680852,0.14596781757494723,294.5,0.7193113419389989,5.659450058712744,0.011123470522803115,282.38944444444445,0,48
3565,50.0,0.11566516217674022,0.23133032435348044,98952.28385478983,0.002224694104560623,1.5732609700716313,98952.28385478983,208.09191395386006,0.1241773916491193,300.5,0.6588795190651997,5.696438812392014,0.011123470522803115,282.38944444444445,0,48
3566,51.0,0.06048722890558863,0.12097445781117726,99061.10189475745,-0.0055617352614015575,1.7129818904888816,99061.10189475745,108.81803996762028,0.06269248675495728,306.5,0.09211719159656134,1.522919685084967,0.002224694104560623,282.38944444444445,0,48
3567,52.0,0.051706253779692006,0.10341250755938401,99154.03095052206,0.0011123470522803114,1.624396307618217,99154.03095052206,92.92905576461635,0.05285851958224002,312.5,0.0737523711770831,1.4263723589669506,0.0,282.38944444444445,0,48
3568,53.0,0.04265406075827725,0.0853081215165545,99230.72295176536,0.011123470522803115,1.6326332457823023,99230.72295176536,76.69200124329654,0.04357311319295572,318.5,0.05758067337529864,1.34994587506243,0.0,282.38944444444445,0,48
3569,54.0,0.04747209672183343,0.09494419344366686,99316.09554871192,-0.010011123470522803,1.6959584249396833,99316.09554871192,85.3725969465595,0.0506306100796941,324.5,0.06219183547083678,1.3100713843598448,0.0,282.38944444444445,0,48
3570,55.0,0.04317740669892562,0.08635481339785124,99393.74604483793,0.0,1.505475522768728,99393.74604483793,77.65049612600706,0.041772923704216716,330.5,0.05500812528810026,1.274002528027442,0.0,282.38944444444445,0,48
3571,56.0,0.07191165965378037,0.14382331930756073,99523.14857802658,0.0011123470522803114,1.4955275138223632,99523.14857802658,129.40253318865143,0.0758455181079783,336.5,0.17047223852370003,2.3705785590882043,0.0,282.38944444444445,0,48
3572,57.0,0.03928558833907199,0.07857117667814398,99593.84902271086,-0.004449388209121246,1.5568657501814118,99593.84902271086,70.70044468427659,0.039511995571098836,342.5,0.05517695968551888,1.4045089310942538,0.0,282.38944444444445,0,48
3573,58.0,0.03938053660550207,0.07876107321100415,99664.65522752766,0.002224694104560623,1.475975786044062,99664.65522752766,70.80620481680671,0.041782869795579346,348.5,0.07318635560687245,1.8584397754663196,0.0,282.38944444444445,0,48
3574,59.0,0.046271751633547784,0.09254350326709557,99747.42465671428,0.03355704697986577,1.6348709151927243,99747.42465671428,82.76942918662098,0.04807023941834135,354.4972222222222,0.0660017462700706,1.4263939431724095,0.0,282.38944444444445,0,48
